ue_id,cell_id,rsrp,sinr,failure_type
UE10618,XYZ401,-118,22,WRONG_CELL
UE10762,XYZ407,-123,15,WRONG_CELL
UE10935,XYZ405,-101,6,SUCCESS
UE10220,XYZ401,-121,-4,WRONG_CELL
UE10378,XYZ404,-86,-3,SUCCESS
UE10221,XYZ404,-107,20,SUCCESS
UE10257,XYZ410,-108,1,SUCCESS
UE10712,XYZ407,-76,20,TOO_EARLY_HO
UE10366,XYZ409,-95,8,SUCCESS
UE10769,XYZ402,-93,-1,SUCCESS
UE10348,XYZ401,-79,1,SUCCESS
UE10224,XYZ402,-108,9,SUCCESS
UE10713,XYZ407,-87,-4,SUCCESS
UE10737,XYZ410,-110,3,SUCCESS
UE10235,XYZ406,-110,0,TOO_LATE_HO
UE10182,XYZ404,-79,-4,PREP_FAILURE
UE10711,XYZ401,-88,18,PING_PONG
UE10868,XYZ401,-85,-1,SUCCESS
UE10757,XYZ405,-119,18,PING_PONG
UE10443,XYZ401,-112,-2,PREP_FAILURE
UE10864,XYZ407,-83,-1,PREP_FAILURE
UE10622,XYZ401,-78,8,SUCCESS
UE10005,XYZ401,-101,20,SUCCESS
UE10235,XYZ402,-94,6,TOO_LATE_HO
UE10126,XYZ410,-88,-2,SUCCESS
UE10103,XYZ403,-104,22,SUCCESS
UE10748,XYZ401,-110,23,PING_PONG
UE10914,XYZ409,-97,13,SUCCESS
UE10479,XYZ410,-110,-2,SUCCESS
UE10154,XYZ408,-114,-4,SUCCESS
UE10256,XYZ405,-109,5,PING_PONG
UE10234,XYZ402,-89,8,SUCCESS
UE10499,XYZ405,-99,-5,SUCCESS
UE10288,XYZ406,-101,0,SUCCESS
UE10509,XYZ401,-113,1,SUCCESS
UE10551,XYZ404,-118,2,WRONG_CELL
UE10799,XYZ409,-121,1,PING_PONG
UE10708,XYZ402,-114,10,PING_PONG
UE10784,XYZ405,-85,-1,SUCCESS
UE10893,XYZ401,-123,9,WRONG_CELL
UE10775,XYZ404,-91,17,TOO_EARLY_HO
UE10568,XYZ404,-93,13,TOO_EARLY_HO
UE10297,XYZ406,-104,-6,SUCCESS
UE10609,XYZ410,-76,1,PING_PONG
UE10136,XYZ409,-82,24,PREP_FAILURE
UE10375,XYZ403,-117,-9,WRONG_CELL
UE10086,XYZ409,-85,-2,SUCCESS
UE10418,XYZ406,-108,11,SUCCESS
UE10753,XYZ407,-76,-6,SUCCESS
UE10198,XYZ410,-97,1,SUCCESS
UE10462,XYZ402,-87,-10,XN_FAILURE
UE10436,XYZ410,-99,11,PING_PONG
UE10309,XYZ406,-90,8,SUCCESS
UE10595,XYZ406,-81,5,XN_FAILURE
UE10753,XYZ402,-109,20,SUCCESS
UE10280,XYZ402,-92,-8,SUCCESS
UE10322,XYZ402,-80,12,SUCCESS
UE10763,XYZ410,-123,7,WRONG_CELL
UE10701,XYZ401,-121,15,PING_PONG
UE10950,XYZ405,-112,2,SUCCESS
UE10941,XYZ408,-123,7,WRONG_CELL
UE10151,XYZ402,-103,-8,SUCCESS
UE10993,XYZ405,-87,12,SUCCESS
UE10301,XYZ408,-96,-8,SUCCESS
UE10277,XYZ410,-76,14,TOO_EARLY_HO
UE10650,XYZ405,-81,16,TOO_EARLY_HO
UE10687,XYZ402,-103,16,SUCCESS
UE10007,XYZ403,-99,14,SUCCESS
UE10806,XYZ406,-116,13,WRONG_CELL
UE10234,XYZ405,-101,-3,SUCCESS
UE10674,XYZ404,-113,-2,SUCCESS
UE10560,XYZ404,-110,19,PING_PONG
UE10301,XYZ405,-85,8,SUCCESS
UE10037,XYZ402,-92,5,SUCCESS
UE10135,XYZ409,-89,13,TOO_EARLY_HO
UE10821,XYZ402,-104,10,SUCCESS
UE10420,XYZ410,-109,-5,SUCCESS
UE10218,XYZ402,-103,-6,SUCCESS
UE10347,XYZ410,-90,3,SUCCESS
UE10807,XYZ409,-77,-7,SUCCESS
UE10545,XYZ403,-117,-3,WRONG_CELL
UE10863,XYZ410,-124,13,WRONG_CELL
UE10078,XYZ407,-94,0,SUCCESS
UE10747,XYZ404,-76,6,SUCCESS
UE10894,XYZ406,-104,10,SUCCESS
UE10272,XYZ404,-83,15,TOO_EARLY_HO
UE10160,XYZ410,-113,16,SUCCESS
UE10686,XYZ407,-118,5,WRONG_CELL
UE10877,XYZ401,-125,15,WRONG_CELL
UE10307,XYZ403,-109,22,SUCCESS
UE10373,XYZ403,-114,20,PREP_FAILURE
UE10975,XYZ401,-122,-5,WRONG_CELL
UE10732,XYZ406,-113,-3,SUCCESS
UE10008,XYZ409,-95,-4,SUCCESS
UE10800,XYZ408,-85,23,TOO_EARLY_HO
UE10443,XYZ407,-119,3,WRONG_CELL
UE10112,XYZ410,-103,5,SUCCESS
UE10988,XYZ408,-102,-2,SUCCESS
UE10204,XYZ406,-121,-1,WRONG_CELL
UE10404,XYZ409,-121,6,WRONG_CELL
UE10697,XYZ403,-109,1,SUCCESS
UE10852,XYZ410,-96,-5,SUCCESS
UE10196,XYZ410,-117,8,WRONG_CELL
UE10777,XYZ409,-120,18,WRONG_CELL
UE10773,XYZ404,-101,-5,SUCCESS
UE10759,XYZ407,-107,14,SUCCESS
UE10114,XYZ409,-110,13,SUCCESS
UE10120,XYZ402,-105,14,PING_PONG
UE10652,XYZ402,-124,5,WRONG_CELL
UE10064,XYZ409,-116,5,WRONG_CELL
UE10275,XYZ403,-110,-5,PREP_FAILURE
UE10824,XYZ409,-89,10,SUCCESS
UE10238,XYZ405,-111,-7,SUCCESS
UE10301,XYZ406,-113,23,PREP_FAILURE
UE10391,XYZ402,-113,17,SUCCESS
UE10521,XYZ408,-94,17,TOO_EARLY_HO
UE10968,XYZ409,-81,6,SUCCESS
UE10368,XYZ402,-79,3,SUCCESS
UE10232,XYZ406,-80,-4,SUCCESS
UE10194,XYZ406,-118,11,WRONG_CELL
UE10906,XYZ408,-83,-10,PING_PONG
UE10011,XYZ410,-108,18,PING_PONG
UE10905,XYZ405,-90,20,XN_FAILURE
UE10920,XYZ409,-100,19,PREP_FAILURE
UE10688,XYZ401,-116,4,PING_PONG
UE10176,XYZ409,-95,7,SUCCESS
UE10216,XYZ410,-93,24,TOO_EARLY_HO
UE10010,XYZ407,-97,19,SUCCESS
UE10445,XYZ404,-121,23,PREP_FAILURE
UE10629,XYZ403,-113,0,SUCCESS
UE10163,XYZ410,-125,16,WRONG_CELL
UE10550,XYZ406,-103,13,SUCCESS
UE10052,XYZ401,-86,24,TOO_EARLY_HO
UE10217,XYZ403,-123,-3,WRONG_CELL
UE10717,XYZ402,-123,7,WRONG_CELL
UE10998,XYZ409,-119,2,WRONG_CELL
UE10823,XYZ403,-90,13,TOO_EARLY_HO
UE10359,XYZ402,-91,12,SUCCESS
UE10384,XYZ404,-111,1,SUCCESS
UE10055,XYZ402,-86,19,TOO_EARLY_HO
UE10117,XYZ401,-123,20,WRONG_CELL
UE10899,XYZ406,-97,17,SUCCESS
UE10252,XYZ410,-96,11,PREP_FAILURE
UE10797,XYZ408,-87,17,TOO_EARLY_HO
UE10779,XYZ410,-108,2,SUCCESS
UE10802,XYZ410,-115,14,SUCCESS
UE10844,XYZ402,-83,-4,SUCCESS
UE10179,XYZ409,-77,-5,XN_FAILURE
UE10414,XYZ403,-88,13,TOO_EARLY_HO
UE10869,XYZ408,-86,8,SUCCESS
UE10234,XYZ408,-125,8,WRONG_CELL
UE10854,XYZ403,-97,-2,PING_PONG
UE10707,XYZ403,-116,18,WRONG_CELL
UE10819,XYZ406,-98,13,SUCCESS
UE10079,XYZ401,-95,-6,SUCCESS
UE10646,XYZ404,-107,15,PREP_FAILURE
UE10021,XYZ401,-123,3,WRONG_CELL
UE10476,XYZ403,-90,18,TOO_EARLY_HO
UE10842,XYZ409,-83,-5,SUCCESS
UE10439,XYZ405,-111,-4,SUCCESS
UE10736,XYZ405,-93,7,SUCCESS
UE10569,XYZ404,-85,12,SUCCESS
UE10092,XYZ403,-83,-10,SUCCESS
UE10191,XYZ405,-81,-7,TOO_LATE_HO
UE10102,XYZ404,-100,24,SUCCESS
UE10395,XYZ408,-110,12,SUCCESS
UE10006,XYZ404,-90,16,TOO_EARLY_HO
UE10639,XYZ408,-93,15,TOO_EARLY_HO
UE10566,XYZ406,-106,-3,PREP_FAILURE
UE10230,XYZ405,-113,5,SUCCESS
UE10873,XYZ404,-93,-8,SUCCESS
UE10573,XYZ404,-121,21,TOO_LATE_HO
UE10239,XYZ404,-89,-6,SUCCESS
UE10089,XYZ409,-112,9,XN_FAILURE
UE10231,XYZ404,-99,3,SUCCESS
UE10456,XYZ409,-103,21,XN_FAILURE
UE10232,XYZ410,-112,15,SUCCESS
UE10353,XYZ406,-86,-5,SUCCESS
UE10332,XYZ410,-122,-6,XN_FAILURE
UE10438,XYZ407,-87,2,SUCCESS
UE10374,XYZ410,-107,21,SUCCESS
UE10291,XYZ403,-79,5,SUCCESS
UE10344,XYZ408,-122,-10,PREP_FAILURE
UE10663,XYZ403,-96,2,SUCCESS
UE10427,XYZ401,-107,0,XN_FAILURE
UE10656,XYZ410,-95,-3,SUCCESS
UE10129,XYZ405,-95,14,SUCCESS
UE10140,XYZ402,-117,21,PREP_FAILURE
UE10414,XYZ410,-113,13,SUCCESS
UE10092,XYZ406,-112,17,SUCCESS
UE10625,XYZ410,-80,3,SUCCESS
UE10283,XYZ409,-116,-8,WRONG_CELL
UE10955,XYZ401,-78,16,TOO_EARLY_HO
UE10922,XYZ404,-95,9,PREP_FAILURE
UE10654,XYZ401,-89,4,SUCCESS
UE10222,XYZ401,-103,16,SUCCESS
UE10743,XYZ408,-99,17,SUCCESS
UE10462,XYZ402,-120,14,WRONG_CELL
UE10544,XYZ401,-100,22,SUCCESS
UE10275,XYZ408,-124,3,XN_FAILURE
UE10681,XYZ404,-81,-3,SUCCESS
UE10139,XYZ403,-113,3,SUCCESS
UE10356,XYZ404,-76,-10,SUCCESS
UE10712,XYZ405,-107,5,SUCCESS
UE10022,XYZ401,-125,7,XN_FAILURE
UE10967,XYZ401,-86,-4,SUCCESS
UE10735,XYZ403,-94,4,SUCCESS
UE10879,XYZ406,-104,13,SUCCESS
UE10269,XYZ401,-78,2,SUCCESS
UE10858,XYZ402,-97,-2,SUCCESS
UE10664,XYZ407,-124,4,WRONG_CELL
UE10332,XYZ401,-86,24,XN_FAILURE
UE10084,XYZ407,-88,13,PING_PONG
UE10620,XYZ404,-78,22,TOO_EARLY_HO
UE10030,XYZ410,-115,5,SUCCESS
UE10740,XYZ406,-109,-3,SUCCESS
UE10239,XYZ408,-83,18,PING_PONG
UE10889,XYZ409,-118,12,TOO_LATE_HO
UE10362,XYZ406,-104,20,SUCCESS
UE10821,XYZ409,-122,3,WRONG_CELL
UE10388,XYZ404,-115,19,SUCCESS
UE10652,XYZ406,-118,16,WRONG_CELL
UE10667,XYZ408,-117,5,WRONG_CELL
UE10298,XYZ409,-100,-5,SUCCESS
UE10856,XYZ403,-124,22,WRONG_CELL
UE10370,XYZ402,-110,7,SUCCESS
UE10098,XYZ406,-95,5,SUCCESS
UE10046,XYZ404,-120,1,WRONG_CELL
UE10998,XYZ401,-105,9,SUCCESS
UE10838,XYZ408,-100,18,SUCCESS
UE10421,XYZ409,-107,19,SUCCESS
UE10479,XYZ409,-98,15,SUCCESS
UE10578,XYZ402,-118,11,WRONG_CELL
UE10061,XYZ409,-112,22,SUCCESS
UE10108,XYZ407,-102,18,SUCCESS
UE10678,XYZ405,-78,11,SUCCESS
UE10548,XYZ407,-82,2,SUCCESS
UE10118,XYZ409,-89,-2,SUCCESS
UE10597,XYZ408,-100,13,SUCCESS
UE10381,XYZ406,-95,4,SUCCESS
UE10391,XYZ404,-94,2,SUCCESS
UE10976,XYZ401,-76,16,TOO_EARLY_HO
UE10051,XYZ406,-85,-4,SUCCESS
UE10602,XYZ403,-124,-3,WRONG_CELL
UE10288,XYZ406,-101,3,SUCCESS
UE10336,XYZ406,-82,1,SUCCESS
UE10809,XYZ404,-124,6,PING_PONG
UE10203,XYZ402,-84,18,TOO_EARLY_HO
UE10879,XYZ409,-125,16,WRONG_CELL
UE10237,XYZ402,-90,-10,SUCCESS
UE10381,XYZ403,-114,23,PING_PONG
UE10666,XYZ410,-117,-7,WRONG_CELL
UE10751,XYZ401,-90,13,TOO_EARLY_HO
UE10135,XYZ407,-85,10,PREP_FAILURE
UE10406,XYZ401,-98,22,SUCCESS
UE10507,XYZ409,-88,-4,PREP_FAILURE
UE10361,XYZ401,-93,-10,PREP_FAILURE
UE10380,XYZ405,-84,-8,SUCCESS
UE10880,XYZ407,-80,4,SUCCESS
UE10575,XYZ403,-104,20,SUCCESS
UE10634,XYZ409,-101,5,SUCCESS
UE10253,XYZ408,-108,-1,SUCCESS
UE10476,XYZ403,-120,18,WRONG_CELL
UE10113,XYZ405,-108,-5,SUCCESS
UE10019,XYZ407,-110,18,SUCCESS
UE10527,XYZ404,-111,6,SUCCESS
UE10144,XYZ405,-78,11,SUCCESS
UE10207,XYZ403,-118,13,WRONG_CELL
UE10530,XYZ409,-113,6,SUCCESS
UE10375,XYZ410,-83,10,SUCCESS
UE10503,XYZ409,-119,0,WRONG_CELL
UE10903,XYZ407,-109,-4,SUCCESS
UE10165,XYZ410,-76,-6,TOO_LATE_HO
UE10549,XYZ402,-94,10,SUCCESS
UE10180,XYZ407,-104,7,SUCCESS
UE10860,XYZ407,-113,24,SUCCESS
UE10616,XYZ405,-79,9,SUCCESS
UE10611,XYZ409,-103,4,SUCCESS
UE10601,XYZ403,-97,-6,SUCCESS
UE10926,XYZ404,-104,2,SUCCESS
UE10811,XYZ401,-125,1,XN_FAILURE
UE10443,XYZ406,-97,10,SUCCESS
UE10331,XYZ404,-78,-5,SUCCESS
UE10502,XYZ401,-121,-4,XN_FAILURE
UE10912,XYZ402,-91,15,TOO_EARLY_HO
UE10078,XYZ403,-116,-3,WRONG_CELL
UE10584,XYZ409,-107,-2,SUCCESS
UE10934,XYZ408,-89,16,TOO_EARLY_HO
UE10937,XYZ407,-119,-7,WRONG_CELL
UE10687,XYZ404,-80,10,SUCCESS
UE10395,XYZ401,-91,20,PREP_FAILURE
UE10607,XYZ408,-81,10,TOO_LATE_HO
UE10856,XYZ404,-113,14,PING_PONG
UE10102,XYZ403,-116,4,PING_PONG
UE10401,XYZ409,-124,24,WRONG_CELL
UE10974,XYZ410,-120,17,WRONG_CELL
UE10223,XYZ404,-118,3,WRONG_CELL
UE10517,XYZ404,-90,-7,SUCCESS
UE10633,XYZ409,-101,9,XN_FAILURE
UE10235,XYZ402,-82,23,TOO_EARLY_HO
UE10426,XYZ405,-79,1,PING_PONG
UE10115,XYZ404,-86,22,PREP_FAILURE
UE10162,XYZ409,-119,13,TOO_LATE_HO
UE10225,XYZ405,-80,9,XN_FAILURE
UE10229,XYZ409,-103,-6,SUCCESS
UE10181,XYZ409,-107,19,SUCCESS
UE10248,XYZ402,-80,13,TOO_EARLY_HO
UE10317,XYZ409,-104,-4,SUCCESS
UE10964,XYZ403,-113,5,SUCCESS
UE10209,XYZ404,-105,4,PREP_FAILURE
UE10655,XYZ401,-125,12,XN_FAILURE
UE10391,XYZ401,-107,1,SUCCESS
UE10856,XYZ401,-93,18,TOO_EARLY_HO
UE10095,XYZ409,-122,4,WRONG_CELL
UE10893,XYZ408,-84,18,TOO_EARLY_HO
UE10857,XYZ405,-123,10,WRONG_CELL
UE10755,XYZ405,-99,4,SUCCESS
UE10085,XYZ409,-85,3,SUCCESS
UE10414,XYZ403,-91,5,SUCCESS
UE10393,XYZ403,-98,4,SUCCESS
UE10695,XYZ407,-120,-7,WRONG_CELL
UE10632,XYZ409,-120,16,WRONG_CELL
UE10843,XYZ406,-82,12,SUCCESS
UE10500,XYZ402,-103,18,SUCCESS
UE10603,XYZ401,-93,-2,TOO_LATE_HO
UE10581,XYZ402,-110,-4,SUCCESS
UE10915,XYZ401,-102,-7,SUCCESS
UE10132,XYZ410,-121,-6,WRONG_CELL
UE10790,XYZ410,-85,-6,SUCCESS
UE10648,XYZ409,-84,0,PING_PONG
UE10313,XYZ410,-113,17,SUCCESS
UE10698,XYZ408,-79,5,SUCCESS
UE10220,XYZ407,-114,19,SUCCESS
UE10975,XYZ403,-121,-7,WRONG_CELL
UE10437,XYZ408,-89,-9,SUCCESS
UE10045,XYZ402,-95,-8,SUCCESS
UE10789,XYZ402,-98,10,SUCCESS
UE10191,XYZ410,-98,-5,SUCCESS
UE10519,XYZ403,-96,7,SUCCESS
UE10378,XYZ407,-108,-6,SUCCESS
UE10787,XYZ401,-82,-2,SUCCESS
UE10690,XYZ408,-99,9,SUCCESS
UE10333,XYZ407,-91,17,TOO_EARLY_HO
UE10038,XYZ404,-100,15,SUCCESS
UE10292,XYZ405,-87,7,SUCCESS
UE10689,XYZ410,-77,8,SUCCESS
UE10161,XYZ401,-108,-8,SUCCESS
UE10330,XYZ404,-93,-2,SUCCESS
UE10885,XYZ401,-101,20,PING_PONG
UE10103,XYZ401,-95,6,SUCCESS
UE10160,XYZ410,-89,12,SUCCESS
UE10798,XYZ401,-124,23,WRONG_CELL
UE10634,XYZ407,-93,-6,XN_FAILURE
UE10053,XYZ407,-87,4,SUCCESS
UE10939,XYZ404,-83,-8,TOO_LATE_HO
UE10033,XYZ402,-83,8,PING_PONG
UE10241,XYZ403,-94,17,TOO_EARLY_HO
UE10966,XYZ408,-108,-8,PING_PONG
UE10889,XYZ408,-109,-7,SUCCESS
UE10112,XYZ406,-92,13,PREP_FAILURE
UE10317,XYZ410,-87,20,TOO_EARLY_HO
UE10022,XYZ409,-119,0,WRONG_CELL
UE10557,XYZ409,-84,-10,SUCCESS
UE10823,XYZ404,-91,-2,SUCCESS
UE10646,XYZ401,-96,6,SUCCESS
UE10117,XYZ401,-114,-10,SUCCESS
UE10984,XYZ410,-91,-8,SUCCESS
UE10700,XYZ405,-115,15,SUCCESS
UE10642,XYZ402,-82,20,TOO_EARLY_HO
UE10933,XYZ406,-122,15,WRONG_CELL
UE10211,XYZ407,-101,12,SUCCESS
UE10417,XYZ401,-78,19,TOO_EARLY_HO
UE10112,XYZ406,-94,-1,SUCCESS
UE10043,XYZ408,-106,-3,SUCCESS
UE10127,XYZ405,-76,14,TOO_EARLY_HO
UE10875,XYZ407,-95,11,TOO_LATE_HO
UE10157,XYZ410,-122,4,WRONG_CELL
UE10784,XYZ406,-88,-1,PING_PONG
UE10826,XYZ404,-79,9,SUCCESS
UE10393,XYZ407,-125,12,WRONG_CELL
UE10866,XYZ410,-123,-10,WRONG_CELL
UE10851,XYZ409,-89,-9,PREP_FAILURE
UE10511,XYZ410,-104,8,SUCCESS
UE10913,XYZ410,-109,3,SUCCESS
UE10044,XYZ407,-112,-3,SUCCESS
UE10107,XYZ405,-85,1,SUCCESS
UE10218,XYZ407,-91,15,PREP_FAILURE
UE10442,XYZ403,-113,16,SUCCESS
UE10829,XYZ402,-91,18,TOO_EARLY_HO
UE10314,XYZ405,-83,4,SUCCESS
UE10176,XYZ404,-124,-10,WRONG_CELL
UE10227,XYZ405,-79,17,TOO_EARLY_HO
UE10702,XYZ408,-113,-8,SUCCESS
UE10982,XYZ404,-110,7,XN_FAILURE
UE10671,XYZ409,-108,23,SUCCESS
UE10905,XYZ407,-119,21,PREP_FAILURE
UE10266,XYZ410,-81,18,TOO_EARLY_HO
UE10869,XYZ407,-90,14,TOO_EARLY_HO
UE10837,XYZ408,-85,15,TOO_EARLY_HO
UE10378,XYZ406,-96,-3,SUCCESS
UE10488,XYZ408,-84,8,SUCCESS
UE10701,XYZ403,-85,11,SUCCESS
UE10686,XYZ410,-119,18,WRONG_CELL
UE10289,XYZ410,-111,22,SUCCESS
UE10995,XYZ401,-86,24,TOO_EARLY_HO
UE10356,XYZ406,-107,-8,SUCCESS
UE10656,XYZ401,-83,8,SUCCESS
UE10743,XYZ409,-89,-1,SUCCESS
UE10871,XYZ402,-124,16,WRONG_CELL
UE10949,XYZ402,-84,4,SUCCESS
UE10203,XYZ407,-78,0,PING_PONG
UE10212,XYZ402,-113,15,PREP_FAILURE
UE10551,XYZ410,-86,13,TOO_EARLY_HO
UE10786,XYZ408,-85,2,SUCCESS
UE10322,XYZ406,-83,21,TOO_EARLY_HO
UE10593,XYZ407,-83,-7,SUCCESS
UE10180,XYZ407,-95,2,SUCCESS
UE10498,XYZ406,-110,-2,SUCCESS
UE10319,XYZ410,-84,23,TOO_EARLY_HO
UE10082,XYZ409,-82,-4,SUCCESS
UE10302,XYZ409,-120,-10,WRONG_CELL
UE10261,XYZ407,-98,1,SUCCESS
UE10783,XYZ409,-94,10,SUCCESS
UE10199,XYZ410,-82,0,SUCCESS
UE10239,XYZ403,-116,3,WRONG_CELL
UE10913,XYZ403,-76,23,TOO_EARLY_HO
UE10691,XYZ401,-108,23,SUCCESS
UE10943,XYZ405,-122,14,WRONG_CELL
UE10682,XYZ404,-117,-7,WRONG_CELL
UE10294,XYZ402,-119,15,WRONG_CELL
UE10511,XYZ409,-76,5,SUCCESS
UE10688,XYZ403,-118,-1,WRONG_CELL
UE10880,XYZ408,-83,-9,PREP_FAILURE
UE10395,XYZ406,-119,24,WRONG_CELL
UE10748,XYZ405,-85,8,SUCCESS
UE10137,XYZ401,-86,-5,SUCCESS
UE10838,XYZ404,-123,8,WRONG_CELL
UE10877,XYZ403,-109,-3,SUCCESS
UE10822,XYZ401,-124,3,PING_PONG
UE10128,XYZ405,-111,-1,SUCCESS
UE10048,XYZ406,-80,-8,TOO_LATE_HO
UE10675,XYZ402,-97,18,XN_FAILURE
UE10788,XYZ403,-76,4,SUCCESS
UE10292,XYZ406,-78,12,PING_PONG
UE10627,XYZ404,-104,12,SUCCESS
UE10535,XYZ409,-122,7,WRONG_CELL
UE10310,XYZ405,-120,8,WRONG_CELL
UE10536,XYZ404,-88,17,TOO_EARLY_HO
UE10902,XYZ402,-100,15,SUCCESS
UE10638,XYZ406,-115,-1,SUCCESS
UE10233,XYZ410,-100,-7,SUCCESS
UE10208,XYZ402,-109,-9,SUCCESS
UE10604,XYZ407,-102,-8,SUCCESS
UE10093,XYZ403,-98,-4,XN_FAILURE
UE10326,XYZ409,-91,5,SUCCESS
UE10224,XYZ405,-95,20,SUCCESS
UE10966,XYZ408,-113,-1,SUCCESS
UE10889,XYZ406,-91,8,SUCCESS
UE10791,XYZ410,-110,17,SUCCESS
UE10010,XYZ408,-111,6,SUCCESS
UE10328,XYZ403,-83,17,TOO_EARLY_HO
UE10011,XYZ403,-108,8,SUCCESS
UE10034,XYZ405,-79,12,PING_PONG
UE10446,XYZ410,-89,9,SUCCESS
UE10451,XYZ403,-78,2,SUCCESS
UE10739,XYZ408,-78,2,SUCCESS
UE10219,XYZ410,-77,0,SUCCESS
UE10440,XYZ408,-85,4,SUCCESS
UE10652,XYZ402,-99,6,SUCCESS
UE10534,XYZ404,-91,17,TOO_EARLY_HO
UE10594,XYZ410,-81,8,SUCCESS
UE10228,XYZ401,-91,-7,SUCCESS
UE10934,XYZ404,-98,11,SUCCESS
UE10343,XYZ404,-87,11,SUCCESS
UE10079,XYZ410,-88,23,TOO_EARLY_HO
UE10352,XYZ409,-117,22,SUCCESS
UE10395,XYZ403,-114,22,SUCCESS
UE10289,XYZ402,-111,1,SUCCESS
UE10454,XYZ409,-105,-9,SUCCESS
UE10842,XYZ409,-91,17,TOO_EARLY_HO
UE10670,XYZ401,-84,-1,SUCCESS
UE10988,XYZ406,-93,11,SUCCESS
UE10127,XYZ410,-107,6,PING_PONG
UE10701,XYZ408,-103,15,SUCCESS
UE10908,XYZ403,-113,-8,SUCCESS
UE10542,XYZ409,-82,-4,PREP_FAILURE
UE10897,XYZ402,-125,-3,SUCCESS
UE10358,XYZ406,-97,9,SUCCESS
UE10526,XYZ401,-102,1,SUCCESS
UE10312,XYZ407,-110,24,SUCCESS
UE10074,XYZ403,-101,6,SUCCESS
UE10545,XYZ407,-103,17,SUCCESS
UE10870,XYZ404,-98,-1,SUCCESS
UE10195,XYZ409,-79,11,SUCCESS
UE10842,XYZ405,-110,22,SUCCESS
UE10028,XYZ403,-83,11,SUCCESS
UE10705,XYZ408,-88,2,SUCCESS
UE10015,XYZ406,-115,16,SUCCESS
UE10422,XYZ402,-123,4,SUCCESS
UE10588,XYZ403,-111,11,SUCCESS
UE10804,XYZ408,-125,19,SUCCESS
UE10592,XYZ410,-119,23,SUCCESS
UE10404,XYZ407,-125,23,PING_PONG
UE10939,XYZ410,-77,24,TOO_EARLY_HO
UE10635,XYZ406,-94,8,SUCCESS
UE10530,XYZ401,-117,-3,SUCCESS
UE10966,XYZ409,-97,22,SUCCESS
UE10613,XYZ403,-100,17,SUCCESS
UE10903,XYZ405,-103,14,SUCCESS
UE10076,XYZ407,-81,6,PREP_FAILURE
UE10228,XYZ407,-83,13,TOO_EARLY_HO
UE10961,XYZ403,-97,10,SUCCESS
UE10296,XYZ404,-88,-9,SUCCESS
UE10509,XYZ410,-93,20,TOO_EARLY_HO
UE10714,XYZ407,-119,22,SUCCESS
UE10983,XYZ408,-114,19,PREP_FAILURE
UE10965,XYZ402,-95,1,TOO_LATE_HO
UE10572,XYZ409,-94,1,SUCCESS
UE10537,XYZ407,-106,13,SUCCESS
UE10582,XYZ408,-109,13,PREP_FAILURE
UE10614,XYZ406,-90,0,SUCCESS
UE10978,XYZ406,-123,2,SUCCESS
UE10325,XYZ409,-125,16,SUCCESS
UE10362,XYZ404,-76,-3,SUCCESS
UE10668,XYZ405,-99,-1,SUCCESS
UE10874,XYZ409,-79,-3,PREP_FAILURE
UE10358,XYZ401,-86,9,SUCCESS
UE10705,XYZ404,-93,-3,SUCCESS
UE10786,XYZ407,-106,-2,SUCCESS
UE10323,XYZ409,-112,-4,PREP_FAILURE
UE10697,XYZ410,-90,3,SUCCESS
UE10325,XYZ406,-121,17,SUCCESS
UE10624,XYZ408,-103,-9,SUCCESS
UE10824,XYZ409,-81,-3,SUCCESS
UE10164,XYZ410,-111,2,SUCCESS
UE10572,XYZ404,-120,10,SUCCESS
UE10603,XYZ401,-93,17,TOO_EARLY_HO
UE10797,XYZ408,-107,24,XN_FAILURE
UE10454,XYZ402,-113,12,SUCCESS
UE10968,XYZ401,-97,4,SUCCESS
UE10152,XYZ407,-120,-9,SUCCESS
UE10736,XYZ410,-111,1,SUCCESS
UE10126,XYZ409,-110,-8,SUCCESS
UE10192,XYZ409,-102,-6,SUCCESS
UE10626,XYZ403,-103,-8,SUCCESS
UE10773,XYZ406,-78,8,SUCCESS
UE10529,XYZ407,-116,-9,SUCCESS
UE10009,XYZ410,-85,6,SUCCESS
UE10091,XYZ409,-85,3,SUCCESS
UE10138,XYZ402,-77,17,TOO_EARLY_HO
UE10480,XYZ408,-109,16,SUCCESS
UE10448,XYZ407,-77,-1,TOO_LATE_HO
UE10332,XYZ404,-82,-8,PREP_FAILURE
UE10868,XYZ402,-81,14,TOO_EARLY_HO
UE10339,XYZ408,-96,11,SUCCESS
UE10960,XYZ405,-82,19,TOO_EARLY_HO
UE10051,XYZ406,-80,10,SUCCESS
UE10706,XYZ407,-116,19,SUCCESS
UE10465,XYZ410,-107,17,SUCCESS
UE10717,XYZ401,-97,20,SUCCESS
UE10798,XYZ408,-124,15,SUCCESS
UE10474,XYZ404,-90,11,SUCCESS
UE10400,XYZ409,-107,10,SUCCESS
UE10438,XYZ401,-119,-10,SUCCESS
UE10877,XYZ402,-100,2,SUCCESS
UE10604,XYZ406,-111,10,SUCCESS
UE10931,XYZ410,-79,-2,SUCCESS
UE10996,XYZ401,-88,6,SUCCESS
UE10921,XYZ404,-123,10,XN_FAILURE
UE10820,XYZ408,-88,20,TOO_EARLY_HO
UE10656,XYZ410,-110,11,SUCCESS
UE10597,XYZ405,-124,1,SUCCESS
UE10508,XYZ409,-95,-5,SUCCESS
UE10152,XYZ406,-98,5,SUCCESS
UE10513,XYZ401,-119,15,SUCCESS
UE10502,XYZ406,-96,-6,PING_PONG
UE10853,XYZ406,-83,-2,SUCCESS
UE10900,XYZ406,-119,3,SUCCESS
UE10771,XYZ408,-90,19,TOO_EARLY_HO
UE10675,XYZ406,-97,15,SUCCESS
UE10005,XYZ405,-102,18,SUCCESS
UE10499,XYZ402,-87,8,SUCCESS
UE10660,XYZ404,-122,-3,SUCCESS
UE10716,XYZ410,-97,12,TOO_LATE_HO
UE10117,XYZ405,-82,24,TOO_EARLY_HO
UE10484,XYZ410,-121,20,SUCCESS
UE10600,XYZ404,-97,24,PING_PONG
UE10665,XYZ402,-96,21,SUCCESS
UE10950,XYZ407,-97,-6,TOO_LATE_HO
UE10678,XYZ410,-100,5,PING_PONG
UE10467,XYZ410,-107,6,N2_FAILURE
UE10160,XYZ402,-100,21,SUCCESS
UE10269,XYZ401,-89,21,TOO_EARLY_HO
UE10055,XYZ405,-99,9,SUCCESS
UE10227,XYZ401,-96,-9,TOO_LATE_HO
UE10848,XYZ401,-96,9,SUCCESS
UE10148,XYZ401,-123,7,SUCCESS
UE10045,XYZ406,-83,-10,SUCCESS
UE10143,XYZ409,-119,18,SUCCESS
UE10749,XYZ410,-77,18,TOO_EARLY_HO
UE10783,XYZ401,-117,8,SUCCESS
UE10631,XYZ405,-85,-5,SUCCESS
UE10339,XYZ409,-84,-3,SUCCESS
UE10412,XYZ409,-113,13,TOO_LATE_HO
UE10731,XYZ401,-111,9,SUCCESS
UE10519,XYZ408,-121,3,SUCCESS
UE10343,XYZ401,-97,-6,SUCCESS
UE10386,XYZ408,-91,23,TOO_EARLY_HO
UE10472,XYZ401,-99,5,SUCCESS
UE10274,XYZ405,-99,-4,PING_PONG
UE10352,XYZ408,-118,5,SUCCESS
UE10065,XYZ406,-94,-4,SUCCESS
UE10078,XYZ409,-106,16,SUCCESS
UE10597,XYZ401,-116,3,SUCCESS
UE10635,XYZ409,-113,3,SUCCESS
UE10201,XYZ401,-97,22,SUCCESS
UE10977,XYZ410,-91,22,TOO_EARLY_HO
UE10661,XYZ410,-118,9,SUCCESS
UE10557,XYZ403,-97,-4,SUCCESS
UE10112,XYZ401,-95,21,SUCCESS
UE10090,XYZ403,-85,-8,SUCCESS
UE10140,XYZ402,-96,18,SUCCESS
UE10288,XYZ402,-104,13,PING_PONG
UE10900,XYZ409,-105,11,SUCCESS
UE10729,XYZ408,-114,-5,SUCCESS
UE10588,XYZ401,-115,13,PING_PONG
UE10410,XYZ404,-124,12,SUCCESS
UE10376,XYZ401,-76,-1,SUCCESS
UE10383,XYZ401,-85,5,SUCCESS
UE10845,XYZ404,-124,0,SUCCESS
UE10151,XYZ402,-92,21,TOO_EARLY_HO
UE10834,XYZ403,-123,-5,SUCCESS
UE10750,XYZ409,-110,13,SUCCESS
UE10626,XYZ402,-122,22,SUCCESS
UE10318,XYZ404,-103,1,TOO_LATE_HO
UE10368,XYZ401,-76,16,TOO_EARLY_HO
UE10605,XYZ402,-106,7,SUCCESS
UE10994,XYZ405,-101,2,PREP_FAILURE
UE10559,XYZ410,-96,19,SUCCESS
UE10702,XYZ401,-108,2,SUCCESS
UE10461,XYZ407,-84,23,TOO_LATE_HO
UE10011,XYZ404,-115,19,SUCCESS
UE10155,XYZ406,-97,14,SUCCESS
UE10683,XYZ408,-109,-9,SUCCESS
UE10476,XYZ406,-100,7,SUCCESS
UE10938,XYZ402,-103,-6,SUCCESS
UE10400,XYZ401,-78,8,SUCCESS
UE10807,XYZ408,-106,7,SUCCESS
UE10176,XYZ408,-81,21,TOO_EARLY_HO
UE10340,XYZ409,-124,10,SUCCESS
UE10056,XYZ406,-102,-1,SUCCESS
UE10854,XYZ401,-95,11,SUCCESS
UE10851,XYZ409,-99,2,SUCCESS
UE10447,XYZ403,-124,6,SUCCESS
UE10202,XYZ406,-112,-2,SUCCESS
UE10696,XYZ410,-122,13,SUCCESS
UE10632,XYZ410,-77,3,SUCCESS
UE10737,XYZ409,-113,-3,N2_FAILURE
UE10201,XYZ403,-90,8,SUCCESS
UE10329,XYZ405,-91,17,TOO_LATE_HO
UE10362,XYZ405,-82,19,TOO_EARLY_HO
UE10891,XYZ410,-118,-4,SUCCESS
UE10453,XYZ407,-124,15,N2_FAILURE
UE10355,XYZ404,-120,0,SUCCESS
UE10215,XYZ404,-95,3,SUCCESS
UE10971,XYZ407,-116,10,PREP_FAILURE
UE10554,XYZ409,-82,-3,N2_FAILURE
UE10886,XYZ404,-105,-8,TOO_LATE_HO
UE10022,XYZ404,-84,17,TOO_EARLY_HO
UE10154,XYZ406,-116,18,SUCCESS
UE10185,XYZ406,-103,12,SUCCESS
UE10248,XYZ407,-123,7,SUCCESS
UE10748,XYZ401,-94,24,PREP_FAILURE
UE10804,XYZ403,-106,2,SUCCESS
UE10133,XYZ409,-116,1,SUCCESS
UE10320,XYZ406,-97,-6,SUCCESS
UE10389,XYZ406,-85,0,SUCCESS
UE10433,XYZ405,-80,0,TOO_LATE_HO
UE10021,XYZ403,-92,20,TOO_EARLY_HO
UE10872,XYZ405,-89,20,TOO_EARLY_HO
UE10599,XYZ401,-106,2,N2_FAILURE
UE10664,XYZ403,-118,3,SUCCESS
UE10124,XYZ404,-119,14,SUCCESS
UE10078,XYZ405,-120,22,SUCCESS
UE10857,XYZ410,-115,22,SUCCESS
UE10967,XYZ409,-82,4,SUCCESS
UE10050,XYZ404,-108,5,PREP_FAILURE
UE10727,XYZ403,-84,-5,SUCCESS
UE10175,XYZ410,-97,14,PING_PONG
UE10869,XYZ401,-101,4,PREP_FAILURE
UE10252,XYZ410,-105,-7,SUCCESS
UE10965,XYZ406,-80,-7,SUCCESS
UE10245,XYZ407,-123,19,SUCCESS
UE10738,XYZ410,-108,23,SUCCESS
UE10105,XYZ408,-102,16,PING_PONG
UE10192,XYZ401,-79,20,TOO_EARLY_HO
UE10315,XYZ404,-88,21,TOO_EARLY_HO
UE10301,XYZ405,-116,-2,SUCCESS
UE10547,XYZ402,-99,-3,SUCCESS
UE10953,XYZ401,-114,3,SUCCESS
UE10715,XYZ408,-119,22,SUCCESS
UE10933,XYZ406,-109,12,SUCCESS
UE10778,XYZ405,-125,10,SUCCESS
UE10267,XYZ409,-76,1,SUCCESS
UE10169,XYZ402,-100,-9,SUCCESS
UE10550,XYZ410,-111,2,SUCCESS
UE10454,XYZ408,-93,-7,SUCCESS
UE10650,XYZ410,-89,9,SUCCESS
UE10291,XYZ409,-79,3,SUCCESS
UE10563,XYZ401,-95,19,PING_PONG
UE10798,XYZ407,-91,18,TOO_EARLY_HO
UE10800,XYZ408,-125,-3,SUCCESS
UE10140,XYZ403,-118,1,N2_FAILURE
UE10145,XYZ404,-114,15,PREP_FAILURE
UE10424,XYZ403,-107,-9,SUCCESS
UE10313,XYZ407,-101,3,SUCCESS
UE10183,XYZ409,-94,-5,SUCCESS
UE10663,XYZ403,-114,20,SUCCESS
UE10712,XYZ406,-113,6,PREP_FAILURE
UE10127,XYZ408,-98,14,SUCCESS
UE10286,XYZ406,-125,21,SUCCESS
UE10822,XYZ402,-120,1,SUCCESS
UE10252,XYZ407,-118,2,SUCCESS
UE10777,XYZ402,-122,8,SUCCESS
UE10699,XYZ402,-121,14,PREP_FAILURE
UE10385,XYZ402,-101,20,SUCCESS
UE10229,XYZ401,-104,14,SUCCESS
UE10270,XYZ401,-98,5,SUCCESS
UE10770,XYZ407,-87,12,SUCCESS
UE10810,XYZ405,-103,3,SUCCESS
UE10414,XYZ403,-122,-5,PING_PONG
UE10197,XYZ401,-122,14,SUCCESS
UE10322,XYZ410,-79,12,PREP_FAILURE
UE10055,XYZ406,-105,1,SUCCESS
UE10830,XYZ401,-89,2,SUCCESS
UE10202,XYZ409,-85,23,TOO_EARLY_HO
UE10782,XYZ402,-124,-5,SUCCESS
UE10620,XYZ401,-119,-3,PING_PONG
UE10627,XYZ407,-77,-3,SUCCESS
UE10603,XYZ406,-110,22,SUCCESS
UE10137,XYZ406,-109,23,SUCCESS
UE10421,XYZ405,-106,4,PING_PONG
UE10814,XYZ404,-103,24,SUCCESS
UE10056,XYZ404,-92,11,SUCCESS
UE10561,XYZ403,-115,12,SUCCESS
UE10070,XYZ410,-92,11,SUCCESS
UE10910,XYZ408,-93,-6,SUCCESS
UE10913,XYZ407,-100,20,N2_FAILURE
UE10593,XYZ409,-124,2,SUCCESS
UE10371,XYZ401,-103,17,SUCCESS
UE10616,XYZ407,-85,9,SUCCESS
UE10599,XYZ410,-104,22,SUCCESS
UE10513,XYZ404,-92,5,SUCCESS
UE10871,XYZ407,-111,18,TOO_LATE_HO
UE10083,XYZ401,-116,12,PREP_FAILURE
UE10993,XYZ405,-111,13,N2_FAILURE
UE10042,XYZ403,-84,23,PREP_FAILURE
UE10665,XYZ405,-97,-4,SUCCESS
UE10838,XYZ404,-103,-7,SUCCESS
UE10933,XYZ402,-109,23,SUCCESS
UE10605,XYZ404,-117,11,SUCCESS
UE10809,XYZ403,-76,-6,SUCCESS
UE10132,XYZ401,-90,12,SUCCESS
UE10394,XYZ410,-117,4,SUCCESS
UE10064,XYZ408,-110,20,N2_FAILURE
UE10289,XYZ405,-90,-2,SUCCESS
UE10375,XYZ404,-78,14,PING_PONG
UE10768,XYZ410,-93,14,TOO_EARLY_HO
UE10466,XYZ405,-95,10,SUCCESS
UE10897,XYZ404,-120,-2,SUCCESS
UE10212,XYZ403,-116,11,SUCCESS
UE10147,XYZ405,-110,12,SUCCESS
UE10572,XYZ404,-122,-7,SUCCESS
UE10470,XYZ401,-104,18,SUCCESS
UE10148,XYZ403,-113,4,SUCCESS
UE10087,XYZ410,-110,-10,SUCCESS
UE10323,XYZ410,-97,19,SUCCESS
UE10894,XYZ408,-120,18,SUCCESS
UE10395,XYZ407,-100,9,SUCCESS
UE10789,XYZ402,-115,22,SUCCESS
UE10403,XYZ401,-102,11,SUCCESS
UE10081,XYZ403,-97,2,SUCCESS
UE10640,XYZ405,-123,-4,SUCCESS
UE10285,XYZ410,-116,-3,SUCCESS
UE10381,XYZ401,-125,17,SUCCESS
UE10864,XYZ403,-83,-2,SUCCESS
UE10791,XYZ403,-100,14,SUCCESS
UE10269,XYZ405,-114,5,SUCCESS
UE10291,XYZ403,-112,-1,SUCCESS
UE10452,XYZ409,-101,0,SUCCESS
UE10714,XYZ401,-118,20,SUCCESS
UE10023,XYZ404,-83,1,SUCCESS
UE10955,XYZ410,-122,20,SUCCESS
UE10862,XYZ410,-98,3,SUCCESS
UE10310,XYZ404,-119,21,SUCCESS
UE10460,XYZ401,-116,6,SUCCESS
UE10207,XYZ402,-90,24,TOO_EARLY_HO
UE10791,XYZ401,-124,-10,TOO_LATE_HO
UE10716,XYZ406,-100,18,TOO_LATE_HO
UE10663,XYZ403,-76,-7,SUCCESS
UE10437,XYZ407,-112,12,SUCCESS
UE10537,XYZ405,-110,17,SUCCESS
UE10705,XYZ409,-83,5,SUCCESS
UE10335,XYZ407,-84,1,PREP_FAILURE
UE10421,XYZ404,-109,10,TOO_LATE_HO
UE10749,XYZ405,-80,6,SUCCESS
UE10320,XYZ405,-104,2,SUCCESS
UE10496,XYZ405,-122,21,SUCCESS
UE10586,XYZ410,-107,4,SUCCESS
UE10946,XYZ409,-124,1,PING_PONG
UE10162,XYZ410,-87,4,N2_FAILURE
UE10810,XYZ403,-117,23,SUCCESS
UE10540,XYZ406,-107,-5,SUCCESS
UE10164,XYZ408,-110,6,SUCCESS
UE10848,XYZ409,-101,9,SUCCESS
UE10697,XYZ407,-78,-2,PREP_FAILURE
UE10565,XYZ403,-108,-6,SUCCESS
UE10294,XYZ401,-103,12,SUCCESS
UE10041,XYZ404,-105,22,SUCCESS
UE10923,XYZ406,-115,3,PREP_FAILURE
UE10284,XYZ403,-87,6,SUCCESS
UE10938,XYZ401,-85,8,N2_FAILURE
UE10386,XYZ406,-122,22,N2_FAILURE
UE10137,XYZ401,-101,-10,PING_PONG
UE10186,XYZ409,-94,2,SUCCESS
UE10909,XYZ401,-96,16,SUCCESS
UE10715,XYZ406,-81,-5,SUCCESS
UE10430,XYZ401,-100,-5,SUCCESS
UE10553,XYZ407,-90,22,TOO_EARLY_HO
UE10861,XYZ403,-92,19,TOO_EARLY_HO
UE10415,XYZ406,-117,24,SUCCESS
UE10799,XYZ407,-114,12,N2_FAILURE
UE10425,XYZ401,-124,-1,SUCCESS
UE10415,XYZ401,-88,8,SUCCESS
UE10025,XYZ405,-121,17,SUCCESS
UE10370,XYZ406,-121,12,SUCCESS
UE10384,XYZ409,-104,-7,N2_FAILURE
UE10055,XYZ401,-121,9,SUCCESS
UE10252,XYZ404,-122,8,PING_PONG
UE10633,XYZ410,-117,16,SUCCESS
UE10105,XYZ408,-97,23,SUCCESS
UE10129,XYZ410,-104,-7,SUCCESS
UE10848,XYZ409,-99,-4,SUCCESS
UE10669,XYZ403,-116,-4,SUCCESS
UE10375,XYZ402,-110,15,SUCCESS
UE10742,XYZ404,-84,15,TOO_EARLY_HO
UE10966,XYZ402,-84,8,SUCCESS
UE10307,XYZ401,-116,-2,SUCCESS
UE10090,XYZ403,-120,9,PING_PONG
UE10392,XYZ407,-77,5,SUCCESS
UE10533,XYZ401,-121,6,SUCCESS
UE10801,XYZ402,-120,11,SUCCESS
UE10109,XYZ401,-79,2,PING_PONG
UE10560,XYZ408,-101,1,N2_FAILURE
UE10640,XYZ405,-76,-1,SUCCESS
UE10584,XYZ408,-122,-10,SUCCESS
UE10339,XYZ403,-86,21,TOO_EARLY_HO
UE10564,XYZ407,-78,19,TOO_LATE_HO
UE10978,XYZ408,-94,-3,N2_FAILURE
UE10355,XYZ406,-91,10,N2_FAILURE
UE10891,XYZ407,-116,11,SUCCESS
UE10167,XYZ402,-92,7,SUCCESS
UE10556,XYZ408,-90,-9,N2_FAILURE
UE10451,XYZ405,-120,-2,SUCCESS
UE10904,XYZ407,-83,-8,SUCCESS
UE10104,XYZ401,-80,15,TOO_EARLY_HO
UE10149,XYZ405,-110,10,PING_PONG
UE10145,XYZ401,-107,19,SUCCESS
UE10715,XYZ408,-92,17,TOO_EARLY_HO
UE10873,XYZ404,-101,15,SUCCESS
UE10298,XYZ404,-95,23,SUCCESS
UE10166,XYZ402,-77,-3,SUCCESS
UE10712,XYZ405,-85,-1,SUCCESS
UE10645,XYZ401,-109,3,SUCCESS
UE10722,XYZ409,-79,4,SUCCESS
UE10047,XYZ405,-96,6,TOO_LATE_HO
UE10637,XYZ406,-87,7,PREP_FAILURE
UE10238,XYZ402,-95,21,SUCCESS
UE10006,XYZ410,-107,12,PING_PONG
UE10463,XYZ410,-91,12,SUCCESS
UE10452,XYZ401,-97,24,SUCCESS
UE10783,XYZ404,-125,4,SUCCESS
UE10896,XYZ407,-122,13,SUCCESS
UE10370,XYZ406,-98,17,SUCCESS
UE10548,XYZ410,-108,5,SUCCESS
UE10486,XYZ401,-100,5,SUCCESS
UE10210,XYZ401,-86,-5,SUCCESS
UE10164,XYZ408,-107,-9,SUCCESS
UE10124,XYZ404,-120,2,SUCCESS
UE10336,XYZ405,-125,-2,SUCCESS
UE10191,XYZ407,-118,23,SUCCESS
UE10729,XYZ408,-93,6,SUCCESS
UE10213,XYZ410,-83,16,TOO_EARLY_HO
UE10573,XYZ407,-105,18,SUCCESS
UE10327,XYZ402,-102,11,SUCCESS
UE10956,XYZ404,-101,13,N2_FAILURE
UE10380,XYZ410,-79,-4,PING_PONG
UE10672,XYZ401,-83,23,PREP_FAILURE
UE10577,XYZ410,-107,1,SUCCESS
UE10797,XYZ409,-97,12,SUCCESS
UE10238,XYZ403,-116,4,TOO_LATE_HO
UE10531,XYZ403,-114,22,SUCCESS
UE10699,XYZ410,-93,2,SUCCESS
UE10081,XYZ409,-119,12,SUCCESS
UE10362,XYZ410,-109,21,SUCCESS
UE10504,XYZ403,-116,24,TOO_LATE_HO
UE10201,XYZ408,-95,-10,SUCCESS
UE10919,XYZ402,-120,-6,SUCCESS
UE10503,XYZ403,-109,2,SUCCESS
UE10643,XYZ402,-76,-6,SUCCESS
UE10036,XYZ401,-89,21,TOO_EARLY_HO
UE10643,XYZ402,-108,10,SUCCESS
UE10588,XYZ408,-100,13,SUCCESS
UE10600,XYZ409,-77,7,SUCCESS
UE10972,XYZ402,-110,10,SUCCESS
UE10401,XYZ407,-118,-1,SUCCESS
UE10764,XYZ405,-102,13,SUCCESS
UE10855,XYZ403,-113,10,SUCCESS
UE10705,XYZ409,-97,14,SUCCESS
UE10175,XYZ406,-94,12,PREP_FAILURE
UE10544,XYZ401,-102,11,PREP_FAILURE
UE10569,XYZ405,-110,-7,SUCCESS
UE10466,XYZ407,-115,23,SUCCESS
UE10200,XYZ404,-94,-5,SUCCESS
UE10539,XYZ408,-120,17,SUCCESS
UE10546,XYZ410,-91,20,TOO_EARLY_HO
UE10998,XYZ405,-93,24,TOO_LATE_HO
UE10636,XYZ409,-108,12,SUCCESS
UE10393,XYZ409,-89,-5,TOO_LATE_HO
UE10832,XYZ409,-113,5,SUCCESS
UE10041,XYZ401,-116,-9,SUCCESS
UE10596,XYZ402,-89,13,TOO_EARLY_HO
UE10392,XYZ403,-100,6,SUCCESS
UE10699,XYZ404,-80,-10,SUCCESS
UE10622,XYZ410,-109,-5,SUCCESS
UE10782,XYZ409,-125,-6,SUCCESS
UE10994,XYZ410,-101,18,SUCCESS
UE10440,XYZ406,-92,1,SUCCESS
UE10836,XYZ401,-87,-8,SUCCESS
UE10616,XYZ409,-116,-10,SUCCESS
UE10505,XYZ406,-106,16,SUCCESS
UE10917,XYZ404,-119,13,SUCCESS
UE10319,XYZ404,-110,8,SUCCESS
UE10552,XYZ403,-89,-3,SUCCESS
UE10214,XYZ407,-97,-9,SUCCESS
UE10070,XYZ403,-114,19,SUCCESS
UE10567,XYZ402,-109,19,SUCCESS
UE10918,XYZ410,-78,21,TOO_EARLY_HO
UE10235,XYZ408,-106,-10,N2_FAILURE
UE10280,XYZ404,-100,2,SUCCESS
UE10986,XYZ408,-78,0,SUCCESS
UE10616,XYZ401,-107,-1,PREP_FAILURE
UE10901,XYZ405,-79,15,TOO_EARLY_HO
UE10886,XYZ409,-114,9,PREP_FAILURE
UE10161,XYZ401,-105,6,SUCCESS
UE10190,XYZ404,-84,6,SUCCESS
UE10008,XYZ406,-92,-7,TOO_LATE_HO
UE10059,XYZ410,-119,-6,SUCCESS
UE10892,XYZ408,-81,12,SUCCESS
UE10816,XYZ403,-91,-1,SUCCESS
UE10224,XYZ405,-111,17,SUCCESS
UE10818,XYZ407,-125,22,SUCCESS
UE10699,XYZ401,-100,15,SUCCESS
UE10581,XYZ407,-91,18,TOO_EARLY_HO
UE10804,XYZ408,-101,16,SUCCESS
UE10286,XYZ408,-84,7,SUCCESS
UE10993,XYZ409,-111,-1,SUCCESS
UE10168,XYZ406,-104,-6,SUCCESS
UE10061,XYZ406,-120,-1,PING_PONG
UE10348,XYZ402,-111,10,SUCCESS
UE10441,XYZ403,-102,13,SUCCESS
UE10013,XYZ404,-105,-8,SUCCESS
UE10163,XYZ404,-119,20,SUCCESS
UE10419,XYZ408,-97,-9,SUCCESS
UE10756,XYZ401,-94,-9,N2_FAILURE
UE10846,XYZ410,-94,23,SUCCESS
UE10519,XYZ404,-121,9,N2_FAILURE
UE10665,XYZ404,-122,22,SUCCESS
UE10547,XYZ401,-104,-7,SUCCESS
UE10559,XYZ403,-108,0,SUCCESS
UE10596,XYZ405,-91,-6,SUCCESS
UE10027,XYZ406,-109,14,SUCCESS
UE10707,XYZ409,-76,23,SUCCESS
UE10445,XYZ409,-76,-2,SUCCESS
UE10207,XYZ409,-102,-5,PING_PONG
UE10469,XYZ401,-124,7,PREP_FAILURE
UE10715,XYZ409,-113,3,SUCCESS
UE10975,XYZ408,-111,8,SUCCESS
UE10818,XYZ402,-121,3,SUCCESS
UE10103,XYZ401,-123,6,SUCCESS
UE10741,XYZ401,-89,24,PING_PONG
UE10425,XYZ406,-89,18,SUCCESS
UE10100,XYZ409,-89,6,SUCCESS
UE10540,XYZ407,-123,-3,SUCCESS
UE10638,XYZ405,-91,-10,SUCCESS
UE10849,XYZ402,-103,-4,SUCCESS
UE10521,XYZ401,-98,-6,SUCCESS
UE10105,XYZ402,-96,13,SUCCESS
UE10678,XYZ401,-108,17,SUCCESS
UE10977,XYZ403,-90,6,SUCCESS
