timestamp,cell_id,ho_attempt,rach_attempt,dl_tp,ul_tp,cqi,ho_success,rach_success
2026-07-01 00:00:00,XYZ401,1941,401,447,41,8,1554,341
2026-07-01 00:00:00,XYZ402,1992,340,321,35,5,1675,272
2026-07-01 00:00:00,XYZ403,767,407,429,127,4,617,350
2026-07-01 00:00:00,XYZ404,1304,731,554,84,11,1167,632
2026-07-01 00:00:00,XYZ405,1643,238,237,99,5,1360,200
2026-07-01 00:00:00,XYZ406,583,218,681,10,13,567,177
2026-07-01 00:00:00,XYZ407,1492,523,668,26,8,1211,465
2026-07-01 00:00:00,XYZ408,1092,820,777,125,15,987,804
2026-07-01 00:00:00,XYZ409,1928,342,402,64,11,1571,285
2026-07-01 00:00:00,XYZ410,1277,476,556,12,12,1033,468
2026-07-01 00:01:00,XYZ410,1306,941,283,32,10,1288,805
2026-07-01 00:01:00,XYZ409,1828,658,509,33,9,1644,613
2026-07-01 00:01:00,XYZ408,1632,266,181,124,6,1482,249
2026-07-01 00:01:00,XYZ407,885,503,180,125,14,737,445
2026-07-01 00:01:00,XYZ406,1010,343,316,68,10,983,295
2026-07-01 00:01:00,XYZ402,834,294,133,120,15,725,271
2026-07-01 00:01:00,XYZ404,1134,319,434,147,15,915,314
2026-07-01 00:01:00,XYZ403,839,430,444,63,11,812,346
2026-07-01 00:01:00,XYZ401,572,648,381,120,7,518,605
2026-07-01 00:01:00,XYZ405,1459,209,59,52,9,1392,178
2026-07-01 00:02:00,XYZ407,1808,708,176,66,6,1542,665
2026-07-01 00:02:00,XYZ410,1070,410,277,74,6,921,389
2026-07-01 00:02:00,XYZ408,855,662,196,75,4,716,592
2026-07-01 00:02:00,XYZ405,1220,954,688,38,9,1149,903
2026-07-01 00:02:00,XYZ409,686,485,667,71,4,574,400
2026-07-01 00:02:00,XYZ403,1828,308,585,75,4,1707,294
2026-07-01 00:02:00,XYZ402,553,382,785,118,15,486,315
2026-07-01 00:02:00,XYZ404,1827,667,139,41,4,1797,555
2026-07-01 00:02:00,XYZ401,1747,487,745,146,5,1411,391
2026-07-01 00:03:00,XYZ401,1808,980,132,32,10,1465,893
2026-07-01 00:03:00,XYZ402,1361,792,153,40,4,1166,638
2026-07-01 00:03:00,XYZ403,1194,829,114,140,11,1033,794
2026-07-01 00:03:00,XYZ405,730,691,209,143,13,655,652
2026-07-01 00:03:00,XYZ407,1045,282,609,37,9,978,261
2026-07-01 00:03:00,XYZ408,1913,600,790,126,2,1668,506
2026-07-01 00:03:00,XYZ409,511,357,688,109,5,471,315
2026-07-01 00:03:00,XYZ410,1833,318,723,30,8,1675,310
2026-07-01 00:04:00,XYZ407,1791,781,783,31,13,1466,636
2026-07-01 00:04:00,XYZ408,1304,381,160,95,7,1102,323
2026-07-01 00:04:00,XYZ409,1839,648,166,26,5,1612,607
2026-07-01 00:05:00,XYZ409,716,943,508,120,5,670,870
2026-07-01 00:06:00,XYZ409,1875,800,52,111,7,1815,789
2026-07-01 01:00:00,XYZ401,1869,804,245,100,1,1696,649
2026-07-01 01:00:00,XYZ402,1199,640,304,90,6,1038,537
2026-07-01 01:00:00,XYZ403,1320,817,411,129,4,1202,693
2026-07-01 01:00:00,XYZ404,1327,809,662,116,7,1266,779
2026-07-01 01:00:00,XYZ405,1572,669,115,124,8,1389,638
2026-07-01 01:00:00,XYZ406,1472,286,316,80,11,1243,242
2026-07-01 01:00:00,XYZ407,928,462,450,36,4,782,414
2026-07-01 01:00:00,XYZ408,1733,492,637,102,3,1624,419
2026-07-01 01:00:00,XYZ409,1128,981,503,24,3,1063,792
2026-07-01 01:00:00,XYZ410,1981,925,645,137,3,1621,840
2026-07-01 01:01:00,XYZ409,1192,604,533,40,2,1031,530
2026-07-01 01:01:00,XYZ408,1609,782,477,142,6,1510,724
2026-07-01 01:01:00,XYZ407,1109,580,504,66,6,931,540
2026-07-01 01:01:00,XYZ406,709,696,177,45,4,647,664
2026-07-01 01:01:00,XYZ410,1841,415,469,107,14,1799,335
2026-07-01 01:01:00,XYZ404,1306,348,412,26,8,1106,324
2026-07-01 01:01:00,XYZ403,1963,790,612,30,6,1663,676
2026-07-01 01:01:00,XYZ402,816,275,572,46,5,735,271
2026-07-01 01:01:00,XYZ401,595,345,169,18,15,551,324
2026-07-01 01:01:00,XYZ405,888,889,625,97,11,718,809
2026-07-01 01:02:00,XYZ401,1213,235,529,87,6,1063,223
2026-07-01 01:02:00,XYZ403,1570,828,327,44,7,1321,682
2026-07-01 01:02:00,XYZ404,1592,653,495,114,13,1484,564
2026-07-01 01:02:00,XYZ405,1015,665,172,71,11,929,594
2026-07-01 01:02:00,XYZ406,1607,341,380,86,12,1316,307
2026-07-01 01:02:00,XYZ408,1015,885,663,13,15,849,748
2026-07-01 01:02:00,XYZ409,1760,755,794,98,3,1664,632
2026-07-01 01:02:00,XYZ410,1694,857,343,25,10,1563,774
2026-07-01 01:03:00,XYZ410,913,298,721,106,12,812,250
2026-07-01 01:03:00,XYZ408,1884,863,442,102,8,1573,812
2026-07-01 01:03:00,XYZ405,571,934,124,136,14,509,833
2026-07-01 01:03:00,XYZ401,1212,379,633,75,8,1122,311
2026-07-01 01:03:00,XYZ403,1493,425,335,101,13,1245,410
2026-07-01 01:04:00,XYZ401,1781,760,624,86,7,1520,729
2026-07-01 01:04:00,XYZ403,787,909,405,46,4,769,796
2026-07-01 01:04:00,XYZ408,1816,634,510,120,12,1586,578
2026-07-01 01:04:00,XYZ410,1487,592,653,124,12,1300,584
2026-07-01 01:05:00,XYZ401,1976,222,616,72,10,1703,219
2026-07-01 01:05:00,XYZ410,1315,590,151,102,13,1093,487
2026-07-01 01:06:00,XYZ401,1837,397,446,119,5,1685,371
2026-07-01 01:07:00,XYZ401,1829,412,297,10,5,1802,336
2026-07-01 01:08:00,XYZ401,1881,578,567,63,13,1559,548
2026-07-01 02:00:00,XYZ410,919,672,715,31,15,893,540
2026-07-01 02:00:00,XYZ409,785,550,600,49,1,727,543
2026-07-01 02:00:00,XYZ408,1182,580,309,52,14,1156,497
2026-07-01 02:00:00,XYZ406,1681,943,114,67,13,1510,797
2026-07-01 02:00:00,XYZ407,1280,698,636,95,4,1214,688
2026-07-01 02:00:00,XYZ404,954,645,498,68,3,933,572
2026-07-01 02:00:00,XYZ403,974,499,525,100,10,786,490
2026-07-01 02:00:00,XYZ402,1304,257,397,81,11,1227,253
2026-07-01 02:00:00,XYZ401,1243,283,431,75,11,1066,269
2026-07-01 02:00:00,XYZ405,795,901,505,62,12,738,846
2026-07-01 02:01:00,XYZ410,1842,860,311,70,9,1499,745
2026-07-01 02:01:00,XYZ409,1611,875,486,148,2,1485,708
2026-07-01 02:01:00,XYZ408,1466,986,532,118,9,1186,966
2026-07-01 02:01:00,XYZ407,1029,427,723,27,1,1012,418
2026-07-01 02:01:00,XYZ406,715,869,643,34,6,613,755
2026-07-01 02:01:00,XYZ405,750,348,167,46,2,720,301
2026-07-01 02:01:00,XYZ403,661,419,330,95,14,534,403
2026-07-01 02:01:00,XYZ402,1226,993,117,48,14,980,915
2026-07-01 02:01:00,XYZ401,1910,612,76,31,12,1663,567
2026-07-01 02:01:00,XYZ404,1622,969,407,122,8,1371,810
2026-07-01 02:02:00,XYZ410,1134,741,501,75,8,1044,663
2026-07-01 02:02:00,XYZ409,1935,722,106,133,15,1692,610
2026-07-01 02:02:00,XYZ408,636,309,716,141,10,617,282
2026-07-01 02:02:00,XYZ406,1435,646,326,91,3,1287,528
2026-07-01 02:02:00,XYZ403,581,453,744,82,3,551,434
2026-07-01 02:02:00,XYZ402,773,269,765,28,2,650,261
2026-07-01 02:02:00,XYZ401,877,501,505,100,12,773,423
2026-07-01 02:02:00,XYZ405,1718,624,329,37,5,1636,580
2026-07-01 02:03:00,XYZ401,591,715,501,96,4,559,683
2026-07-01 02:03:00,XYZ402,1780,772,680,78,3,1679,723
2026-07-01 02:03:00,XYZ403,1295,300,734,22,7,1237,281
2026-07-01 02:03:00,XYZ405,1016,377,142,124,7,928,329
2026-07-01 02:03:00,XYZ406,1076,262,374,77,5,1057,217
2026-07-01 02:03:00,XYZ409,806,762,582,135,3,786,657
2026-07-01 02:03:00,XYZ410,521,459,149,29,13,512,443
2026-07-01 02:04:00,XYZ410,629,512,274,99,9,505,417
2026-07-01 02:04:00,XYZ401,1231,563,66,91,6,1102,499
2026-07-01 02:04:00,XYZ406,1088,581,372,54,14,930,514
2026-07-01 02:04:00,XYZ409,1543,836,742,22,1,1477,702
2026-07-01 02:05:00,XYZ410,860,467,381,92,13,701,375
2026-07-01 02:05:00,XYZ406,805,979,250,71,7,768,892
2026-07-01 02:05:00,XYZ401,1708,278,615,53,14,1488,272
2026-07-01 03:00:00,XYZ401,917,939,326,91,5,804,776
2026-07-01 03:00:00,XYZ402,1780,229,679,79,10,1680,195
2026-07-01 03:00:00,XYZ403,1705,616,431,110,3,1492,583
2026-07-01 03:00:00,XYZ404,1750,605,282,15,12,1584,502
2026-07-01 03:00:00,XYZ405,1983,301,415,89,13,1830,251
2026-07-01 03:00:00,XYZ406,1485,589,487,103,9,1221,555
2026-07-01 03:00:00,XYZ407,1903,225,473,56,11,1589,185
2026-07-01 03:00:00,XYZ408,1667,307,442,33,8,1358,281
2026-07-01 03:00:00,XYZ409,1601,638,725,19,7,1405,516
2026-07-01 03:00:00,XYZ410,1348,533,297,56,10,1288,435
2026-07-01 03:01:00,XYZ410,838,661,534,37,8,794,632
2026-07-01 03:01:00,XYZ409,502,684,441,138,5,466,639
2026-07-01 03:01:00,XYZ408,1131,940,57,42,11,1118,764
2026-07-01 03:01:00,XYZ407,1413,956,301,49,5,1265,854
2026-07-01 03:01:00,XYZ406,1337,364,778,23,6,1314,292
2026-07-01 03:01:00,XYZ405,781,878,505,25,3,644,721
2026-07-01 03:01:00,XYZ404,794,789,492,88,11,692,737
2026-07-01 03:01:00,XYZ403,1540,606,158,43,3,1504,516
2026-07-01 03:01:00,XYZ401,1013,969,65,79,13,1001,780
2026-07-01 03:02:00,XYZ401,1825,849,174,72,12,1689,770
2026-07-01 03:02:00,XYZ403,1188,709,118,127,15,1156,593
2026-07-01 03:02:00,XYZ404,909,859,80,133,11,852,707
2026-07-01 03:02:00,XYZ405,1743,585,188,108,15,1680,512
2026-07-01 03:02:00,XYZ407,1562,925,722,84,5,1487,785
2026-07-01 03:02:00,XYZ408,574,458,589,16,2,461,385
2026-07-01 03:02:00,XYZ409,1420,328,686,20,14,1228,277
2026-07-01 03:02:00,XYZ410,1382,535,678,102,11,1327,516
2026-07-01 03:03:00,XYZ410,1258,528,661,146,13,1098,435
2026-07-01 03:03:00,XYZ408,1405,869,490,42,10,1170,717
2026-07-01 03:03:00,XYZ407,585,626,569,148,2,541,569
2026-07-01 03:03:00,XYZ401,1472,207,608,78,4,1271,166
2026-07-01 03:03:00,XYZ403,1793,432,176,85,10,1564,362
2026-07-01 03:03:00,XYZ404,632,772,694,61,7,562,637
2026-07-01 03:04:00,XYZ401,1071,721,783,70,3,1049,605
2026-07-01 03:04:00,XYZ403,896,740,577,137,2,782,657
2026-07-01 03:04:00,XYZ410,862,739,466,89,6,709,726
2026-07-01 03:05:00,XYZ403,1398,430,615,70,8,1343,345
2026-07-01 03:05:00,XYZ410,1172,420,661,68,13,1154,337
2026-07-01 03:06:00,XYZ403,1843,410,610,83,13,1813,398
2026-07-01 03:07:00,XYZ403,508,513,480,45,3,425,454
2026-07-01 03:08:00,XYZ403,1887,387,231,136,8,1785,365
2026-07-01 03:09:00,XYZ403,520,895,470,124,3,511,882
2026-07-01 04:00:00,XYZ410,1905,768,585,97,11,1546,644
2026-07-01 04:00:00,XYZ409,1607,572,205,80,5,1537,475
2026-07-01 04:00:00,XYZ408,1867,670,294,131,11,1704,568
2026-07-01 04:00:00,XYZ407,1503,693,593,17,9,1474,571
2026-07-01 04:00:00,XYZ406,1924,832,142,71,12,1711,812
2026-07-01 04:00:00,XYZ402,1947,785,256,33,7,1721,683
2026-07-01 04:00:00,XYZ404,846,982,205,77,9,759,893
2026-07-01 04:00:00,XYZ403,1160,333,708,122,10,1096,310
2026-07-01 04:00:00,XYZ401,586,720,319,85,12,529,653
2026-07-01 04:00:00,XYZ405,1314,519,526,15,8,1111,498
2026-07-01 04:01:00,XYZ406,538,412,115,71,11,438,348
2026-07-01 04:01:00,XYZ408,1237,329,532,56,7,1093,313
2026-07-01 04:01:00,XYZ407,1482,504,694,130,12,1269,416
2026-07-01 04:01:00,XYZ405,558,552,350,23,13,460,474
2026-07-01 04:01:00,XYZ409,834,982,352,57,15,689,922
2026-07-01 04:01:00,XYZ403,1273,316,655,35,14,1069,298
2026-07-01 04:01:00,XYZ401,1337,541,455,128,2,1159,500
2026-07-01 04:01:00,XYZ404,1811,441,514,26,15,1617,385
2026-07-01 04:01:00,XYZ402,1746,827,471,107,8,1540,714
2026-07-01 04:02:00,XYZ401,1833,655,393,67,14,1671,536
2026-07-01 04:02:00,XYZ403,1410,818,183,115,12,1359,712
2026-07-01 04:02:00,XYZ404,1740,865,317,76,7,1721,797
2026-07-01 04:02:00,XYZ405,682,871,156,57,12,586,793
2026-07-01 04:02:00,XYZ407,1187,437,563,132,11,990,423
2026-07-01 04:02:00,XYZ409,1069,307,782,134,8,924,279
2026-07-01 04:03:00,XYZ401,1747,816,62,29,5,1528,766
2026-07-01 04:03:00,XYZ403,1296,285,409,128,8,1267,280
2026-07-01 04:03:00,XYZ404,1092,399,189,35,13,1045,347
2026-07-01 04:03:00,XYZ405,1664,355,429,91,8,1384,292
2026-07-01 04:03:00,XYZ407,1622,907,214,14,8,1557,742
2026-07-01 04:04:00,XYZ404,1415,930,613,118,9,1229,899
2026-07-01 04:04:00,XYZ407,1203,729,306,22,15,992,615
2026-07-01 04:04:00,XYZ401,1213,725,190,98,4,1102,654
2026-07-01 04:04:00,XYZ405,1952,827,737,64,6,1795,689
2026-07-01 04:05:00,XYZ401,1394,951,577,62,4,1359,917
2026-07-01 04:05:00,XYZ404,1668,513,553,104,12,1453,420
2026-07-01 04:05:00,XYZ405,1056,762,265,117,4,972,633
2026-07-01 04:05:00,XYZ407,837,300,640,70,15,783,244
2026-07-01 04:06:00,XYZ401,1799,553,657,98,3,1516,530
2026-07-01 04:06:00,XYZ404,1509,974,406,113,14,1344,880
2026-07-01 04:06:00,XYZ405,1161,625,284,81,9,1001,568
2026-07-01 04:07:00,XYZ401,1698,908,477,97,12,1493,883
2026-07-01 05:00:00,XYZ407,1797,389,728,65,15,1723,361
2026-07-01 05:00:00,XYZ409,1884,763,96,49,6,1717,749
2026-07-01 05:00:00,XYZ408,1421,254,670,59,8,1161,245
2026-07-01 05:00:00,XYZ410,855,843,698,115,15,708,722
2026-07-01 05:00:00,XYZ406,1889,897,490,29,12,1854,877
2026-07-01 05:00:00,XYZ404,1324,935,276,102,9,1095,831
2026-07-01 05:00:00,XYZ401,1542,238,259,13,11,1281,225
2026-07-01 05:00:00,XYZ405,597,942,598,78,4,525,779
2026-07-01 05:00:00,XYZ403,560,395,494,143,10,524,341
2026-07-01 05:00:00,XYZ402,1139,242,267,123,4,1036,206
2026-07-01 05:01:00,XYZ401,1208,462,111,93,14,1167,410
2026-07-01 05:01:00,XYZ402,1794,662,706,47,11,1485,644
2026-07-01 05:01:00,XYZ403,1855,771,160,136,14,1722,632
2026-07-01 05:01:00,XYZ405,510,622,591,61,15,448,605
2026-07-01 05:01:00,XYZ407,1569,368,543,132,6,1417,306
2026-07-01 05:01:00,XYZ408,1604,266,461,54,13,1493,236
2026-07-01 05:01:00,XYZ409,1643,780,335,77,4,1444,676
2026-07-01 05:01:00,XYZ410,1048,746,276,49,13,985,630
2026-07-01 05:01:00,XYZ404,554,982,203,47,12,511,947
2026-07-01 05:02:00,XYZ410,1203,586,650,37,8,978,537
2026-07-01 05:02:00,XYZ408,1745,472,212,145,5,1649,406
2026-07-01 05:02:00,XYZ409,1669,329,125,123,4,1582,301
2026-07-01 05:02:00,XYZ404,627,875,392,141,1,582,744
2026-07-01 05:02:00,XYZ403,1868,690,456,127,4,1538,591
2026-07-01 05:02:00,XYZ401,1482,242,707,147,12,1411,202
2026-07-01 05:02:00,XYZ405,1596,903,762,84,7,1289,745
2026-07-01 05:03:00,XYZ401,1665,902,677,12,13,1417,761
2026-07-01 05:03:00,XYZ403,1433,566,280,105,1,1405,464
2026-07-01 05:03:00,XYZ404,1435,714,132,92,6,1241,633
2026-07-01 05:03:00,XYZ405,1471,227,483,136,12,1349,188
2026-07-01 05:03:00,XYZ408,1014,246,698,128,7,958,224
2026-07-01 05:03:00,XYZ409,1326,580,654,82,1,1301,513
2026-07-01 05:04:00,XYZ409,1637,704,295,58,4,1309,647
2026-07-01 05:04:00,XYZ401,1543,745,538,96,12,1452,619
2026-07-01 05:04:00,XYZ403,1390,220,505,63,4,1271,193
2026-07-01 05:04:00,XYZ404,1716,506,542,58,11,1601,458
2026-07-01 05:04:00,XYZ405,1524,787,117,11,8,1436,632
2026-07-01 05:04:00,XYZ408,1366,795,440,24,3,1248,775
2026-07-01 05:05:00,XYZ409,1186,348,725,20,2,993,319
2026-07-01 05:05:00,XYZ405,1707,803,787,18,9,1647,703
2026-07-01 05:05:00,XYZ401,1026,265,709,100,12,975,260
2026-07-01 05:06:00,XYZ409,1031,742,590,136,13,937,693
2026-07-01 06:00:00,XYZ401,1188,693,503,142,1,1030,625
2026-07-01 06:00:00,XYZ402,1235,272,480,68,15,1080,243
2026-07-01 06:00:00,XYZ403,1507,813,573,17,2,1342,770
2026-07-01 06:00:00,XYZ404,1999,209,663,96,12,1616,190
2026-07-01 06:00:00,XYZ405,1882,218,582,117,15,1620,197
2026-07-01 06:00:00,XYZ406,810,978,284,124,15,711,814
2026-07-01 06:00:00,XYZ407,517,358,164,76,13,431,297
2026-07-01 06:00:00,XYZ408,1438,542,239,10,1,1406,462
2026-07-01 06:00:00,XYZ409,1524,696,750,117,5,1263,636
2026-07-01 06:00:00,XYZ410,918,763,354,85,12,763,744
2026-07-01 06:01:00,XYZ410,784,596,596,63,12,662,570
2026-07-01 06:01:00,XYZ409,627,926,628,25,1,568,901
2026-07-01 06:01:00,XYZ408,1245,796,481,61,15,1192,669
2026-07-01 06:01:00,XYZ407,1693,641,448,92,15,1377,524
2026-07-01 06:01:00,XYZ404,554,999,602,71,13,507,965
2026-07-01 06:01:00,XYZ403,1313,886,314,57,9,1056,761
2026-07-01 06:01:00,XYZ402,1106,331,290,57,5,974,316
2026-07-01 06:01:00,XYZ401,1480,211,473,121,8,1359,197
2026-07-01 06:01:00,XYZ405,1455,795,220,129,6,1196,639
2026-07-01 06:02:00,XYZ401,1438,665,289,36,13,1228,658
2026-07-01 06:02:00,XYZ403,1563,286,710,16,9,1341,236
2026-07-01 06:02:00,XYZ404,1226,635,727,101,4,1068,563
2026-07-01 06:02:00,XYZ405,1293,449,785,72,5,1206,405
2026-07-01 06:02:00,XYZ407,1875,501,574,65,6,1513,476
2026-07-01 06:02:00,XYZ408,873,206,133,77,14,858,166
2026-07-01 06:02:00,XYZ409,1939,693,339,94,9,1753,667
2026-07-01 06:03:00,XYZ408,863,453,469,91,7,831,378
2026-07-01 06:03:00,XYZ409,1636,416,750,76,10,1358,361
2026-07-01 06:03:00,XYZ405,618,543,461,39,11,604,517
2026-07-01 06:03:00,XYZ401,669,759,188,127,10,599,719
2026-07-01 06:03:00,XYZ403,1386,635,424,70,13,1187,548
2026-07-01 06:03:00,XYZ404,875,773,489,130,7,741,691
2026-07-01 06:04:00,XYZ401,536,601,68,67,2,439,538
2026-07-01 06:04:00,XYZ404,1585,264,534,97,15,1395,224
2026-07-01 06:04:00,XYZ408,741,927,226,74,14,684,829
2026-07-01 06:04:00,XYZ409,1012,242,380,40,15,817,207
2026-07-01 06:05:00,XYZ401,1685,480,614,88,13,1584,472
2026-07-01 06:05:00,XYZ404,527,281,94,141,15,429,274
2026-07-01 06:05:00,XYZ408,994,981,64,41,13,829,794
2026-07-01 06:06:00,XYZ401,1676,311,209,104,10,1640,268
2026-07-01 06:06:00,XYZ408,1074,458,323,138,9,971,424
2026-07-01 06:07:00,XYZ401,1650,598,378,21,8,1505,492
2026-07-01 07:00:00,XYZ409,647,738,250,141,11,615,592
2026-07-01 07:00:00,XYZ408,1999,856,191,28,13,1808,702
2026-07-01 07:00:00,XYZ407,1847,218,65,105,3,1688,193
2026-07-01 07:00:00,XYZ406,1220,847,473,92,5,1006,802
2026-07-01 07:00:00,XYZ401,1522,857,719,12,1,1282,707
2026-07-01 07:00:00,XYZ404,1454,525,466,67,4,1348,460
2026-07-01 07:00:00,XYZ403,1066,490,525,19,12,940,431
2026-07-01 07:00:00,XYZ402,541,371,541,92,9,459,307
2026-07-01 07:00:00,XYZ405,1701,577,776,67,7,1666,540
2026-07-01 07:01:00,XYZ406,1488,382,419,110,11,1467,317
2026-07-01 07:01:00,XYZ408,1122,360,578,91,10,914,324
2026-07-01 07:01:00,XYZ407,1268,782,786,43,5,1063,682
2026-07-01 07:01:00,XYZ405,538,329,660,47,14,444,274
2026-07-01 07:01:00,XYZ409,1824,242,444,67,6,1542,231
2026-07-01 07:01:00,XYZ403,1020,228,484,135,7,982,221
2026-07-01 07:01:00,XYZ401,541,510,350,19,9,523,433
2026-07-01 07:01:00,XYZ404,1093,682,436,26,15,944,555
2026-07-01 07:01:00,XYZ402,1475,725,162,16,12,1290,638
2026-07-01 07:02:00,XYZ401,565,780,263,48,5,525,718
2026-07-01 07:02:00,XYZ402,855,460,764,24,4,831,391
2026-07-01 07:02:00,XYZ403,1308,909,215,26,11,1094,801
2026-07-01 07:02:00,XYZ404,1756,577,336,92,4,1635,531
2026-07-01 07:02:00,XYZ405,1562,462,489,11,10,1305,454
2026-07-01 07:02:00,XYZ406,665,822,203,96,12,592,781
2026-07-01 07:02:00,XYZ407,990,760,369,120,12,855,678
2026-07-01 07:02:00,XYZ408,725,212,171,64,10,688,205
2026-07-01 07:02:00,XYZ409,811,780,362,113,15,721,696
2026-07-01 07:03:00,XYZ406,651,863,458,31,10,525,759
2026-07-01 07:03:00,XYZ408,1189,823,723,66,13,978,786
2026-07-01 07:03:00,XYZ405,823,967,253,138,7,805,941
2026-07-01 07:03:00,XYZ402,722,631,772,52,14,654,570
2026-07-01 07:03:00,XYZ401,812,880,192,93,15,699,745
2026-07-01 07:03:00,XYZ404,599,640,550,22,11,511,544
2026-07-01 07:04:00,XYZ402,1642,703,669,72,9,1471,612
2026-07-01 07:04:00,XYZ405,1296,482,211,138,3,1058,472
2026-07-01 07:04:00,XYZ406,1684,482,68,57,3,1480,462
2026-07-01 07:04:00,XYZ408,1215,860,243,25,15,1041,755
2026-07-01 07:05:00,XYZ408,1233,212,63,22,9,1132,183
2026-07-01 07:05:00,XYZ405,1686,327,370,14,8,1540,272
2026-07-01 07:06:00,XYZ405,501,940,247,73,15,407,764
2026-07-01 07:06:00,XYZ408,926,580,785,24,9,907,518
2026-07-01 07:07:00,XYZ405,1558,493,540,112,4,1446,468
2026-07-01 08:00:00,XYZ407,841,868,709,32,12,761,736
2026-07-01 08:00:00,XYZ406,951,682,722,132,1,792,587
2026-07-01 08:00:00,XYZ409,690,972,753,140,9,576,928
2026-07-01 08:00:00,XYZ408,1656,653,178,103,10,1507,550
2026-07-01 08:00:00,XYZ410,645,682,535,111,1,552,573
2026-07-01 08:00:00,XYZ405,870,301,526,18,10,794,242
2026-07-01 08:00:00,XYZ403,697,770,98,22,6,605,659
2026-07-01 08:00:00,XYZ402,1375,697,724,118,6,1225,689
2026-07-01 08:00:00,XYZ401,1909,753,317,90,1,1672,738
2026-07-01 08:00:00,XYZ404,1201,599,340,132,13,1053,567
2026-07-01 08:01:00,XYZ410,1349,963,414,136,14,1096,835
2026-07-01 08:01:00,XYZ409,656,761,795,131,12,638,685
2026-07-01 08:01:00,XYZ408,1089,511,695,125,10,951,442
2026-07-01 08:01:00,XYZ407,1914,832,711,59,10,1837,724
2026-07-01 08:01:00,XYZ406,1638,552,381,143,8,1359,531
2026-07-01 08:01:00,XYZ405,524,461,651,82,3,424,393
2026-07-01 08:01:00,XYZ404,1986,296,558,81,13,1915,258
2026-07-01 08:01:00,XYZ403,1701,879,622,149,13,1431,723
2026-07-01 08:01:00,XYZ402,705,592,227,122,10,663,474
2026-07-01 08:01:00,XYZ401,1746,224,399,52,4,1417,207
2026-07-01 08:02:00,XYZ409,1075,622,589,136,7,955,541
2026-07-01 08:02:00,XYZ410,1939,884,701,17,6,1867,722
2026-07-01 08:02:00,XYZ408,1163,983,620,80,12,949,873
2026-07-01 08:02:00,XYZ407,1879,969,243,81,14,1751,913
2026-07-01 08:02:00,XYZ402,510,580,145,148,4,495,486
2026-07-01 08:02:00,XYZ405,996,259,478,136,1,977,210
2026-07-01 08:02:00,XYZ404,516,318,769,12,13,429,258
2026-07-01 08:02:00,XYZ401,1313,279,717,67,14,1230,256
2026-07-01 08:02:00,XYZ406,1209,272,786,58,4,997,241
2026-07-01 08:03:00,XYZ410,1741,467,210,113,10,1395,448
2026-07-01 08:03:00,XYZ401,1372,548,98,148,9,1185,473
2026-07-01 08:03:00,XYZ402,724,535,673,80,13,702,497
2026-07-01 08:03:00,XYZ404,1373,758,508,73,14,1272,629
2026-07-01 08:03:00,XYZ405,777,864,313,121,4,677,848
2026-07-01 08:03:00,XYZ406,1262,837,752,17,1,1163,710
2026-07-01 08:03:00,XYZ407,1676,412,174,55,12,1403,337
2026-07-01 08:03:00,XYZ408,1251,732,714,90,12,1150,683
2026-07-01 08:04:00,XYZ407,723,584,536,58,15,610,493
2026-07-01 08:04:00,XYZ406,1612,825,360,49,6,1558,693
2026-07-01 08:04:00,XYZ404,1446,747,789,139,3,1171,707
2026-07-01 08:05:00,XYZ404,1686,330,108,81,13,1647,314
2026-07-01 08:05:00,XYZ407,1508,428,282,69,9,1458,395
2026-07-01 09:00:00,XYZ401,1732,269,487,130,3,1697,258
2026-07-01 09:00:00,XYZ402,1206,573,84,72,6,1058,466
2026-07-01 09:00:00,XYZ403,1435,466,314,43,15,1169,442
2026-07-01 09:00:00,XYZ404,817,820,525,112,4,664,757
2026-07-01 09:00:00,XYZ405,1387,681,624,74,8,1215,566
2026-07-01 09:00:00,XYZ406,1262,563,741,125,5,1203,456
2026-07-01 09:00:00,XYZ407,1872,836,132,39,13,1603,683
2026-07-01 09:00:00,XYZ408,664,307,425,110,7,543,256
2026-07-01 09:00:00,XYZ409,975,950,173,115,15,933,841
2026-07-01 09:00:00,XYZ410,540,813,211,133,14,490,738
2026-07-01 09:01:00,XYZ410,528,599,56,116,10,473,500
2026-07-01 09:01:00,XYZ408,1489,852,345,130,1,1328,814
2026-07-01 09:01:00,XYZ407,1257,659,232,140,13,1046,540
2026-07-01 09:01:00,XYZ402,1063,441,598,41,12,1016,407
2026-07-01 09:01:00,XYZ405,1894,440,300,32,13,1533,388
2026-07-01 09:01:00,XYZ401,1133,847,481,56,1,1018,807
2026-07-01 09:01:00,XYZ406,1562,618,152,105,14,1318,603
2026-07-01 09:02:00,XYZ401,1752,798,693,34,6,1593,709
2026-07-01 09:02:00,XYZ402,539,209,322,116,4,432,192
2026-07-01 09:02:00,XYZ405,926,785,770,92,9,862,724
2026-07-01 09:02:00,XYZ406,859,389,163,73,12,737,337
2026-07-01 09:02:00,XYZ407,1723,598,381,146,13,1598,583
2026-07-01 09:02:00,XYZ408,1750,501,153,113,1,1599,483
2026-07-01 09:02:00,XYZ410,792,718,80,47,14,750,594
2026-07-01 09:03:00,XYZ410,561,793,428,38,11,525,733
2026-07-01 09:03:00,XYZ408,954,699,461,44,9,909,649
2026-07-01 09:03:00,XYZ407,1872,862,424,28,2,1614,785
2026-07-01 09:03:00,XYZ406,1719,687,162,71,10,1628,660
2026-07-01 09:03:00,XYZ402,1598,806,429,119,3,1280,741
2026-07-01 09:04:00,XYZ402,1824,331,775,119,13,1641,315
2026-07-01 09:04:00,XYZ406,1292,310,719,129,6,1045,262
2026-07-01 09:04:00,XYZ407,1582,248,167,119,15,1542,203
2026-07-01 09:04:00,XYZ408,513,277,149,51,15,471,258
2026-07-01 09:04:00,XYZ410,921,549,548,148,7,880,478
2026-07-01 09:05:00,XYZ406,1300,897,617,13,4,1069,803
2026-07-01 09:05:00,XYZ407,1418,257,171,145,6,1222,225
2026-07-01 09:05:00,XYZ408,1385,797,327,141,14,1146,676
2026-07-01 09:05:00,XYZ410,1107,924,427,40,4,1061,798
2026-07-01 09:06:00,XYZ406,1052,939,342,38,12,974,825
2026-07-01 09:06:00,XYZ408,1187,239,203,106,10,995,196
2026-07-01 09:06:00,XYZ410,984,849,736,105,15,962,701
2026-07-01 09:07:00,XYZ406,977,395,82,41,12,866,365
2026-07-01 10:00:00,XYZ401,1271,692,219,64,13,1173,672
2026-07-01 10:00:00,XYZ402,970,836,625,58,10,956,700
2026-07-01 10:00:00,XYZ403,1698,644,268,118,5,1486,610
2026-07-01 10:00:00,XYZ404,626,793,158,48,14,541,684
2026-07-01 10:00:00,XYZ405,931,354,437,94,2,814,334
2026-07-01 10:00:00,XYZ406,1702,626,595,96,14,1668,569
2026-07-01 10:00:00,XYZ407,1160,821,421,138,2,1135,658
2026-07-01 10:00:00,XYZ408,1586,355,50,93,7,1459,330
2026-07-01 10:00:00,XYZ409,681,425,138,111,6,668,364
2026-07-01 10:00:00,XYZ410,1457,963,245,132,9,1332,789
2026-07-01 10:01:00,XYZ410,1668,943,392,96,1,1628,850
2026-07-01 10:01:00,XYZ409,1025,624,637,92,12,991,541
2026-07-01 10:01:00,XYZ407,1796,797,102,57,2,1725,762
2026-07-01 10:01:00,XYZ406,1470,323,670,103,11,1344,304
2026-07-01 10:01:00,XYZ408,629,714,798,42,7,610,675
2026-07-01 10:01:00,XYZ404,1531,881,671,110,11,1247,781
2026-07-01 10:01:00,XYZ401,1784,441,148,146,12,1690,388
2026-07-01 10:01:00,XYZ402,965,604,427,92,7,905,556
2026-07-01 10:01:00,XYZ405,1447,559,584,68,11,1348,518
2026-07-01 10:01:00,XYZ403,1433,408,396,122,13,1363,347
2026-07-01 10:02:00,XYZ401,1291,335,486,55,10,1095,313
2026-07-01 10:02:00,XYZ402,1228,219,343,37,7,1147,210
2026-07-01 10:02:00,XYZ403,905,749,90,19,2,813,691
2026-07-01 10:02:00,XYZ404,1481,666,122,72,1,1371,639
2026-07-01 10:02:00,XYZ405,1088,254,740,113,8,938,240
2026-07-01 10:02:00,XYZ406,1423,273,103,145,6,1141,230
2026-07-01 10:02:00,XYZ407,1280,685,439,123,11,1224,658
2026-07-01 10:02:00,XYZ410,1199,551,514,39,3,1083,450
2026-07-01 10:03:00,XYZ410,1415,323,537,48,2,1224,311
2026-07-01 10:03:00,XYZ406,1807,376,282,22,11,1783,335
2026-07-01 10:03:00,XYZ404,1582,810,613,103,8,1348,670
2026-07-01 10:03:00,XYZ405,1893,549,150,49,1,1670,528
2026-07-01 10:03:00,XYZ402,919,607,237,128,14,755,550
2026-07-01 10:03:00,XYZ401,760,929,665,86,11,626,807
2026-07-01 10:03:00,XYZ403,630,605,299,57,10,611,486
2026-07-01 10:04:00,XYZ402,1821,889,104,146,4,1623,878
2026-07-01 10:04:00,XYZ403,871,316,307,50,9,714,267
2026-07-01 10:04:00,XYZ410,1383,662,705,22,10,1233,597
2026-07-01 10:05:00,XYZ403,848,634,566,62,2,708,556
2026-07-01 10:05:00,XYZ410,1937,207,380,112,6,1792,191
2026-07-01 10:06:00,XYZ403,1746,966,529,49,2,1563,870
2026-07-01 10:07:00,XYZ403,1951,995,326,81,6,1841,862
2026-07-01 11:00:00,XYZ410,1705,220,90,19,13,1371,179
2026-07-01 11:00:00,XYZ409,1752,342,502,79,6,1486,318
2026-07-01 11:00:00,XYZ408,1629,596,582,90,6,1342,583
2026-07-01 11:00:00,XYZ407,1332,783,475,34,8,1108,685
2026-07-01 11:00:00,XYZ406,1642,366,543,85,13,1370,316
2026-07-01 11:00:00,XYZ404,1519,855,738,93,11,1271,702
2026-07-01 11:00:00,XYZ401,1883,490,689,125,4,1787,460
2026-07-01 11:00:00,XYZ405,1954,976,535,98,7,1843,922
2026-07-01 11:00:00,XYZ403,1300,735,258,68,8,1102,628
2026-07-01 11:00:00,XYZ402,715,426,603,55,15,630,395
2026-07-01 11:01:00,XYZ401,568,699,600,107,15,477,674
2026-07-01 11:01:00,XYZ402,615,699,470,102,9,587,623
2026-07-01 11:01:00,XYZ404,1833,412,173,105,4,1612,342
2026-07-01 11:01:00,XYZ406,1020,907,223,36,6,991,844
2026-07-01 11:01:00,XYZ407,533,553,410,21,7,500,492
2026-07-01 11:01:00,XYZ408,1509,497,456,78,7,1353,443
2026-07-01 11:01:00,XYZ409,1336,903,151,91,7,1153,842
2026-07-01 11:01:00,XYZ410,1612,874,704,138,6,1465,750
2026-07-01 11:01:00,XYZ405,968,872,703,74,8,884,859
2026-07-01 11:02:00,XYZ410,614,607,233,71,6,556,554
2026-07-01 11:02:00,XYZ407,1434,681,130,48,3,1214,599
2026-07-01 11:02:00,XYZ408,880,437,314,66,12,764,386
2026-07-01 11:02:00,XYZ405,983,825,376,67,2,903,723
2026-07-01 11:02:00,XYZ404,1439,718,568,49,13,1358,610
2026-07-01 11:02:00,XYZ401,976,808,470,123,14,866,771
2026-07-01 11:02:00,XYZ406,1420,486,683,86,11,1338,390
2026-07-01 11:03:00,XYZ401,506,719,740,66,3,412,621
2026-07-01 11:03:00,XYZ405,1794,561,582,143,15,1593,531
2026-07-01 11:03:00,XYZ406,1365,569,71,68,13,1298,562
2026-07-01 11:03:00,XYZ407,1204,291,674,142,12,995,260
2026-07-01 11:03:00,XYZ408,1653,606,407,109,11,1361,499
2026-07-01 11:03:00,XYZ410,1759,433,457,44,4,1539,358
2026-07-01 11:04:00,XYZ410,1477,274,222,20,1,1319,224
2026-07-01 11:04:00,XYZ401,613,707,382,26,13,494,682
2026-07-01 11:04:00,XYZ406,1215,382,551,137,13,1192,367
2026-07-01 11:04:00,XYZ407,1918,431,153,42,13,1702,380
2026-07-01 11:04:00,XYZ408,1773,817,279,20,3,1433,685
2026-07-01 11:05:00,XYZ410,1254,903,699,102,2,1134,885
2026-07-01 11:05:00,XYZ406,1817,225,607,21,9,1589,213
2026-07-01 11:05:00,XYZ407,1644,728,578,54,10,1380,638
2026-07-01 11:06:00,XYZ410,1972,504,244,129,3,1795,413
2026-07-01 11:07:00,XYZ410,1084,419,309,141,15,982,347
2026-07-01 12:00:00,XYZ410,1540,670,633,135,12,1410,578
2026-07-01 12:00:00,XYZ409,1468,202,483,102,15,1338,195
2026-07-01 12:00:00,XYZ408,1508,478,719,93,10,1318,413
2026-07-01 12:00:00,XYZ407,895,952,611,121,1,851,873
2026-07-01 12:00:00,XYZ406,693,235,492,104,5,618,223
2026-07-01 12:00:00,XYZ404,1163,606,356,68,1,1147,502
2026-07-01 12:00:00,XYZ403,812,351,324,121,15,669,338
2026-07-01 12:00:00,XYZ402,1791,777,90,147,10,1503,699
2026-07-01 12:00:00,XYZ401,1409,830,252,60,5,1322,728
2026-07-01 12:00:00,XYZ405,607,541,569,109,2,511,507
2026-07-01 12:01:00,XYZ407,1199,977,398,71,10,1127,869
2026-07-01 12:01:00,XYZ410,959,846,433,49,1,917,755
2026-07-01 12:01:00,XYZ409,534,460,614,103,13,502,394
2026-07-01 12:01:00,XYZ408,1060,847,240,118,11,968,837
2026-07-01 12:01:00,XYZ406,1886,741,702,144,2,1516,683
2026-07-01 12:01:00,XYZ401,1835,937,446,98,3,1566,897
2026-07-01 12:01:00,XYZ404,1920,716,79,140,9,1832,579
2026-07-01 12:01:00,XYZ403,1051,980,608,89,5,1038,842
2026-07-01 12:01:00,XYZ402,1494,591,317,122,5,1285,566
2026-07-01 12:01:00,XYZ405,1197,682,69,26,2,1023,559
2026-07-01 12:02:00,XYZ406,632,519,780,137,6,620,511
2026-07-01 12:02:00,XYZ410,1020,801,71,95,7,825,665
2026-07-01 12:02:00,XYZ408,1384,892,84,142,7,1227,877
2026-07-01 12:02:00,XYZ405,991,385,452,65,5,835,357
2026-07-01 12:02:00,XYZ407,1513,336,798,107,5,1362,301
2026-07-01 12:02:00,XYZ403,502,944,403,125,13,412,877
2026-07-01 12:02:00,XYZ404,1448,725,483,101,9,1161,705
2026-07-01 12:02:00,XYZ402,817,459,617,116,10,782,417
2026-07-01 12:02:00,XYZ401,1787,312,353,93,7,1673,255
2026-07-01 12:03:00,XYZ402,1473,287,237,144,1,1264,250
2026-07-01 12:03:00,XYZ403,1417,965,450,121,1,1294,799
2026-07-01 12:03:00,XYZ404,1025,269,687,91,4,874,249
2026-07-01 12:03:00,XYZ406,1765,989,591,108,12,1476,934
2026-07-01 12:03:00,XYZ408,1454,988,263,28,5,1436,848
2026-07-01 12:03:00,XYZ410,1684,442,265,22,11,1571,407
2026-07-01 12:04:00,XYZ402,601,426,392,142,5,531,417
2026-07-01 12:04:00,XYZ403,1630,809,620,136,10,1344,798
2026-07-01 12:04:00,XYZ406,1640,613,168,55,1,1448,576
2026-07-01 12:04:00,XYZ410,1088,328,669,146,5,881,323
2026-07-01 12:05:00,XYZ406,1947,570,538,62,8,1841,550
2026-07-01 12:06:00,XYZ406,650,646,502,74,4,595,615
2026-07-01 12:07:00,XYZ406,1668,675,99,15,3,1451,654
2026-07-01 13:00:00,XYZ401,1084,654,425,30,10,979,541
2026-07-01 13:00:00,XYZ402,901,736,468,120,6,859,711
2026-07-01 13:00:00,XYZ403,1103,564,318,97,9,916,557
2026-07-01 13:00:00,XYZ404,736,760,576,143,6,617,616
2026-07-01 13:00:00,XYZ405,760,658,518,118,6,656,594
2026-07-01 13:00:00,XYZ406,524,818,387,50,4,427,722
2026-07-01 13:00:00,XYZ407,1832,284,695,80,2,1753,250
2026-07-01 13:00:00,XYZ408,826,343,628,145,2,725,293
2026-07-01 13:00:00,XYZ409,1676,997,136,62,7,1496,907
2026-07-01 13:00:00,XYZ410,988,329,154,82,2,885,267
2026-07-01 13:01:00,XYZ410,947,348,775,141,9,873,332
2026-07-01 13:01:00,XYZ409,659,932,465,121,1,591,856
2026-07-01 13:01:00,XYZ408,1318,436,750,88,1,1270,417
2026-07-01 13:01:00,XYZ406,1258,919,762,135,13,1035,777
2026-07-01 13:01:00,XYZ407,1749,483,713,83,13,1559,456
2026-07-01 13:01:00,XYZ404,1530,862,309,139,15,1283,723
2026-07-01 13:01:00,XYZ401,944,555,93,65,5,842,461
2026-07-01 13:01:00,XYZ402,1766,537,136,45,6,1498,475
2026-07-01 13:01:00,XYZ405,1846,863,607,34,5,1623,693
2026-07-01 13:01:00,XYZ403,1001,283,652,71,8,873,257
2026-07-01 13:02:00,XYZ401,1186,693,139,123,11,994,561
2026-07-01 13:02:00,XYZ402,1516,513,79,123,12,1328,487
2026-07-01 13:02:00,XYZ403,1234,860,788,45,15,1061,760
2026-07-01 13:02:00,XYZ404,1948,353,137,60,10,1604,285
2026-07-01 13:02:00,XYZ405,1847,613,696,53,8,1528,507
2026-07-01 13:02:00,XYZ406,744,971,242,46,14,712,890
2026-07-01 13:02:00,XYZ407,1056,337,131,57,6,894,309
2026-07-01 13:02:00,XYZ408,671,515,202,68,2,554,493
2026-07-01 13:02:00,XYZ409,1626,735,747,128,13,1422,678
2026-07-01 13:03:00,XYZ408,1535,801,211,80,15,1325,764
2026-07-01 13:03:00,XYZ409,1508,760,487,103,7,1425,721
2026-07-01 13:03:00,XYZ405,1607,243,371,31,6,1568,198
2026-07-01 13:03:00,XYZ403,1812,708,753,44,6,1587,650
2026-07-01 13:03:00,XYZ406,707,855,102,119,6,665,783
2026-07-01 13:04:00,XYZ403,1221,666,237,111,9,1196,605
2026-07-01 13:04:00,XYZ405,1841,382,589,125,14,1798,312
2026-07-01 13:04:00,XYZ406,833,838,61,86,9,716,678
2026-07-01 13:04:00,XYZ408,1682,719,620,120,6,1656,690
2026-07-01 13:05:00,XYZ403,883,265,439,116,6,780,219
2026-07-01 13:05:00,XYZ405,1365,541,205,105,15,1310,438
2026-07-01 13:05:00,XYZ406,802,496,572,37,1,790,483
2026-07-01 13:06:00,XYZ405,959,583,206,140,4,841,553
2026-07-01 14:00:00,XYZ406,1901,530,211,95,10,1786,472
2026-07-01 14:00:00,XYZ409,1247,814,608,88,7,1165,772
2026-07-01 14:00:00,XYZ408,1325,749,653,145,4,1276,658
2026-07-01 14:00:00,XYZ407,1966,278,284,56,8,1899,235
2026-07-01 14:00:00,XYZ410,1322,861,383,90,1,1156,783
2026-07-01 14:00:00,XYZ405,898,940,393,118,2,884,867
2026-07-01 14:00:00,XYZ403,1664,305,565,50,5,1634,275
2026-07-01 14:00:00,XYZ402,1660,993,260,76,4,1353,895
2026-07-01 14:00:00,XYZ401,1487,651,403,66,11,1426,563
2026-07-01 14:00:00,XYZ404,1804,841,708,22,10,1565,784
2026-07-01 14:01:00,XYZ410,1355,875,732,69,10,1124,771
2026-07-01 14:01:00,XYZ409,1915,941,439,21,14,1606,779
2026-07-01 14:01:00,XYZ407,1684,977,413,74,7,1447,933
2026-07-01 14:01:00,XYZ406,1250,853,543,11,8,1192,694
2026-07-01 14:01:00,XYZ405,1483,914,214,107,3,1464,893
2026-07-01 14:01:00,XYZ403,1889,372,695,119,2,1781,364
2026-07-01 14:01:00,XYZ402,1703,535,363,114,6,1625,479
2026-07-01 14:01:00,XYZ401,1304,479,710,74,1,1224,394
2026-07-01 14:01:00,XYZ404,1497,315,311,84,15,1235,305
2026-07-01 14:02:00,XYZ410,528,435,463,103,12,469,399
2026-07-01 14:02:00,XYZ409,1607,680,602,71,13,1446,577
2026-07-01 14:02:00,XYZ407,1280,635,158,54,8,1108,540
2026-07-01 14:02:00,XYZ406,1455,765,752,109,2,1350,701
2026-07-01 14:02:00,XYZ403,1563,216,573,140,6,1362,210
2026-07-01 14:02:00,XYZ404,1192,478,98,23,3,1084,434
2026-07-01 14:02:00,XYZ402,942,248,333,132,13,846,243
2026-07-01 14:02:00,XYZ401,1958,300,223,11,5,1886,295
2026-07-01 14:02:00,XYZ405,1230,924,628,38,1,1203,740
2026-07-01 14:03:00,XYZ409,1077,419,736,19,10,915,403
2026-07-01 14:03:00,XYZ401,546,665,251,55,15,469,654
2026-07-01 14:03:00,XYZ402,586,599,777,117,3,526,585
2026-07-01 14:03:00,XYZ403,1583,783,362,113,13,1542,759
2026-07-01 14:03:00,XYZ404,592,781,102,69,12,483,693
2026-07-01 14:03:00,XYZ405,1727,397,541,29,11,1633,328
2026-07-01 14:03:00,XYZ406,501,598,577,85,7,488,491
2026-07-01 14:03:00,XYZ407,1545,660,499,83,2,1283,606
2026-07-01 14:04:00,XYZ407,693,361,520,68,4,616,300
2026-07-01 14:04:00,XYZ404,800,644,659,105,8,773,535
2026-07-01 14:04:00,XYZ402,1190,231,749,121,13,1162,225
2026-07-01 14:05:00,XYZ402,988,812,174,85,4,886,726
2026-07-01 14:05:00,XYZ404,1243,363,717,47,4,1093,296
2026-07-01 14:05:00,XYZ407,807,959,343,51,4,759,833
2026-07-01 15:00:00,XYZ409,539,844,631,38,4,520,718
2026-07-01 15:00:00,XYZ408,1443,631,271,136,1,1219,622
2026-07-01 15:00:00,XYZ407,1671,680,708,133,8,1341,558
2026-07-01 15:00:00,XYZ406,1114,779,360,72,6,955,704
2026-07-01 15:00:00,XYZ410,1209,316,124,142,13,1031,268
2026-07-01 15:00:00,XYZ404,701,527,621,126,12,624,469
2026-07-01 15:00:00,XYZ403,1636,974,607,63,13,1353,929
2026-07-01 15:00:00,XYZ402,664,809,248,90,6,584,655
2026-07-01 15:00:00,XYZ401,1489,619,491,121,12,1344,557
2026-07-01 15:00:00,XYZ405,1513,840,309,102,4,1270,700
2026-07-01 15:01:00,XYZ410,827,353,222,56,6,700,346
2026-07-01 15:01:00,XYZ409,1730,801,635,147,11,1703,687
2026-07-01 15:01:00,XYZ408,1811,405,499,115,8,1595,351
2026-07-01 15:01:00,XYZ407,1316,797,492,56,6,1145,672
2026-07-01 15:01:00,XYZ405,601,443,392,74,5,537,436
2026-07-01 15:01:00,XYZ404,1643,621,612,113,4,1431,501
2026-07-01 15:01:00,XYZ403,1882,716,75,73,1,1744,574
2026-07-01 15:01:00,XYZ401,1433,899,374,90,14,1260,768
2026-07-01 15:01:00,XYZ406,1225,211,309,108,1,1084,170
2026-07-01 15:02:00,XYZ407,1689,869,267,52,4,1625,839
2026-07-01 15:02:00,XYZ410,1260,822,736,31,15,1048,683
2026-07-01 15:02:00,XYZ409,1470,887,403,40,10,1257,874
2026-07-01 15:02:00,XYZ406,1278,668,374,59,14,1022,602
2026-07-01 15:02:00,XYZ408,515,544,500,129,10,496,468
2026-07-01 15:02:00,XYZ404,691,371,114,68,14,673,298
2026-07-01 15:02:00,XYZ403,1815,547,351,137,4,1759,504
2026-07-01 15:02:00,XYZ401,1901,463,263,142,3,1615,420
2026-07-01 15:02:00,XYZ405,929,328,330,86,6,817,267
2026-07-01 15:03:00,XYZ401,1853,871,757,115,10,1662,808
2026-07-01 15:03:00,XYZ403,864,851,615,125,15,781,809
2026-07-01 15:03:00,XYZ408,1196,751,197,101,15,980,701
2026-07-01 15:03:00,XYZ410,1841,345,404,16,7,1563,333
2026-07-01 15:04:00,XYZ401,1647,958,569,138,15,1553,937
2026-07-01 15:04:00,XYZ403,1418,624,275,81,10,1309,559
2026-07-01 15:04:00,XYZ408,1406,935,407,147,5,1338,811
2026-07-01 15:04:00,XYZ410,1408,704,312,67,1,1179,631
2026-07-01 15:05:00,XYZ401,834,362,514,137,5,734,303
2026-07-01 15:05:00,XYZ403,1859,453,623,124,11,1567,394
2026-07-01 15:05:00,XYZ408,1982,477,523,141,1,1949,422
2026-07-01 15:06:00,XYZ408,1729,590,618,64,4,1450,549
2026-07-01 15:06:00,XYZ401,874,871,769,47,4,708,697
2026-07-01 15:07:00,XYZ408,1087,684,541,128,14,973,617
2026-07-01 16:00:00,XYZ401,1277,987,315,41,10,1178,879
2026-07-01 16:00:00,XYZ402,550,543,151,95,8,446,526
2026-07-01 16:00:00,XYZ403,1779,501,353,24,13,1618,423
2026-07-01 16:00:00,XYZ404,992,841,244,100,3,818,728
2026-07-01 16:00:00,XYZ405,613,584,599,79,6,549,493
2026-07-01 16:00:00,XYZ406,506,854,90,97,9,414,722
2026-07-01 16:00:00,XYZ407,1474,975,333,102,4,1248,812
2026-07-01 16:00:00,XYZ408,714,869,192,121,3,653,762
2026-07-01 16:00:00,XYZ409,1959,649,426,103,7,1801,567
2026-07-01 16:00:00,XYZ410,1724,627,654,89,7,1537,550
2026-07-01 16:01:00,XYZ410,1867,844,628,93,11,1620,700
2026-07-01 16:01:00,XYZ409,1577,492,376,127,12,1368,416
2026-07-01 16:01:00,XYZ408,1824,699,323,43,12,1738,685
2026-07-01 16:01:00,XYZ407,1174,687,369,84,7,958,627
2026-07-01 16:01:00,XYZ406,1990,862,382,33,15,1837,697
2026-07-01 16:01:00,XYZ405,771,984,718,27,9,739,943
2026-07-01 16:01:00,XYZ404,1812,347,578,126,14,1761,331
2026-07-01 16:01:00,XYZ403,1365,689,719,92,13,1267,559
2026-07-01 16:01:00,XYZ402,1684,323,328,131,15,1389,277
2026-07-01 16:01:00,XYZ401,1630,363,250,67,11,1403,311
2026-07-01 16:02:00,XYZ409,1894,826,239,63,13,1730,732
2026-07-01 16:02:00,XYZ408,792,959,604,80,3,706,949
2026-07-01 16:02:00,XYZ407,1484,460,775,11,9,1283,396
2026-07-01 16:02:00,XYZ406,1370,793,778,21,2,1184,726
2026-07-01 16:02:00,XYZ410,1392,753,546,94,5,1277,667
2026-07-01 16:02:00,XYZ404,852,459,607,48,9,765,370
2026-07-01 16:02:00,XYZ403,1796,372,406,119,3,1729,311
2026-07-01 16:02:00,XYZ402,1087,861,714,36,15,956,792
2026-07-01 16:02:00,XYZ401,1348,882,62,32,2,1131,835
2026-07-01 16:02:00,XYZ405,1941,419,153,108,15,1567,404
2026-07-01 16:03:00,XYZ410,1556,402,124,53,10,1298,397
2026-07-01 16:03:00,XYZ409,1554,567,414,15,15,1495,559
2026-07-01 16:03:00,XYZ408,1535,476,608,90,9,1460,394
2026-07-01 16:03:00,XYZ405,804,776,411,138,2,729,713
2026-07-01 16:03:00,XYZ403,1540,487,341,80,7,1491,443
2026-07-01 16:03:00,XYZ402,610,827,352,54,14,494,681
2026-07-01 16:03:00,XYZ401,713,604,206,141,5,575,549
2026-07-01 16:03:00,XYZ404,1486,796,631,46,14,1445,748
2026-07-01 16:04:00,XYZ401,1826,360,461,71,10,1772,321
2026-07-01 16:04:00,XYZ403,1513,408,254,12,3,1425,374
2026-07-01 16:04:00,XYZ408,1245,243,647,148,1,1009,201
2026-07-01 17:00:00,XYZ408,1552,654,555,53,10,1404,580
2026-07-01 17:00:00,XYZ410,676,598,225,31,10,597,488
2026-07-01 17:00:00,XYZ409,1539,967,259,15,9,1449,838
2026-07-01 17:00:00,XYZ407,537,925,566,57,15,484,893
2026-07-01 17:00:00,XYZ405,1260,779,767,48,10,1244,674
2026-07-01 17:00:00,XYZ403,934,857,240,112,6,786,713
2026-07-01 17:00:00,XYZ402,812,653,444,108,4,777,632
2026-07-01 17:00:00,XYZ401,841,641,771,149,11,768,575
2026-07-01 17:00:00,XYZ406,1767,313,176,83,11,1638,265
2026-07-01 17:01:00,XYZ409,1682,211,262,78,6,1619,172
2026-07-01 17:01:00,XYZ401,1023,211,480,19,7,864,201
2026-07-01 17:01:00,XYZ402,1404,730,325,109,6,1345,613
2026-07-01 17:01:00,XYZ403,1745,371,191,110,13,1416,312
2026-07-01 17:01:00,XYZ405,1612,220,390,143,8,1509,213
2026-07-01 17:01:00,XYZ406,1905,620,233,128,12,1792,521
2026-07-01 17:01:00,XYZ407,989,731,208,125,12,929,618
2026-07-01 17:01:00,XYZ408,829,618,757,113,15,691,574
2026-07-01 17:01:00,XYZ410,1463,709,124,92,11,1266,659
2026-07-01 17:02:00,XYZ410,1402,837,574,37,8,1285,720
2026-07-01 17:02:00,XYZ408,1611,401,717,122,2,1587,369
2026-07-01 17:02:00,XYZ406,1431,469,653,121,1,1266,406
2026-07-01 17:02:00,XYZ401,1963,300,251,107,9,1820,243
2026-07-01 17:02:00,XYZ403,1801,738,455,132,9,1583,636
2026-07-01 17:02:00,XYZ402,1949,581,205,17,13,1820,530
2026-07-01 17:02:00,XYZ405,1785,476,196,35,13,1595,471
2026-07-01 17:03:00,XYZ406,1336,402,422,57,6,1300,382
2026-07-01 17:03:00,XYZ408,589,358,681,49,6,568,297
2026-07-01 17:03:00,XYZ405,1832,714,80,17,4,1800,604
2026-07-01 17:03:00,XYZ410,1391,296,495,112,7,1192,281
2026-07-01 17:03:00,XYZ402,1034,419,212,113,9,829,400
2026-07-01 17:03:00,XYZ401,750,312,545,97,15,703,292
2026-07-01 17:03:00,XYZ403,1293,303,185,38,6,1233,272
2026-07-01 17:04:00,XYZ406,786,377,254,15,3,721,346
2026-07-01 17:04:00,XYZ408,655,716,490,26,11,526,580
2026-07-01 17:04:00,XYZ402,1378,455,404,148,7,1131,405
2026-07-01 17:04:00,XYZ403,725,664,418,48,11,662,554
2026-07-01 17:05:00,XYZ408,844,271,730,124,3,790,255
2026-07-01 17:05:00,XYZ403,1507,969,175,131,4,1313,938
2026-07-01 17:05:00,XYZ402,1000,213,108,94,12,867,182
2026-07-01 17:06:00,XYZ403,1023,634,74,101,5,939,562
2026-07-01 17:07:00,XYZ403,1766,772,52,29,3,1475,696
2026-07-01 18:00:00,XYZ410,616,828,499,122,7,584,803
2026-07-01 18:00:00,XYZ409,1274,654,117,24,10,1212,612
2026-07-01 18:00:00,XYZ408,775,353,538,117,10,629,338
2026-07-01 18:00:00,XYZ407,1762,558,493,72,14,1642,525
2026-07-01 18:00:00,XYZ406,1985,800,784,146,3,1812,747
2026-07-01 18:00:00,XYZ404,784,992,711,107,10,723,850
2026-07-01 18:00:00,XYZ403,1451,201,582,55,8,1333,198
2026-07-01 18:00:00,XYZ402,828,753,432,117,5,679,683
2026-07-01 18:00:00,XYZ401,1446,575,661,66,5,1176,515
2026-07-01 18:00:00,XYZ405,1749,779,733,41,3,1666,684
2026-07-01 18:01:00,XYZ407,900,237,700,23,8,761,190
2026-07-01 18:01:00,XYZ410,1675,999,623,52,1,1583,972
2026-07-01 18:01:00,XYZ409,528,829,604,33,10,465,668
2026-07-01 18:01:00,XYZ408,1313,766,321,77,14,1195,701
2026-07-01 18:01:00,XYZ406,1762,249,112,25,14,1638,241
2026-07-01 18:01:00,XYZ401,1247,900,160,79,6,1127,748
2026-07-01 18:01:00,XYZ404,774,438,776,62,12,730,404
2026-07-01 18:01:00,XYZ403,1758,359,281,52,2,1525,334
2026-07-01 18:01:00,XYZ402,1849,573,326,116,3,1624,503
2026-07-01 18:01:00,XYZ405,526,747,622,143,15,472,604
2026-07-01 18:02:00,XYZ407,621,337,77,59,14,506,294
2026-07-01 18:02:00,XYZ410,1631,978,221,82,15,1534,833
2026-07-01 18:02:00,XYZ409,827,399,706,73,14,817,375
2026-07-01 18:02:00,XYZ405,1324,696,126,89,11,1309,596
2026-07-01 18:02:00,XYZ406,1457,948,607,31,15,1386,782
2026-07-01 18:02:00,XYZ403,1855,942,726,58,7,1567,850
2026-07-01 18:02:00,XYZ402,1918,828,128,41,10,1582,811
2026-07-01 18:02:00,XYZ401,616,832,520,134,4,567,723
2026-07-01 18:02:00,XYZ404,715,431,715,133,3,616,362
2026-07-01 18:03:00,XYZ403,1504,347,533,27,3,1377,329
2026-07-01 18:03:00,XYZ404,1417,885,598,18,15,1351,795
2026-07-01 18:03:00,XYZ405,578,797,633,89,2,559,711
2026-07-01 18:03:00,XYZ406,1210,465,612,83,5,1021,432
2026-07-01 18:03:00,XYZ409,1890,713,75,67,3,1524,683
2026-07-01 18:03:00,XYZ410,925,536,97,45,4,829,457
2026-07-01 18:04:00,XYZ410,882,962,707,82,12,725,788
2026-07-01 18:04:00,XYZ404,621,387,224,127,3,507,380
2026-07-01 18:04:00,XYZ405,1019,648,386,84,2,901,640
2026-07-01 18:04:00,XYZ406,1663,382,606,44,1,1494,348
2026-07-01 18:05:00,XYZ405,794,831,747,69,1,722,778
2026-07-01 18:05:00,XYZ404,874,753,259,104,14,777,703
2026-07-01 19:00:00,XYZ401,1222,788,276,77,7,1110,758
2026-07-01 19:00:00,XYZ402,1819,924,620,83,3,1756,911
2026-07-01 19:00:00,XYZ403,864,777,606,48,9,844,659
2026-07-01 19:00:00,XYZ404,1752,863,122,31,9,1717,848
2026-07-01 19:00:00,XYZ405,1330,884,550,147,9,1209,751
2026-07-01 19:00:00,XYZ406,1494,327,98,43,4,1236,312
2026-07-01 19:00:00,XYZ407,900,736,167,123,10,789,681
2026-07-01 19:00:00,XYZ408,562,914,322,77,14,490,899
2026-07-01 19:00:00,XYZ409,1436,420,413,112,7,1224,362
2026-07-01 19:00:00,XYZ410,1576,417,250,105,14,1520,389
2026-07-01 19:01:00,XYZ409,900,312,50,136,11,731,250
2026-07-01 19:01:00,XYZ406,885,617,515,147,8,739,583
2026-07-01 19:01:00,XYZ410,966,980,253,105,10,780,896
2026-07-01 19:01:00,XYZ405,1810,652,311,106,12,1547,550
2026-07-01 19:01:00,XYZ408,1079,596,582,27,10,870,571
2026-07-01 19:01:00,XYZ403,1393,889,90,143,5,1293,715
2026-07-01 19:01:00,XYZ401,1531,426,639,26,10,1273,356
2026-07-01 19:01:00,XYZ404,650,359,563,105,6,603,328
2026-07-01 19:01:00,XYZ402,648,716,453,91,14,610,659
2026-07-01 19:02:00,XYZ402,1917,422,560,88,9,1813,343
2026-07-01 19:02:00,XYZ403,717,899,108,106,15,632,735
2026-07-01 19:02:00,XYZ404,993,348,582,98,10,906,329
2026-07-01 19:02:00,XYZ405,1567,760,738,88,2,1479,701
2026-07-01 19:02:00,XYZ406,1254,599,551,96,2,1139,515
2026-07-01 19:02:00,XYZ408,642,259,72,29,7,608,232
2026-07-01 19:02:00,XYZ409,1446,861,237,90,10,1251,781
2026-07-01 19:02:00,XYZ410,1087,971,682,41,14,1006,953
2026-07-01 19:03:00,XYZ409,506,675,276,46,1,433,619
2026-07-01 19:03:00,XYZ408,1533,907,173,108,7,1316,825
2026-07-01 19:03:00,XYZ405,876,579,468,148,3,761,556
2026-07-01 19:03:00,XYZ403,1774,278,662,70,4,1708,235
2026-07-01 19:03:00,XYZ402,1963,552,557,93,14,1900,484
2026-07-01 19:04:00,XYZ402,1119,221,74,81,6,989,198
2026-07-01 19:04:00,XYZ403,1670,249,375,111,6,1474,239
2026-07-01 19:04:00,XYZ405,686,585,715,78,3,606,551
2026-07-01 19:04:00,XYZ409,1361,494,151,134,1,1213,446
2026-07-01 19:05:00,XYZ403,1192,582,735,62,6,1041,488
2026-07-01 19:05:00,XYZ405,1670,565,353,34,7,1369,480
2026-07-01 19:05:00,XYZ409,1052,671,696,48,6,950,601
2026-07-01 19:06:00,XYZ405,1090,303,232,134,11,973,264
2026-07-01 19:07:00,XYZ405,1300,758,629,52,12,1237,630
2026-07-01 20:00:00,XYZ409,1699,372,213,48,3,1390,302
2026-07-01 20:00:00,XYZ407,1502,250,669,148,4,1217,244
2026-07-01 20:00:00,XYZ406,1439,301,494,137,14,1167,253
2026-07-01 20:00:00,XYZ410,1074,353,506,100,1,1051,323
2026-07-01 20:00:00,XYZ405,1820,854,296,45,8,1655,691
2026-07-01 20:00:00,XYZ403,1388,387,626,148,2,1331,312
2026-07-01 20:00:00,XYZ402,1819,447,651,72,5,1770,364
2026-07-01 20:00:00,XYZ401,1608,722,686,132,10,1453,589
2026-07-01 20:00:00,XYZ404,560,773,204,138,2,541,663
2026-07-01 20:01:00,XYZ401,1973,452,112,116,15,1672,424
2026-07-01 20:01:00,XYZ402,1385,321,598,143,8,1196,282
2026-07-01 20:01:00,XYZ403,1774,311,443,118,14,1694,279
2026-07-01 20:01:00,XYZ404,1880,824,349,103,4,1859,814
2026-07-01 20:01:00,XYZ405,1841,843,362,131,3,1537,754
2026-07-01 20:01:00,XYZ406,981,560,50,29,7,788,488
2026-07-01 20:01:00,XYZ407,503,975,599,104,15,457,836
2026-07-01 20:01:00,XYZ410,1787,561,751,144,11,1621,449
2026-07-01 20:02:00,XYZ410,1078,730,685,63,7,891,645
2026-07-01 20:02:00,XYZ407,1145,676,779,14,3,917,603
2026-07-01 20:02:00,XYZ406,765,420,476,13,4,739,358
2026-07-01 20:02:00,XYZ405,1171,847,378,125,4,1144,686
2026-07-01 20:02:00,XYZ402,658,840,447,22,4,580,728
2026-07-01 20:02:00,XYZ401,1436,594,480,122,15,1400,491
2026-07-01 20:02:00,XYZ404,913,892,243,100,14,777,820
2026-07-01 20:03:00,XYZ401,1488,895,339,110,4,1347,873
2026-07-01 20:03:00,XYZ402,817,854,277,98,11,692,731
2026-07-01 20:03:00,XYZ404,958,434,734,11,8,890,422
2026-07-01 20:03:00,XYZ405,1867,636,61,92,6,1759,606
2026-07-01 20:03:00,XYZ406,1894,381,742,74,13,1634,370
2026-07-01 20:03:00,XYZ407,1316,241,736,68,11,1130,198
2026-07-01 20:03:00,XYZ410,1480,992,762,36,4,1259,928
2026-07-01 20:04:00,XYZ410,1119,807,176,49,6,1041,762
2026-07-01 20:04:00,XYZ404,1493,518,774,140,13,1434,421
2026-07-01 20:04:00,XYZ406,741,267,291,137,14,632,217
2026-07-01 20:04:00,XYZ407,835,427,669,63,2,819,395
2026-07-01 20:05:00,XYZ410,1550,682,72,47,11,1343,640
2026-07-01 20:05:00,XYZ407,1249,970,198,147,14,1155,866
2026-07-01 20:05:00,XYZ404,1864,973,763,94,11,1616,846
2026-07-01 20:06:00,XYZ404,1524,437,301,67,1,1469,415
2026-07-01 20:06:00,XYZ410,958,962,285,128,9,863,834
2026-07-01 20:07:00,XYZ410,1129,689,520,147,11,946,621
2026-07-01 21:00:00,XYZ410,531,289,678,24,8,430,264
2026-07-01 21:00:00,XYZ409,1161,982,700,65,15,1061,848
2026-07-01 21:00:00,XYZ408,700,540,217,50,13,580,528
2026-07-01 21:00:00,XYZ407,1424,758,596,112,2,1376,699
2026-07-01 21:00:00,XYZ406,1069,544,339,149,4,860,517
2026-07-01 21:00:00,XYZ405,743,864,774,99,6,611,843
2026-07-01 21:00:00,XYZ404,1165,429,554,11,5,967,409
2026-07-01 21:00:00,XYZ403,1456,256,556,32,4,1409,232
2026-07-01 21:00:00,XYZ402,510,563,390,114,15,463,496
2026-07-01 21:00:00,XYZ401,1278,264,689,110,5,1106,216
2026-07-01 21:01:00,XYZ410,687,291,272,70,7,672,235
2026-07-01 21:01:00,XYZ409,1230,486,332,66,1,1099,417
2026-07-01 21:01:00,XYZ408,810,255,72,98,4,782,234
2026-07-01 21:01:00,XYZ407,1574,811,424,25,15,1373,698
2026-07-01 21:01:00,XYZ402,1438,930,479,149,3,1288,823
2026-07-01 21:01:00,XYZ404,1456,991,187,45,12,1185,877
2026-07-01 21:01:00,XYZ401,646,849,671,10,5,575,788
2026-07-01 21:01:00,XYZ405,862,967,165,66,2,838,795
2026-07-01 21:02:00,XYZ401,1456,877,707,57,14,1278,809
2026-07-01 21:02:00,XYZ402,1879,818,589,61,7,1659,727
2026-07-01 21:02:00,XYZ405,520,714,344,93,6,468,667
2026-07-01 21:02:00,XYZ407,1353,753,373,122,15,1260,654
2026-07-01 21:02:00,XYZ408,1978,359,730,139,15,1941,315
2026-07-01 21:02:00,XYZ409,1790,304,188,42,12,1511,252
2026-07-01 21:02:00,XYZ410,698,423,593,36,9,679,393
2026-07-01 21:03:00,XYZ408,605,410,284,99,11,504,376
2026-07-01 21:03:00,XYZ409,1691,850,797,82,13,1372,835
2026-07-01 21:03:00,XYZ407,1609,452,426,63,6,1347,384
2026-07-01 21:03:00,XYZ401,1252,902,687,70,8,1083,739
2026-07-01 21:03:00,XYZ402,1670,303,609,22,3,1480,283
2026-07-01 21:03:00,XYZ405,769,526,267,140,13,747,425
2026-07-01 21:04:00,XYZ401,1413,666,708,137,13,1320,566
2026-07-01 21:04:00,XYZ407,1425,619,528,144,2,1336,570
2026-07-01 21:04:00,XYZ408,880,398,672,71,13,761,329
2026-07-01 21:04:00,XYZ409,1204,743,190,140,1,1034,695
2026-07-01 21:05:00,XYZ407,685,817,731,66,4,589,673
2026-07-01 21:05:00,XYZ409,1083,576,680,34,11,978,504
2026-07-01 21:05:00,XYZ401,1569,256,668,64,10,1419,211
2026-07-01 21:06:00,XYZ401,1739,413,54,66,12,1491,385
2026-07-01 21:06:00,XYZ407,628,878,351,65,12,550,720
2026-07-01 21:06:00,XYZ409,1607,502,504,66,6,1457,476
2026-07-01 22:00:00,XYZ407,1169,544,351,138,2,1069,458
2026-07-01 22:00:00,XYZ410,1930,275,586,113,3,1838,257
2026-07-01 22:00:00,XYZ409,1506,259,682,68,10,1363,233
2026-07-01 22:00:00,XYZ408,1165,523,338,108,14,1131,475
2026-07-01 22:00:00,XYZ406,1175,520,753,66,15,980,444
2026-07-01 22:00:00,XYZ401,953,780,113,97,10,824,759
2026-07-01 22:00:00,XYZ404,1887,487,84,92,8,1559,425
2026-07-01 22:00:00,XYZ403,1540,793,373,132,13,1293,782
2026-07-01 22:00:00,XYZ402,1036,211,777,26,9,1001,207
2026-07-01 22:00:00,XYZ405,1451,391,408,135,6,1175,364
2026-07-01 22:01:00,XYZ408,1005,507,549,146,7,814,446
2026-07-01 22:01:00,XYZ410,1904,789,647,131,15,1856,640
2026-07-01 22:01:00,XYZ409,941,911,718,129,10,837,779
2026-07-01 22:01:00,XYZ407,554,340,708,94,1,501,305
2026-07-01 22:01:00,XYZ406,1621,852,328,71,11,1507,818
2026-07-01 22:01:00,XYZ405,1986,219,708,129,12,1646,175
2026-07-01 22:01:00,XYZ404,1903,604,412,36,5,1705,529
2026-07-01 22:01:00,XYZ403,1238,662,409,48,7,1030,602
2026-07-01 22:01:00,XYZ402,653,969,669,117,2,632,887
2026-07-01 22:01:00,XYZ401,521,421,793,30,11,479,372
2026-07-01 22:02:00,XYZ401,1953,733,94,124,12,1818,649
2026-07-01 22:02:00,XYZ403,1420,323,524,70,10,1166,277
2026-07-01 22:02:00,XYZ404,1769,928,748,115,6,1451,773
2026-07-01 22:02:00,XYZ406,1960,559,386,58,2,1873,508
2026-07-01 22:02:00,XYZ407,591,635,631,129,11,506,618
2026-07-01 22:02:00,XYZ409,667,502,697,87,3,569,418
2026-07-01 22:02:00,XYZ410,749,488,600,94,8,710,419
2026-07-01 22:03:00,XYZ410,802,902,500,37,12,671,793
2026-07-01 22:03:00,XYZ409,1085,550,713,71,3,1064,455
2026-07-01 22:03:00,XYZ407,1091,797,565,85,12,1030,647
2026-07-01 22:03:00,XYZ406,523,512,724,110,7,428,503
2026-07-01 22:03:00,XYZ404,1514,635,272,143,6,1227,583
2026-07-01 22:03:00,XYZ403,886,690,495,29,2,804,579
2026-07-01 22:03:00,XYZ401,894,219,339,77,2,749,214
2026-07-01 22:04:00,XYZ401,833,265,350,81,6,680,220
2026-07-01 22:04:00,XYZ403,1810,409,745,61,14,1611,333
2026-07-01 22:04:00,XYZ407,1774,854,645,61,11,1750,748
2026-07-01 22:04:00,XYZ409,1386,605,62,103,11,1222,513
2026-07-01 22:04:00,XYZ410,1184,824,537,24,8,1009,735
2026-07-01 22:05:00,XYZ409,707,317,62,17,15,646,267
2026-07-01 22:05:00,XYZ410,513,625,356,118,11,493,533
2026-07-01 23:00:00,XYZ410,784,549,703,120,10,740,495
2026-07-01 23:00:00,XYZ409,1299,317,591,70,8,1276,280
2026-07-01 23:00:00,XYZ408,1136,404,224,18,8,987,361
2026-07-01 23:00:00,XYZ407,1787,366,557,40,5,1455,340
2026-07-01 23:00:00,XYZ405,655,988,773,85,9,571,961
2026-07-01 23:00:00,XYZ402,829,628,722,31,7,817,611
2026-07-01 23:00:00,XYZ404,574,332,275,27,2,565,297
2026-07-01 23:00:00,XYZ403,1109,510,516,78,3,1041,456
2026-07-01 23:00:00,XYZ401,528,761,228,31,4,477,673
2026-07-01 23:00:00,XYZ406,1313,910,180,75,10,1185,776
2026-07-01 23:01:00,XYZ410,1693,656,124,122,14,1371,617
2026-07-01 23:01:00,XYZ409,1846,216,548,131,13,1543,200
2026-07-01 23:01:00,XYZ407,1803,366,531,52,13,1584,360
2026-07-01 23:01:00,XYZ406,1399,360,259,104,12,1163,331
2026-07-01 23:01:00,XYZ408,1468,297,388,17,1,1324,248
2026-07-01 23:01:00,XYZ404,1414,276,681,135,1,1150,252
2026-07-01 23:01:00,XYZ403,1636,832,367,145,14,1392,751
2026-07-01 23:01:00,XYZ402,903,811,436,35,11,866,706
2026-07-01 23:01:00,XYZ401,630,742,457,67,13,543,655
2026-07-01 23:01:00,XYZ405,1973,960,68,93,8,1750,920
2026-07-01 23:02:00,XYZ401,973,830,697,73,7,844,779
2026-07-01 23:02:00,XYZ403,890,363,589,136,11,865,299
2026-07-01 23:02:00,XYZ404,536,615,140,35,5,429,565
2026-07-01 23:02:00,XYZ405,852,598,744,65,14,729,535
2026-07-01 23:02:00,XYZ406,808,453,487,93,13,732,435
2026-07-01 23:02:00,XYZ407,1756,487,596,58,9,1522,398
2026-07-01 23:02:00,XYZ409,1237,996,622,99,3,1063,932
2026-07-01 23:02:00,XYZ410,1882,621,175,116,3,1651,609
2026-07-01 23:03:00,XYZ407,1587,786,403,70,15,1357,689
2026-07-01 23:03:00,XYZ406,1168,990,783,95,9,1063,814
2026-07-01 23:03:00,XYZ409,1368,829,264,145,9,1137,744
2026-07-01 23:03:00,XYZ403,581,528,786,91,5,562,515
2026-07-01 23:03:00,XYZ401,848,672,123,149,10,801,568
2026-07-01 23:03:00,XYZ404,1091,472,186,84,6,1023,428
2026-07-01 23:03:00,XYZ410,1209,445,497,65,11,998,439
2026-07-01 23:04:00,XYZ403,927,863,150,22,5,770,822
2026-07-01 23:04:00,XYZ401,625,575,410,146,3,576,560
2026-07-01 23:04:00,XYZ410,758,967,158,15,15,635,919
2026-07-01 23:05:00,XYZ410,1343,488,651,68,9,1246,407
2026-07-01 23:05:00,XYZ403,1003,865,506,90,13,908,753
2026-07-01 23:06:00,XYZ403,1576,753,748,67,14,1376,668
