timestamp,ue_id,cell_id,event,result,cause
2026-07-01 00:00:00,UE0,XYZ402,SIP_BYE,SUCCESS,NORMAL
2026-07-01 01:00:00,UE1,XYZ402,PDU_RELEASE,SUCCESS,IMS_TIMEOUT
2026-07-01 02:00:00,UE2,XYZ403,SIP_BYE,DROP,NORMAL
2026-07-01 03:00:00,UE3,XYZ403,SIP_INVITE,SUCCESS,QOS_FLOW_FAIL
2026-07-01 04:00:00,UE4,XYZ402,SIP_INVITE,SUCCESS,IMS_TIMEOUT
2026-07-01 05:00:00,UE5,XYZ402,SIP_BYE,DROP,QOS_FLOW_FAIL
2026-07-01 06:00:00,UE6,XYZ402,SIP_BYE,SUCCESS,QOS_FLOW_FAIL
2026-07-01 07:00:00,UE7,XYZ403,SIP_INVITE,DROP,IMS_TIMEOUT
2026-07-01 08:00:00,UE8,XYZ402,SIP_INVITE,DROP,NORMAL
2026-07-01 09:00:00,UE9,XYZ403,PDU_RELEASE,DROP,QOS_FLOW_FAIL
2026-07-01 10:00:00,UE10,XYZ403,SIP_INVITE,DROP,QOS_FLOW_FAIL
2026-07-01 11:00:00,UE11,XYZ402,SIP_BYE,SUCCESS,NORMAL
2026-07-01 12:00:00,UE12,XYZ401,SIP_BYE,SUCCESS,IMS_TIMEOUT
2026-07-01 13:00:00,UE13,XYZ402,SIP_INVITE,SUCCESS,QOS_FLOW_FAIL
2026-07-01 14:00:00,UE14,XYZ401,PDU_RELEASE,SUCCESS,IMS_TIMEOUT
2026-07-01 15:00:00,UE15,XYZ401,SIP_INVITE,DROP,IMS_TIMEOUT
2026-07-01 16:00:00,UE16,XYZ403,SIP_INVITE,DROP,QOS_FLOW_FAIL
2026-07-01 17:00:00,UE17,XYZ401,PDU_RELEASE,SUCCESS,IMS_TIMEOUT
2026-07-01 18:00:00,UE18,XYZ402,PDU_RELEASE,SUCCESS,NORMAL
2026-07-01 19:00:00,UE19,XYZ403,SIP_INVITE,DROP,QOS_FLOW_FAIL
2026-07-01 20:00:00,UE20,XYZ401,PDU_RELEASE,SUCCESS,QOS_FLOW_FAIL
2026-07-01 21:00:00,UE21,XYZ401,SIP_INVITE,DROP,NORMAL
2026-07-01 22:00:00,UE22,XYZ402,SIP_INVITE,SUCCESS,QOS_FLOW_FAIL
2026-07-01 23:00:00,UE23,XYZ403,SIP_INVITE,SUCCESS,IMS_TIMEOUT
2026-07-01 00:00:00,UE24,XYZ403,SIP_INVITE,SUCCESS,IMS_TIMEOUT
2026-07-01 01:00:00,UE25,XYZ402,PDU_RELEASE,DROP,QOS_FLOW_FAIL
2026-07-01 02:00:00,UE26,XYZ402,PDU_RELEASE,DROP,NORMAL
2026-07-01 03:00:00,UE27,XYZ402,SIP_INVITE,SUCCESS,QOS_FLOW_FAIL
2026-07-01 04:00:00,UE28,XYZ403,SIP_BYE,DROP,IMS_TIMEOUT
2026-07-01 05:00:00,UE29,XYZ401,SIP_BYE,SUCCESS,IMS_TIMEOUT
2026-07-01 06:00:00,UE30,XYZ402,SIP_BYE,SUCCESS,IMS_TIMEOUT
2026-07-01 07:00:00,UE31,XYZ401,PDU_RELEASE,SUCCESS,QOS_FLOW_FAIL
2026-07-01 08:00:00,UE32,XYZ402,PDU_RELEASE,SUCCESS,QOS_FLOW_FAIL
2026-07-01 09:00:00,UE33,XYZ401,SIP_BYE,SUCCESS,QOS_FLOW_FAIL
2026-07-01 10:00:00,UE34,XYZ403,SIP_BYE,SUCCESS,NORMAL
2026-07-01 11:00:00,UE35,XYZ401,SIP_INVITE,DROP,NORMAL
2026-07-01 12:00:00,UE36,XYZ403,PDU_RELEASE,SUCCESS,IMS_TIMEOUT
2026-07-01 13:00:00,UE37,XYZ402,SIP_BYE,DROP,IMS_TIMEOUT
2026-07-01 14:00:00,UE38,XYZ402,SIP_BYE,DROP,QOS_FLOW_FAIL
2026-07-01 15:00:00,UE39,XYZ403,SIP_BYE,DROP,NORMAL
2026-07-01 16:00:00,UE40,XYZ403,SIP_BYE,DROP,IMS_TIMEOUT
2026-07-01 17:00:00,UE41,XYZ401,SIP_BYE,SUCCESS,NORMAL
2026-07-01 18:00:00,UE42,XYZ401,PDU_RELEASE,SUCCESS,NORMAL
2026-07-01 19:00:00,UE43,XYZ401,PDU_RELEASE,SUCCESS,QOS_FLOW_FAIL
2026-07-01 20:00:00,UE44,XYZ401,SIP_BYE,DROP,IMS_TIMEOUT
2026-07-01 21:00:00,UE45,XYZ403,SIP_BYE,SUCCESS,NORMAL
2026-07-01 22:00:00,UE46,XYZ403,PDU_RELEASE,DROP,QOS_FLOW_FAIL
2026-07-01 23:00:00,UE47,XYZ403,SIP_INVITE,SUCCESS,NORMAL
2026-07-01 00:00:00,UE48,XYZ403,SIP_INVITE,SUCCESS,QOS_FLOW_FAIL
2026-07-01 01:00:00,UE49,XYZ401,SIP_BYE,SUCCESS,IMS_TIMEOUT
2026-07-01 02:00:00,UE50,XYZ403,SIP_INVITE,DROP,NORMAL
2026-07-01 03:00:00,UE51,XYZ403,PDU_RELEASE,DROP,IMS_TIMEOUT
2026-07-01 04:00:00,UE52,XYZ401,SIP_BYE,DROP,IMS_TIMEOUT
2026-07-01 05:00:00,UE53,XYZ402,SIP_BYE,DROP,QOS_FLOW_FAIL
2026-07-01 06:00:00,UE54,XYZ403,SIP_INVITE,SUCCESS,QOS_FLOW_FAIL
2026-07-01 07:00:00,UE55,XYZ403,SIP_INVITE,DROP,IMS_TIMEOUT
2026-07-01 08:00:00,UE56,XYZ403,SIP_INVITE,DROP,QOS_FLOW_FAIL
2026-07-01 09:00:00,UE57,XYZ401,PDU_RELEASE,DROP,IMS_TIMEOUT
2026-07-01 10:00:00,UE58,XYZ402,SIP_INVITE,SUCCESS,QOS_FLOW_FAIL
2026-07-01 11:00:00,UE59,XYZ403,SIP_INVITE,SUCCESS,NORMAL
2026-07-01 12:00:00,UE60,XYZ402,PDU_RELEASE,SUCCESS,NORMAL
2026-07-01 13:00:00,UE61,XYZ402,PDU_RELEASE,SUCCESS,QOS_FLOW_FAIL
2026-07-01 14:00:00,UE62,XYZ402,SIP_INVITE,SUCCESS,NORMAL
2026-07-01 15:00:00,UE63,XYZ403,PDU_RELEASE,DROP,IMS_TIMEOUT
2026-07-01 16:00:00,UE64,XYZ403,PDU_RELEASE,DROP,IMS_TIMEOUT
2026-07-01 17:00:00,UE65,XYZ402,SIP_INVITE,DROP,QOS_FLOW_FAIL
2026-07-01 18:00:00,UE66,XYZ401,PDU_RELEASE,SUCCESS,NORMAL
2026-07-01 19:00:00,UE67,XYZ403,PDU_RELEASE,SUCCESS,IMS_TIMEOUT
2026-07-01 20:00:00,UE68,XYZ401,SIP_BYE,SUCCESS,QOS_FLOW_FAIL
2026-07-01 21:00:00,UE69,XYZ402,PDU_RELEASE,DROP,QOS_FLOW_FAIL
2026-07-01 22:00:00,UE70,XYZ403,PDU_RELEASE,SUCCESS,IMS_TIMEOUT
2026-07-01 23:00:00,UE71,XYZ403,PDU_RELEASE,DROP,QOS_FLOW_FAIL
2026-07-01 00:00:00,UE72,XYZ402,SIP_BYE,SUCCESS,NORMAL
2026-07-01 01:00:00,UE73,XYZ402,SIP_BYE,DROP,NORMAL
2026-07-01 02:00:00,UE74,XYZ403,SIP_BYE,DROP,QOS_FLOW_FAIL
2026-07-01 03:00:00,UE75,XYZ401,SIP_BYE,SUCCESS,QOS_FLOW_FAIL
2026-07-01 04:00:00,UE76,XYZ401,SIP_INVITE,DROP,NORMAL
2026-07-01 05:00:00,UE77,XYZ402,SIP_BYE,SUCCESS,IMS_TIMEOUT
2026-07-01 06:00:00,UE78,XYZ402,SIP_BYE,SUCCESS,QOS_FLOW_FAIL
2026-07-01 07:00:00,UE79,XYZ403,SIP_INVITE,DROP,NORMAL
2026-07-01 08:00:00,UE80,XYZ403,SIP_INVITE,SUCCESS,IMS_TIMEOUT
2026-07-01 09:00:00,UE81,XYZ401,PDU_RELEASE,DROP,NORMAL
2026-07-01 10:00:00,UE82,XYZ401,SIP_BYE,DROP,QOS_FLOW_FAIL
2026-07-01 11:00:00,UE83,XYZ403,SIP_BYE,SUCCESS,IMS_TIMEOUT
2026-07-01 12:00:00,UE84,XYZ402,SIP_INVITE,SUCCESS,QOS_FLOW_FAIL
2026-07-01 13:00:00,UE85,XYZ403,SIP_INVITE,DROP,IMS_TIMEOUT
2026-07-01 14:00:00,UE86,XYZ401,SIP_BYE,SUCCESS,QOS_FLOW_FAIL
2026-07-01 15:00:00,UE87,XYZ403,PDU_RELEASE,SUCCESS,NORMAL
2026-07-01 16:00:00,UE88,XYZ402,PDU_RELEASE,SUCCESS,IMS_TIMEOUT
2026-07-01 17:00:00,UE89,XYZ403,PDU_RELEASE,SUCCESS,IMS_TIMEOUT
2026-07-01 18:00:00,UE90,XYZ401,SIP_INVITE,DROP,IMS_TIMEOUT
2026-07-01 19:00:00,UE91,XYZ403,PDU_RELEASE,SUCCESS,IMS_TIMEOUT
2026-07-01 20:00:00,UE92,XYZ403,PDU_RELEASE,DROP,NORMAL
2026-07-01 21:00:00,UE93,XYZ401,SIP_INVITE,DROP,NORMAL
2026-07-01 22:00:00,UE94,XYZ403,SIP_INVITE,SUCCESS,IMS_TIMEOUT
2026-07-01 23:00:00,UE95,XYZ401,SIP_INVITE,DROP,QOS_FLOW_FAIL
2026-07-01 00:00:00,UE96,XYZ403,SIP_INVITE,SUCCESS,NORMAL
2026-07-01 01:00:00,UE97,XYZ401,SIP_BYE,SUCCESS,NORMAL
2026-07-01 02:00:00,UE98,XYZ402,SIP_INVITE,DROP,IMS_TIMEOUT
2026-07-01 03:00:00,UE99,XYZ403,SIP_BYE,SUCCESS,IMS_TIMEOUT
2026-07-01 04:00:00,UE100,XYZ403,PDU_RELEASE,SUCCESS,IMS_TIMEOUT
2026-07-01 05:00:00,UE101,XYZ401,SIP_INVITE,SUCCESS,NORMAL
2026-07-01 06:00:00,UE102,XYZ401,PDU_RELEASE,DROP,QOS_FLOW_FAIL
2026-07-01 07:00:00,UE103,XYZ401,PDU_RELEASE,SUCCESS,IMS_TIMEOUT
2026-07-01 08:00:00,UE104,XYZ401,SIP_INVITE,DROP,QOS_FLOW_FAIL
2026-07-01 09:00:00,UE105,XYZ401,PDU_RELEASE,DROP,QOS_FLOW_FAIL
2026-07-01 10:00:00,UE106,XYZ402,SIP_BYE,DROP,IMS_TIMEOUT
2026-07-01 11:00:00,UE107,XYZ402,SIP_BYE,SUCCESS,QOS_FLOW_FAIL
2026-07-01 12:00:00,UE108,XYZ401,PDU_RELEASE,DROP,QOS_FLOW_FAIL
2026-07-01 13:00:00,UE109,XYZ402,PDU_RELEASE,SUCCESS,NORMAL
2026-07-01 14:00:00,UE110,XYZ403,PDU_RELEASE,DROP,IMS_TIMEOUT
2026-07-01 15:00:00,UE111,XYZ402,SIP_BYE,SUCCESS,QOS_FLOW_FAIL
2026-07-01 16:00:00,UE112,XYZ403,SIP_BYE,DROP,QOS_FLOW_FAIL
2026-07-01 17:00:00,UE113,XYZ401,PDU_RELEASE,SUCCESS,IMS_TIMEOUT
2026-07-01 18:00:00,UE114,XYZ402,PDU_RELEASE,DROP,QOS_FLOW_FAIL
2026-07-01 19:00:00,UE115,XYZ401,PDU_RELEASE,DROP,NORMAL
2026-07-01 20:00:00,UE116,XYZ401,SIP_INVITE,SUCCESS,IMS_TIMEOUT
2026-07-01 21:00:00,UE117,XYZ402,PDU_RELEASE,DROP,NORMAL
2026-07-01 22:00:00,UE118,XYZ401,SIP_BYE,SUCCESS,IMS_TIMEOUT
2026-07-01 23:00:00,UE119,XYZ402,SIP_BYE,SUCCESS,NORMAL
2026-07-01 00:00:00,UE120,XYZ402,SIP_BYE,SUCCESS,IMS_TIMEOUT
2026-07-01 01:00:00,UE121,XYZ401,SIP_BYE,SUCCESS,NORMAL
2026-07-01 02:00:00,UE122,XYZ403,SIP_INVITE,DROP,NORMAL
2026-07-01 03:00:00,UE123,XYZ401,SIP_INVITE,SUCCESS,QOS_FLOW_FAIL
2026-07-01 04:00:00,UE124,XYZ402,SIP_INVITE,DROP,QOS_FLOW_FAIL
2026-07-01 05:00:00,UE125,XYZ403,PDU_RELEASE,SUCCESS,IMS_TIMEOUT
2026-07-01 06:00:00,UE126,XYZ402,PDU_RELEASE,SUCCESS,QOS_FLOW_FAIL
2026-07-01 07:00:00,UE127,XYZ403,SIP_INVITE,DROP,NORMAL
2026-07-01 08:00:00,UE128,XYZ401,SIP_BYE,SUCCESS,NORMAL
2026-07-01 09:00:00,UE129,XYZ401,PDU_RELEASE,DROP,QOS_FLOW_FAIL
2026-07-01 10:00:00,UE130,XYZ402,SIP_INVITE,DROP,NORMAL
2026-07-01 11:00:00,UE131,XYZ401,PDU_RELEASE,SUCCESS,NORMAL
2026-07-01 12:00:00,UE132,XYZ401,SIP_BYE,SUCCESS,IMS_TIMEOUT
2026-07-01 13:00:00,UE133,XYZ403,SIP_INVITE,DROP,IMS_TIMEOUT
2026-07-01 14:00:00,UE134,XYZ401,PDU_RELEASE,SUCCESS,QOS_FLOW_FAIL
2026-07-01 15:00:00,UE135,XYZ401,SIP_INVITE,SUCCESS,IMS_TIMEOUT
2026-07-01 16:00:00,UE136,XYZ401,SIP_INVITE,DROP,QOS_FLOW_FAIL
2026-07-01 17:00:00,UE137,XYZ401,SIP_INVITE,SUCCESS,QOS_FLOW_FAIL
2026-07-01 18:00:00,UE138,XYZ403,SIP_BYE,SUCCESS,QOS_FLOW_FAIL
2026-07-01 19:00:00,UE139,XYZ403,PDU_RELEASE,SUCCESS,QOS_FLOW_FAIL
2026-07-01 20:00:00,UE140,XYZ401,PDU_RELEASE,SUCCESS,QOS_FLOW_FAIL
2026-07-01 21:00:00,UE141,XYZ401,SIP_INVITE,DROP,IMS_TIMEOUT
2026-07-01 22:00:00,UE142,XYZ403,SIP_INVITE,DROP,QOS_FLOW_FAIL
2026-07-01 23:00:00,UE143,XYZ403,SIP_INVITE,SUCCESS,QOS_FLOW_FAIL
2026-07-01 00:00:00,UE144,XYZ403,PDU_RELEASE,SUCCESS,QOS_FLOW_FAIL
2026-07-01 01:00:00,UE145,XYZ401,SIP_INVITE,DROP,IMS_TIMEOUT
2026-07-01 02:00:00,UE146,XYZ402,SIP_BYE,DROP,NORMAL
2026-07-01 03:00:00,UE147,XYZ403,PDU_RELEASE,SUCCESS,IMS_TIMEOUT
2026-07-01 04:00:00,UE148,XYZ401,SIP_INVITE,SUCCESS,IMS_TIMEOUT
2026-07-01 05:00:00,UE149,XYZ403,SIP_INVITE,DROP,IMS_TIMEOUT
2026-07-01 06:00:00,UE150,XYZ403,SIP_INVITE,SUCCESS,NORMAL
2026-07-01 07:00:00,UE151,XYZ402,PDU_RELEASE,DROP,IMS_TIMEOUT
2026-07-01 08:00:00,UE152,XYZ403,SIP_BYE,DROP,NORMAL
2026-07-01 09:00:00,UE153,XYZ402,SIP_BYE,SUCCESS,QOS_FLOW_FAIL
2026-07-01 10:00:00,UE154,XYZ401,SIP_BYE,SUCCESS,IMS_TIMEOUT
2026-07-01 11:00:00,UE155,XYZ403,SIP_INVITE,DROP,NORMAL
2026-07-01 12:00:00,UE156,XYZ402,SIP_INVITE,SUCCESS,IMS_TIMEOUT
2026-07-01 13:00:00,UE157,XYZ403,SIP_INVITE,DROP,NORMAL
2026-07-01 14:00:00,UE158,XYZ401,SIP_INVITE,DROP,IMS_TIMEOUT
2026-07-01 15:00:00,UE159,XYZ403,SIP_BYE,DROP,NORMAL
2026-07-01 16:00:00,UE160,XYZ401,PDU_RELEASE,SUCCESS,QOS_FLOW_FAIL
2026-07-01 17:00:00,UE161,XYZ403,SIP_BYE,SUCCESS,NORMAL
2026-07-01 18:00:00,UE162,XYZ402,SIP_BYE,SUCCESS,QOS_FLOW_FAIL
2026-07-01 19:00:00,UE163,XYZ401,PDU_RELEASE,SUCCESS,QOS_FLOW_FAIL
2026-07-01 20:00:00,UE164,XYZ402,PDU_RELEASE,DROP,QOS_FLOW_FAIL
2026-07-01 21:00:00,UE165,XYZ401,PDU_RELEASE,DROP,IMS_TIMEOUT
2026-07-01 22:00:00,UE166,XYZ401,PDU_RELEASE,SUCCESS,NORMAL
2026-07-01 23:00:00,UE167,XYZ403,SIP_BYE,DROP,NORMAL
2026-07-01 00:00:00,UE168,XYZ403,SIP_INVITE,DROP,QOS_FLOW_FAIL
2026-07-01 01:00:00,UE169,XYZ403,PDU_RELEASE,SUCCESS,IMS_TIMEOUT
2026-07-01 02:00:00,UE170,XYZ401,SIP_BYE,DROP,QOS_FLOW_FAIL
2026-07-01 03:00:00,UE171,XYZ403,PDU_RELEASE,SUCCESS,QOS_FLOW_FAIL
2026-07-01 04:00:00,UE172,XYZ403,SIP_BYE,SUCCESS,NORMAL
2026-07-01 05:00:00,UE173,XYZ402,SIP_BYE,DROP,IMS_TIMEOUT
2026-07-01 06:00:00,UE174,XYZ402,SIP_INVITE,DROP,IMS_TIMEOUT
2026-07-01 07:00:00,UE175,XYZ402,SIP_BYE,DROP,NORMAL
2026-07-01 08:00:00,UE176,XYZ401,SIP_BYE,DROP,NORMAL
2026-07-01 09:00:00,UE177,XYZ403,PDU_RELEASE,DROP,QOS_FLOW_FAIL
2026-07-01 10:00:00,UE178,XYZ401,PDU_RELEASE,DROP,NORMAL
2026-07-01 11:00:00,UE179,XYZ402,SIP_INVITE,DROP,QOS_FLOW_FAIL
2026-07-01 12:00:00,UE180,XYZ403,SIP_INVITE,SUCCESS,IMS_TIMEOUT
2026-07-01 13:00:00,UE181,XYZ403,SIP_INVITE,SUCCESS,NORMAL
2026-07-01 14:00:00,UE182,XYZ402,SIP_BYE,DROP,QOS_FLOW_FAIL
2026-07-01 15:00:00,UE183,XYZ402,SIP_INVITE,SUCCESS,QOS_FLOW_FAIL
2026-07-01 16:00:00,UE184,XYZ403,SIP_BYE,DROP,NORMAL
2026-07-01 17:00:00,UE185,XYZ403,PDU_RELEASE,DROP,IMS_TIMEOUT
2026-07-01 18:00:00,UE186,XYZ403,PDU_RELEASE,SUCCESS,IMS_TIMEOUT
2026-07-01 19:00:00,UE187,XYZ401,SIP_INVITE,DROP,IMS_TIMEOUT
2026-07-01 20:00:00,UE188,XYZ402,SIP_INVITE,SUCCESS,QOS_FLOW_FAIL
2026-07-01 21:00:00,UE189,XYZ402,SIP_BYE,SUCCESS,IMS_TIMEOUT
2026-07-01 22:00:00,UE190,XYZ403,SIP_INVITE,SUCCESS,IMS_TIMEOUT
2026-07-01 23:00:00,UE191,XYZ401,PDU_RELEASE,SUCCESS,IMS_TIMEOUT
2026-07-01 00:00:00,UE192,XYZ402,SIP_BYE,DROP,NORMAL
2026-07-01 01:00:00,UE193,XYZ402,SIP_INVITE,SUCCESS,IMS_TIMEOUT
2026-07-01 02:00:00,UE194,XYZ402,SIP_INVITE,DROP,IMS_TIMEOUT
2026-07-01 03:00:00,UE195,XYZ403,SIP_BYE,DROP,IMS_TIMEOUT
2026-07-01 04:00:00,UE196,XYZ401,SIP_BYE,DROP,QOS_FLOW_FAIL
2026-07-01 05:00:00,UE197,XYZ403,SIP_BYE,SUCCESS,QOS_FLOW_FAIL
2026-07-01 06:00:00,UE198,XYZ402,SIP_INVITE,DROP,NORMAL
2026-07-01 07:00:00,UE199,XYZ401,PDU_RELEASE,SUCCESS,NORMAL
2026-07-01 08:00:00,UE200,XYZ401,SIP_INVITE,SUCCESS,IMS_TIMEOUT
2026-07-01 09:00:00,UE201,XYZ401,SIP_BYE,SUCCESS,IMS_TIMEOUT
2026-07-01 10:00:00,UE202,XYZ401,SIP_BYE,SUCCESS,IMS_TIMEOUT
2026-07-01 11:00:00,UE203,XYZ403,PDU_RELEASE,DROP,IMS_TIMEOUT
2026-07-01 12:00:00,UE204,XYZ401,PDU_RELEASE,SUCCESS,IMS_TIMEOUT
2026-07-01 13:00:00,UE205,XYZ403,SIP_BYE,SUCCESS,NORMAL
2026-07-01 14:00:00,UE206,XYZ403,PDU_RELEASE,SUCCESS,IMS_TIMEOUT
2026-07-01 15:00:00,UE207,XYZ401,PDU_RELEASE,SUCCESS,QOS_FLOW_FAIL
2026-07-01 16:00:00,UE208,XYZ402,SIP_INVITE,SUCCESS,IMS_TIMEOUT
2026-07-01 17:00:00,UE209,XYZ402,SIP_BYE,SUCCESS,QOS_FLOW_FAIL
2026-07-01 18:00:00,UE210,XYZ403,SIP_INVITE,DROP,NORMAL
2026-07-01 19:00:00,UE211,XYZ402,SIP_BYE,SUCCESS,QOS_FLOW_FAIL
2026-07-01 20:00:00,UE212,XYZ403,SIP_BYE,DROP,QOS_FLOW_FAIL
2026-07-01 21:00:00,UE213,XYZ403,PDU_RELEASE,SUCCESS,IMS_TIMEOUT
2026-07-01 22:00:00,UE214,XYZ402,SIP_BYE,DROP,QOS_FLOW_FAIL
2026-07-01 23:00:00,UE215,XYZ403,SIP_INVITE,SUCCESS,NORMAL
2026-07-01 00:00:00,UE216,XYZ403,PDU_RELEASE,DROP,IMS_TIMEOUT
2026-07-01 01:00:00,UE217,XYZ403,PDU_RELEASE,SUCCESS,IMS_TIMEOUT
2026-07-01 02:00:00,UE218,XYZ401,SIP_INVITE,DROP,QOS_FLOW_FAIL
2026-07-01 03:00:00,UE219,XYZ401,SIP_INVITE,DROP,QOS_FLOW_FAIL
2026-07-01 04:00:00,UE220,XYZ402,SIP_INVITE,SUCCESS,NORMAL
2026-07-01 05:00:00,UE221,XYZ401,SIP_INVITE,DROP,NORMAL
2026-07-01 06:00:00,UE222,XYZ402,SIP_BYE,DROP,NORMAL
2026-07-01 07:00:00,UE223,XYZ402,SIP_BYE,SUCCESS,NORMAL
2026-07-01 08:00:00,UE224,XYZ403,SIP_INVITE,SUCCESS,NORMAL
2026-07-01 09:00:00,UE225,XYZ403,SIP_INVITE,SUCCESS,IMS_TIMEOUT
2026-07-01 10:00:00,UE226,XYZ402,PDU_RELEASE,SUCCESS,QOS_FLOW_FAIL
2026-07-01 11:00:00,UE227,XYZ403,SIP_BYE,DROP,IMS_TIMEOUT
2026-07-01 12:00:00,UE228,XYZ401,SIP_BYE,DROP,NORMAL
2026-07-01 13:00:00,UE229,XYZ401,SIP_BYE,SUCCESS,QOS_FLOW_FAIL
2026-07-01 14:00:00,UE230,XYZ402,SIP_INVITE,DROP,NORMAL
2026-07-01 15:00:00,UE231,XYZ403,SIP_INVITE,SUCCESS,NORMAL
2026-07-01 16:00:00,UE232,XYZ403,PDU_RELEASE,SUCCESS,IMS_TIMEOUT
2026-07-01 17:00:00,UE233,XYZ402,PDU_RELEASE,DROP,QOS_FLOW_FAIL
2026-07-01 18:00:00,UE234,XYZ403,PDU_RELEASE,SUCCESS,QOS_FLOW_FAIL
2026-07-01 19:00:00,UE235,XYZ403,SIP_BYE,SUCCESS,QOS_FLOW_FAIL
2026-07-01 20:00:00,UE236,XYZ402,PDU_RELEASE,DROP,QOS_FLOW_FAIL
2026-07-01 21:00:00,UE237,XYZ403,PDU_RELEASE,DROP,IMS_TIMEOUT
2026-07-01 22:00:00,UE238,XYZ401,SIP_BYE,DROP,QOS_FLOW_FAIL
2026-07-01 23:00:00,UE239,XYZ401,SIP_BYE,DROP,QOS_FLOW_FAIL
2026-07-01 00:00:00,UE240,XYZ403,SIP_BYE,DROP,IMS_TIMEOUT
2026-07-01 01:00:00,UE241,XYZ402,SIP_BYE,DROP,NORMAL
2026-07-01 02:00:00,UE242,XYZ401,PDU_RELEASE,DROP,QOS_FLOW_FAIL
2026-07-01 03:00:00,UE243,XYZ403,SIP_INVITE,DROP,NORMAL
2026-07-01 04:00:00,UE244,XYZ403,SIP_BYE,SUCCESS,QOS_FLOW_FAIL
2026-07-01 05:00:00,UE245,XYZ402,SIP_BYE,SUCCESS,NORMAL
2026-07-01 06:00:00,UE246,XYZ402,SIP_BYE,DROP,QOS_FLOW_FAIL
2026-07-01 07:00:00,UE247,XYZ401,SIP_INVITE,SUCCESS,QOS_FLOW_FAIL
2026-07-01 08:00:00,UE248,XYZ403,PDU_RELEASE,SUCCESS,QOS_FLOW_FAIL
2026-07-01 09:00:00,UE249,XYZ402,PDU_RELEASE,SUCCESS,QOS_FLOW_FAIL
2026-07-01 10:00:00,UE250,XYZ402,SIP_INVITE,DROP,IMS_TIMEOUT
2026-07-01 11:00:00,UE251,XYZ402,SIP_BYE,SUCCESS,NORMAL
2026-07-01 12:00:00,UE252,XYZ401,PDU_RELEASE,DROP,NORMAL
2026-07-01 13:00:00,UE253,XYZ402,SIP_BYE,SUCCESS,QOS_FLOW_FAIL
2026-07-01 14:00:00,UE254,XYZ403,SIP_BYE,DROP,NORMAL
2026-07-01 15:00:00,UE255,XYZ402,SIP_BYE,DROP,IMS_TIMEOUT
2026-07-01 16:00:00,UE256,XYZ402,PDU_RELEASE,SUCCESS,NORMAL
2026-07-01 17:00:00,UE257,XYZ402,PDU_RELEASE,DROP,NORMAL
2026-07-01 18:00:00,UE258,XYZ401,SIP_BYE,DROP,IMS_TIMEOUT
2026-07-01 19:00:00,UE259,XYZ403,SIP_INVITE,DROP,IMS_TIMEOUT
2026-07-01 20:00:00,UE260,XYZ401,PDU_RELEASE,DROP,NORMAL
2026-07-01 21:00:00,UE261,XYZ402,PDU_RELEASE,DROP,QOS_FLOW_FAIL
2026-07-01 22:00:00,UE262,XYZ403,PDU_RELEASE,SUCCESS,QOS_FLOW_FAIL
2026-07-01 23:00:00,UE263,XYZ402,SIP_INVITE,DROP,IMS_TIMEOUT
2026-07-01 00:00:00,UE264,XYZ401,PDU_RELEASE,SUCCESS,IMS_TIMEOUT
2026-07-01 01:00:00,UE265,XYZ403,SIP_INVITE,SUCCESS,IMS_TIMEOUT
2026-07-01 02:00:00,UE266,XYZ402,SIP_BYE,SUCCESS,IMS_TIMEOUT
2026-07-01 03:00:00,UE267,XYZ403,SIP_INVITE,DROP,NORMAL
2026-07-01 04:00:00,UE268,XYZ402,SIP_INVITE,DROP,QOS_FLOW_FAIL
2026-07-01 05:00:00,UE269,XYZ403,SIP_INVITE,DROP,NORMAL
2026-07-01 06:00:00,UE270,XYZ401,PDU_RELEASE,SUCCESS,IMS_TIMEOUT
2026-07-01 07:00:00,UE271,XYZ402,PDU_RELEASE,DROP,IMS_TIMEOUT
2026-07-01 08:00:00,UE272,XYZ402,PDU_RELEASE,DROP,IMS_TIMEOUT
2026-07-01 09:00:00,UE273,XYZ401,SIP_INVITE,DROP,QOS_FLOW_FAIL
2026-07-01 10:00:00,UE274,XYZ403,SIP_BYE,SUCCESS,NORMAL
2026-07-01 11:00:00,UE275,XYZ403,SIP_INVITE,DROP,QOS_FLOW_FAIL
2026-07-01 12:00:00,UE276,XYZ402,SIP_BYE,SUCCESS,QOS_FLOW_FAIL
2026-07-01 13:00:00,UE277,XYZ403,PDU_RELEASE,SUCCESS,IMS_TIMEOUT
2026-07-01 14:00:00,UE278,XYZ403,SIP_BYE,SUCCESS,QOS_FLOW_FAIL
2026-07-01 15:00:00,UE279,XYZ403,PDU_RELEASE,DROP,QOS_FLOW_FAIL
2026-07-01 16:00:00,UE280,XYZ402,PDU_RELEASE,DROP,QOS_FLOW_FAIL
2026-07-01 17:00:00,UE281,XYZ403,SIP_BYE,SUCCESS,IMS_TIMEOUT
2026-07-01 18:00:00,UE282,XYZ401,SIP_BYE,DROP,IMS_TIMEOUT
2026-07-01 19:00:00,UE283,XYZ403,SIP_INVITE,SUCCESS,IMS_TIMEOUT
2026-07-01 20:00:00,UE284,XYZ403,PDU_RELEASE,DROP,NORMAL
2026-07-01 21:00:00,UE285,XYZ401,SIP_BYE,DROP,IMS_TIMEOUT
2026-07-01 22:00:00,UE286,XYZ401,PDU_RELEASE,DROP,IMS_TIMEOUT
2026-07-01 23:00:00,UE287,XYZ403,SIP_INVITE,DROP,QOS_FLOW_FAIL
2026-07-01 00:00:00,UE288,XYZ401,SIP_BYE,DROP,NORMAL
2026-07-01 01:00:00,UE289,XYZ402,PDU_RELEASE,SUCCESS,IMS_TIMEOUT
2026-07-01 02:00:00,UE290,XYZ403,PDU_RELEASE,SUCCESS,QOS_FLOW_FAIL
2026-07-01 03:00:00,UE291,XYZ403,PDU_RELEASE,SUCCESS,IMS_TIMEOUT
2026-07-01 04:00:00,UE292,XYZ403,SIP_BYE,SUCCESS,QOS_FLOW_FAIL
2026-07-01 05:00:00,UE293,XYZ401,SIP_INVITE,DROP,NORMAL
2026-07-01 06:00:00,UE294,XYZ403,PDU_RELEASE,SUCCESS,QOS_FLOW_FAIL
2026-07-01 07:00:00,UE295,XYZ401,SIP_INVITE,DROP,QOS_FLOW_FAIL
2026-07-01 08:00:00,UE296,XYZ401,PDU_RELEASE,SUCCESS,NORMAL
2026-07-01 09:00:00,UE297,XYZ401,SIP_BYE,SUCCESS,QOS_FLOW_FAIL
2026-07-01 10:00:00,UE298,XYZ403,PDU_RELEASE,SUCCESS,QOS_FLOW_FAIL
2026-07-01 11:00:00,UE299,XYZ403,SIP_INVITE,DROP,IMS_TIMEOUT
2026-07-01 12:00:00,UE300,XYZ403,PDU_RELEASE,DROP,QOS_FLOW_FAIL
2026-07-01 13:00:00,UE301,XYZ402,SIP_BYE,SUCCESS,IMS_TIMEOUT
2026-07-01 14:00:00,UE302,XYZ403,PDU_RELEASE,SUCCESS,NORMAL
2026-07-01 15:00:00,UE303,XYZ401,SIP_INVITE,SUCCESS,QOS_FLOW_FAIL
2026-07-01 16:00:00,UE304,XYZ403,SIP_BYE,SUCCESS,IMS_TIMEOUT
2026-07-01 17:00:00,UE305,XYZ402,PDU_RELEASE,DROP,QOS_FLOW_FAIL
2026-07-01 18:00:00,UE306,XYZ401,SIP_BYE,SUCCESS,IMS_TIMEOUT
2026-07-01 19:00:00,UE307,XYZ401,SIP_BYE,SUCCESS,IMS_TIMEOUT
2026-07-01 20:00:00,UE308,XYZ401,PDU_RELEASE,SUCCESS,NORMAL
2026-07-01 21:00:00,UE309,XYZ403,PDU_RELEASE,SUCCESS,IMS_TIMEOUT
2026-07-01 22:00:00,UE310,XYZ403,PDU_RELEASE,SUCCESS,IMS_TIMEOUT
2026-07-01 23:00:00,UE311,XYZ402,PDU_RELEASE,SUCCESS,QOS_FLOW_FAIL
2026-07-01 00:00:00,UE312,XYZ401,SIP_BYE,DROP,IMS_TIMEOUT
2026-07-01 01:00:00,UE313,XYZ402,SIP_BYE,SUCCESS,QOS_FLOW_FAIL
2026-07-01 02:00:00,UE314,XYZ401,SIP_INVITE,DROP,QOS_FLOW_FAIL
2026-07-01 03:00:00,UE315,XYZ401,SIP_INVITE,SUCCESS,IMS_TIMEOUT
2026-07-01 04:00:00,UE316,XYZ402,PDU_RELEASE,DROP,NORMAL
2026-07-01 05:00:00,UE317,XYZ403,PDU_RELEASE,SUCCESS,NORMAL
2026-07-01 06:00:00,UE318,XYZ401,SIP_INVITE,SUCCESS,QOS_FLOW_FAIL
2026-07-01 07:00:00,UE319,XYZ403,SIP_BYE,DROP,QOS_FLOW_FAIL
2026-07-01 08:00:00,UE320,XYZ403,SIP_BYE,DROP,IMS_TIMEOUT
2026-07-01 09:00:00,UE321,XYZ401,PDU_RELEASE,DROP,NORMAL
2026-07-01 10:00:00,UE322,XYZ402,SIP_INVITE,DROP,NORMAL
2026-07-01 11:00:00,UE323,XYZ401,PDU_RELEASE,SUCCESS,NORMAL
2026-07-01 12:00:00,UE324,XYZ402,SIP_INVITE,SUCCESS,QOS_FLOW_FAIL
2026-07-01 13:00:00,UE325,XYZ403,SIP_INVITE,SUCCESS,QOS_FLOW_FAIL
2026-07-01 14:00:00,UE326,XYZ402,SIP_INVITE,SUCCESS,IMS_TIMEOUT
2026-07-01 15:00:00,UE327,XYZ403,SIP_INVITE,SUCCESS,NORMAL
2026-07-01 16:00:00,UE328,XYZ401,SIP_BYE,DROP,IMS_TIMEOUT
2026-07-01 17:00:00,UE329,XYZ403,PDU_RELEASE,DROP,NORMAL
2026-07-01 18:00:00,UE330,XYZ401,SIP_INVITE,SUCCESS,QOS_FLOW_FAIL
2026-07-01 19:00:00,UE331,XYZ402,SIP_INVITE,SUCCESS,QOS_FLOW_FAIL
2026-07-01 20:00:00,UE332,XYZ402,SIP_INVITE,SUCCESS,NORMAL
2026-07-01 21:00:00,UE333,XYZ401,PDU_RELEASE,SUCCESS,QOS_FLOW_FAIL
2026-07-01 22:00:00,UE334,XYZ403,SIP_INVITE,SUCCESS,QOS_FLOW_FAIL
2026-07-01 23:00:00,UE335,XYZ402,PDU_RELEASE,SUCCESS,QOS_FLOW_FAIL
2026-07-01 00:00:00,UE336,XYZ402,SIP_INVITE,DROP,NORMAL
2026-07-01 01:00:00,UE337,XYZ402,PDU_RELEASE,DROP,NORMAL
2026-07-01 02:00:00,UE338,XYZ403,SIP_INVITE,SUCCESS,QOS_FLOW_FAIL
2026-07-01 03:00:00,UE339,XYZ401,PDU_RELEASE,SUCCESS,QOS_FLOW_FAIL
2026-07-01 04:00:00,UE340,XYZ403,PDU_RELEASE,DROP,QOS_FLOW_FAIL
2026-07-01 05:00:00,UE341,XYZ402,SIP_BYE,DROP,IMS_TIMEOUT
2026-07-01 06:00:00,UE342,XYZ403,SIP_INVITE,SUCCESS,IMS_TIMEOUT
2026-07-01 07:00:00,UE343,XYZ401,SIP_INVITE,SUCCESS,IMS_TIMEOUT
2026-07-01 08:00:00,UE344,XYZ401,SIP_INVITE,SUCCESS,NORMAL
2026-07-01 09:00:00,UE345,XYZ403,SIP_INVITE,DROP,NORMAL
2026-07-01 10:00:00,UE346,XYZ402,PDU_RELEASE,DROP,QOS_FLOW_FAIL
2026-07-01 11:00:00,UE347,XYZ403,SIP_INVITE,DROP,IMS_TIMEOUT
2026-07-01 12:00:00,UE348,XYZ402,SIP_INVITE,SUCCESS,IMS_TIMEOUT
2026-07-01 13:00:00,UE349,XYZ403,SIP_BYE,DROP,NORMAL
2026-07-01 14:00:00,UE350,XYZ403,SIP_BYE,DROP,NORMAL
2026-07-01 15:00:00,UE351,XYZ403,SIP_INVITE,SUCCESS,QOS_FLOW_FAIL
2026-07-01 16:00:00,UE352,XYZ402,SIP_INVITE,SUCCESS,QOS_FLOW_FAIL
2026-07-01 17:00:00,UE353,XYZ401,SIP_BYE,DROP,QOS_FLOW_FAIL
2026-07-01 18:00:00,UE354,XYZ402,PDU_RELEASE,SUCCESS,QOS_FLOW_FAIL
2026-07-01 19:00:00,UE355,XYZ403,SIP_INVITE,DROP,QOS_FLOW_FAIL
2026-07-01 20:00:00,UE356,XYZ402,SIP_INVITE,SUCCESS,QOS_FLOW_FAIL
2026-07-01 21:00:00,UE357,XYZ401,SIP_BYE,SUCCESS,QOS_FLOW_FAIL
2026-07-01 22:00:00,UE358,XYZ403,PDU_RELEASE,SUCCESS,QOS_FLOW_FAIL
2026-07-01 23:00:00,UE359,XYZ403,SIP_INVITE,DROP,QOS_FLOW_FAIL
2026-07-01 00:00:00,UE360,XYZ401,SIP_INVITE,SUCCESS,IMS_TIMEOUT
2026-07-01 01:00:00,UE361,XYZ401,PDU_RELEASE,SUCCESS,QOS_FLOW_FAIL
2026-07-01 02:00:00,UE362,XYZ403,PDU_RELEASE,DROP,QOS_FLOW_FAIL
2026-07-01 03:00:00,UE363,XYZ402,SIP_BYE,DROP,IMS_TIMEOUT
2026-07-01 04:00:00,UE364,XYZ401,SIP_INVITE,DROP,IMS_TIMEOUT
2026-07-01 05:00:00,UE365,XYZ403,SIP_BYE,SUCCESS,NORMAL
2026-07-01 06:00:00,UE366,XYZ401,PDU_RELEASE,DROP,QOS_FLOW_FAIL
2026-07-01 07:00:00,UE367,XYZ401,SIP_BYE,DROP,QOS_FLOW_FAIL
2026-07-01 08:00:00,UE368,XYZ403,SIP_INVITE,SUCCESS,QOS_FLOW_FAIL
2026-07-01 09:00:00,UE369,XYZ403,PDU_RELEASE,DROP,IMS_TIMEOUT
2026-07-01 10:00:00,UE370,XYZ401,SIP_BYE,SUCCESS,QOS_FLOW_FAIL
2026-07-01 11:00:00,UE371,XYZ402,PDU_RELEASE,SUCCESS,NORMAL
2026-07-01 12:00:00,UE372,XYZ402,SIP_INVITE,SUCCESS,NORMAL
2026-07-01 13:00:00,UE373,XYZ401,SIP_BYE,SUCCESS,IMS_TIMEOUT
2026-07-01 14:00:00,UE374,XYZ403,SIP_BYE,SUCCESS,IMS_TIMEOUT
2026-07-01 15:00:00,UE375,XYZ403,PDU_RELEASE,SUCCESS,IMS_TIMEOUT
2026-07-01 16:00:00,UE376,XYZ402,SIP_INVITE,SUCCESS,IMS_TIMEOUT
2026-07-01 17:00:00,UE377,XYZ403,SIP_BYE,DROP,IMS_TIMEOUT
2026-07-01 18:00:00,UE378,XYZ403,PDU_RELEASE,DROP,IMS_TIMEOUT
2026-07-01 19:00:00,UE379,XYZ401,SIP_BYE,SUCCESS,NORMAL
2026-07-01 20:00:00,UE380,XYZ402,SIP_BYE,DROP,NORMAL
2026-07-01 21:00:00,UE381,XYZ402,SIP_BYE,SUCCESS,IMS_TIMEOUT
2026-07-01 22:00:00,UE382,XYZ402,SIP_INVITE,SUCCESS,IMS_TIMEOUT
2026-07-01 23:00:00,UE383,XYZ403,SIP_BYE,DROP,QOS_FLOW_FAIL
2026-07-01 00:00:00,UE384,XYZ402,PDU_RELEASE,SUCCESS,IMS_TIMEOUT
2026-07-01 01:00:00,UE385,XYZ402,SIP_BYE,SUCCESS,NORMAL
2026-07-01 02:00:00,UE386,XYZ401,SIP_INVITE,DROP,NORMAL
2026-07-01 03:00:00,UE387,XYZ402,PDU_RELEASE,DROP,NORMAL
2026-07-01 04:00:00,UE388,XYZ403,SIP_INVITE,SUCCESS,NORMAL
2026-07-01 05:00:00,UE389,XYZ403,SIP_BYE,DROP,IMS_TIMEOUT
2026-07-01 06:00:00,UE390,XYZ401,SIP_INVITE,DROP,QOS_FLOW_FAIL
2026-07-01 07:00:00,UE391,XYZ403,PDU_RELEASE,DROP,IMS_TIMEOUT
2026-07-01 08:00:00,UE392,XYZ403,SIP_BYE,SUCCESS,QOS_FLOW_FAIL
2026-07-01 09:00:00,UE393,XYZ403,SIP_INVITE,DROP,QOS_FLOW_FAIL
2026-07-01 10:00:00,UE394,XYZ401,PDU_RELEASE,DROP,NORMAL
2026-07-01 11:00:00,UE395,XYZ403,PDU_RELEASE,SUCCESS,QOS_FLOW_FAIL
2026-07-01 12:00:00,UE396,XYZ401,PDU_RELEASE,SUCCESS,IMS_TIMEOUT
2026-07-01 13:00:00,UE397,XYZ401,SIP_BYE,DROP,IMS_TIMEOUT
2026-07-01 14:00:00,UE398,XYZ403,PDU_RELEASE,SUCCESS,NORMAL
2026-07-01 15:00:00,UE399,XYZ403,PDU_RELEASE,DROP,NORMAL
2026-07-01 16:00:00,UE400,XYZ402,SIP_BYE,DROP,IMS_TIMEOUT
2026-07-01 17:00:00,UE401,XYZ401,SIP_BYE,DROP,IMS_TIMEOUT
2026-07-01 18:00:00,UE402,XYZ403,SIP_INVITE,SUCCESS,QOS_FLOW_FAIL
2026-07-01 19:00:00,UE403,XYZ402,SIP_BYE,SUCCESS,NORMAL
2026-07-01 20:00:00,UE404,XYZ403,SIP_INVITE,DROP,QOS_FLOW_FAIL
2026-07-01 21:00:00,UE405,XYZ402,PDU_RELEASE,SUCCESS,NORMAL
2026-07-01 22:00:00,UE406,XYZ403,SIP_INVITE,SUCCESS,IMS_TIMEOUT
2026-07-01 23:00:00,UE407,XYZ401,SIP_BYE,DROP,IMS_TIMEOUT
2026-07-01 00:00:00,UE408,XYZ402,SIP_BYE,SUCCESS,QOS_FLOW_FAIL
2026-07-01 01:00:00,UE409,XYZ401,PDU_RELEASE,SUCCESS,QOS_FLOW_FAIL
2026-07-01 02:00:00,UE410,XYZ401,SIP_INVITE,DROP,IMS_TIMEOUT
2026-07-01 03:00:00,UE411,XYZ403,SIP_BYE,DROP,IMS_TIMEOUT
2026-07-01 04:00:00,UE412,XYZ403,SIP_BYE,DROP,NORMAL
2026-07-01 05:00:00,UE413,XYZ403,SIP_INVITE,DROP,IMS_TIMEOUT
2026-07-01 06:00:00,UE414,XYZ402,SIP_BYE,DROP,NORMAL
2026-07-01 07:00:00,UE415,XYZ402,PDU_RELEASE,SUCCESS,QOS_FLOW_FAIL
2026-07-01 08:00:00,UE416,XYZ401,SIP_INVITE,SUCCESS,IMS_TIMEOUT
2026-07-01 09:00:00,UE417,XYZ401,SIP_INVITE,SUCCESS,IMS_TIMEOUT
2026-07-01 10:00:00,UE418,XYZ403,PDU_RELEASE,SUCCESS,QOS_FLOW_FAIL
2026-07-01 11:00:00,UE419,XYZ401,SIP_INVITE,SUCCESS,NORMAL
2026-07-01 12:00:00,UE420,XYZ402,PDU_RELEASE,DROP,IMS_TIMEOUT
2026-07-01 13:00:00,UE421,XYZ403,SIP_BYE,SUCCESS,QOS_FLOW_FAIL
2026-07-01 14:00:00,UE422,XYZ403,PDU_RELEASE,DROP,NORMAL
2026-07-01 15:00:00,UE423,XYZ401,SIP_BYE,SUCCESS,IMS_TIMEOUT
2026-07-01 16:00:00,UE424,XYZ403,SIP_INVITE,DROP,NORMAL
2026-07-01 17:00:00,UE425,XYZ402,SIP_INVITE,SUCCESS,NORMAL
2026-07-01 18:00:00,UE426,XYZ401,SIP_INVITE,DROP,QOS_FLOW_FAIL
2026-07-01 19:00:00,UE427,XYZ401,PDU_RELEASE,DROP,NORMAL
2026-07-01 20:00:00,UE428,XYZ401,PDU_RELEASE,SUCCESS,NORMAL
2026-07-01 21:00:00,UE429,XYZ401,SIP_INVITE,SUCCESS,NORMAL
2026-07-01 22:00:00,UE430,XYZ402,PDU_RELEASE,SUCCESS,QOS_FLOW_FAIL
2026-07-01 23:00:00,UE431,XYZ402,SIP_INVITE,SUCCESS,IMS_TIMEOUT
2026-07-01 00:00:00,UE432,XYZ403,PDU_RELEASE,SUCCESS,NORMAL
2026-07-01 01:00:00,UE433,XYZ403,SIP_BYE,SUCCESS,IMS_TIMEOUT
2026-07-01 02:00:00,UE434,XYZ401,SIP_BYE,SUCCESS,NORMAL
2026-07-01 03:00:00,UE435,XYZ403,PDU_RELEASE,SUCCESS,NORMAL
2026-07-01 04:00:00,UE436,XYZ402,PDU_RELEASE,DROP,NORMAL
2026-07-01 05:00:00,UE437,XYZ401,PDU_RELEASE,DROP,IMS_TIMEOUT
2026-07-01 06:00:00,UE438,XYZ403,PDU_RELEASE,SUCCESS,IMS_TIMEOUT
2026-07-01 07:00:00,UE439,XYZ402,SIP_INVITE,SUCCESS,NORMAL
2026-07-01 08:00:00,UE440,XYZ403,SIP_BYE,SUCCESS,NORMAL
2026-07-01 09:00:00,UE441,XYZ401,SIP_INVITE,SUCCESS,QOS_FLOW_FAIL
2026-07-01 10:00:00,UE442,XYZ402,SIP_BYE,SUCCESS,IMS_TIMEOUT
2026-07-01 11:00:00,UE443,XYZ403,PDU_RELEASE,DROP,IMS_TIMEOUT
2026-07-01 12:00:00,UE444,XYZ401,SIP_BYE,DROP,QOS_FLOW_FAIL
2026-07-01 13:00:00,UE445,XYZ402,PDU_RELEASE,SUCCESS,QOS_FLOW_FAIL
2026-07-01 14:00:00,UE446,XYZ403,PDU_RELEASE,DROP,IMS_TIMEOUT
2026-07-01 15:00:00,UE447,XYZ401,PDU_RELEASE,DROP,NORMAL
2026-07-01 16:00:00,UE448,XYZ403,SIP_BYE,DROP,NORMAL
2026-07-01 17:00:00,UE449,XYZ401,PDU_RELEASE,DROP,QOS_FLOW_FAIL
2026-07-01 18:00:00,UE450,XYZ401,SIP_BYE,SUCCESS,NORMAL
2026-07-01 19:00:00,UE451,XYZ403,SIP_INVITE,DROP,QOS_FLOW_FAIL
2026-07-01 20:00:00,UE452,XYZ401,PDU_RELEASE,SUCCESS,QOS_FLOW_FAIL
2026-07-01 21:00:00,UE453,XYZ402,SIP_INVITE,DROP,NORMAL
2026-07-01 22:00:00,UE454,XYZ402,SIP_INVITE,SUCCESS,QOS_FLOW_FAIL
2026-07-01 23:00:00,UE455,XYZ402,PDU_RELEASE,SUCCESS,NORMAL
2026-07-01 00:00:00,UE456,XYZ401,PDU_RELEASE,DROP,QOS_FLOW_FAIL
2026-07-01 01:00:00,UE457,XYZ401,PDU_RELEASE,SUCCESS,IMS_TIMEOUT
2026-07-01 02:00:00,UE458,XYZ403,SIP_BYE,DROP,NORMAL
2026-07-01 03:00:00,UE459,XYZ403,SIP_INVITE,SUCCESS,QOS_FLOW_FAIL
2026-07-01 04:00:00,UE460,XYZ401,PDU_RELEASE,SUCCESS,NORMAL
2026-07-01 05:00:00,UE461,XYZ401,SIP_BYE,DROP,QOS_FLOW_FAIL
2026-07-01 06:00:00,UE462,XYZ402,PDU_RELEASE,DROP,QOS_FLOW_FAIL
2026-07-01 07:00:00,UE463,XYZ401,PDU_RELEASE,SUCCESS,NORMAL
2026-07-01 08:00:00,UE464,XYZ403,SIP_INVITE,DROP,IMS_TIMEOUT
2026-07-01 09:00:00,UE465,XYZ401,SIP_BYE,DROP,QOS_FLOW_FAIL
2026-07-01 10:00:00,UE466,XYZ401,SIP_INVITE,SUCCESS,NORMAL
2026-07-01 11:00:00,UE467,XYZ401,SIP_BYE,SUCCESS,QOS_FLOW_FAIL
2026-07-01 12:00:00,UE468,XYZ403,SIP_INVITE,SUCCESS,NORMAL
2026-07-01 13:00:00,UE469,XYZ403,SIP_BYE,DROP,QOS_FLOW_FAIL
2026-07-01 14:00:00,UE470,XYZ401,SIP_BYE,SUCCESS,QOS_FLOW_FAIL
2026-07-01 15:00:00,UE471,XYZ401,SIP_INVITE,DROP,IMS_TIMEOUT
2026-07-01 16:00:00,UE472,XYZ401,PDU_RELEASE,DROP,NORMAL
2026-07-01 17:00:00,UE473,XYZ403,SIP_BYE,SUCCESS,QOS_FLOW_FAIL
2026-07-01 18:00:00,UE474,XYZ402,PDU_RELEASE,DROP,QOS_FLOW_FAIL
2026-07-01 19:00:00,UE475,XYZ402,PDU_RELEASE,SUCCESS,NORMAL
2026-07-01 20:00:00,UE476,XYZ401,PDU_RELEASE,SUCCESS,IMS_TIMEOUT
2026-07-01 21:00:00,UE477,XYZ402,SIP_BYE,DROP,QOS_FLOW_FAIL
2026-07-01 22:00:00,UE478,XYZ401,SIP_BYE,DROP,IMS_TIMEOUT
2026-07-01 23:00:00,UE479,XYZ401,PDU_RELEASE,DROP,NORMAL
2026-07-01 00:00:00,UE480,XYZ403,SIP_INVITE,DROP,QOS_FLOW_FAIL
2026-07-01 01:00:00,UE481,XYZ401,SIP_BYE,DROP,QOS_FLOW_FAIL
2026-07-01 02:00:00,UE482,XYZ403,SIP_INVITE,DROP,IMS_TIMEOUT
2026-07-01 03:00:00,UE483,XYZ401,PDU_RELEASE,SUCCESS,NORMAL
2026-07-01 04:00:00,UE484,XYZ401,SIP_BYE,SUCCESS,IMS_TIMEOUT
2026-07-01 05:00:00,UE485,XYZ401,SIP_INVITE,SUCCESS,QOS_FLOW_FAIL
2026-07-01 06:00:00,UE486,XYZ402,SIP_INVITE,SUCCESS,NORMAL
2026-07-01 07:00:00,UE487,XYZ401,PDU_RELEASE,SUCCESS,QOS_FLOW_FAIL
2026-07-01 08:00:00,UE488,XYZ401,SIP_BYE,SUCCESS,IMS_TIMEOUT
2026-07-01 09:00:00,UE489,XYZ401,SIP_INVITE,DROP,QOS_FLOW_FAIL
2026-07-01 10:00:00,UE490,XYZ403,PDU_RELEASE,DROP,NORMAL
2026-07-01 11:00:00,UE491,XYZ403,SIP_INVITE,DROP,NORMAL
2026-07-01 12:00:00,UE492,XYZ402,SIP_BYE,SUCCESS,IMS_TIMEOUT
2026-07-01 13:00:00,UE493,XYZ403,SIP_INVITE,SUCCESS,NORMAL
2026-07-01 14:00:00,UE494,XYZ401,PDU_RELEASE,SUCCESS,NORMAL
2026-07-01 15:00:00,UE495,XYZ403,SIP_INVITE,SUCCESS,QOS_FLOW_FAIL
2026-07-01 16:00:00,UE496,XYZ402,SIP_INVITE,SUCCESS,NORMAL
2026-07-01 17:00:00,UE497,XYZ403,PDU_RELEASE,DROP,QOS_FLOW_FAIL
2026-07-01 18:00:00,UE498,XYZ401,SIP_BYE,SUCCESS,QOS_FLOW_FAIL
2026-07-01 19:00:00,UE499,XYZ401,SIP_BYE,DROP,QOS_FLOW_FAIL
