timestamp,cell_id,ho_attempt,rach_attempt,dl_tp,ul_tp,cqi,ho_success,rach_success,rsrp,rsrq,sinr
2026-07-01 00:00:00,XYZ401,2109,430,199,17,3,1598,254,-116.4,-12.3,10.9
2026-07-01 00:00:00,XYZ402,1247,418,205,33,5,993,196,-115.0,-10.6,3.2
2026-07-01 00:00:00,XYZ403,813,612,204,41,5,610,340,-117.6,-11.5,2.4
2026-07-01 00:00:00,XYZ404,2036,450,133,26,5,1643,289,-118.1,-15.7,-13.7
2026-07-01 00:00:00,XYZ405,2066,376,345,32,9,1820,261,-108.3,-11.8,3.5
2026-07-01 00:00:00,XYZ406,1369,644,487,83,9,1219,486,-108.9,-11.1,4.7
2026-07-01 00:00:00,XYZ407,2047,430,348,69,9,1792,328,-103.5,-8.8,11.3
2026-07-01 00:00:00,XYZ408,914,414,441,80,12,826,364,-107.9,-10.8,8.8
2026-07-01 00:00:00,XYZ409,1235,838,612,126,15,1177,759,-94.3,-9.2,16.6
2026-07-01 00:00:00,XYZ410,1617,550,722,121,15,1617,542,-81.2,-8.3,18.7
2026-07-01 01:00:00,XYZ401,2193,570,211,20,7,1557,317,-123.6,-14.3,-7.1
2026-07-01 01:00:00,XYZ402,1899,453,211,38,8,1450,219,-119.5,-12.5,-1.1
2026-07-01 01:00:00,XYZ403,1825,288,218,34,4,1373,153,-113.1,-14.5,-5.3
2026-07-01 01:00:00,XYZ404,1886,180,118,13,9,1587,104,-114.7,-11.1,6.3
2026-07-01 01:00:00,XYZ405,1293,267,360,77,8,1179,174,-108.8,-11.6,-4.1
2026-07-01 01:00:00,XYZ406,1138,451,310,56,9,1037,327,-106.9,-10.2,18.2
2026-07-01 01:00:00,XYZ407,1617,628,483,78,10,1525,501,-102.3,-11.3,5.4
2026-07-01 01:00:00,XYZ408,814,252,541,64,10,752,213,-104.0,-10.4,10.9
2026-07-01 01:00:00,XYZ409,1794,764,711,92,13,1746,734,-94.0,-10.7,15.0
2026-07-01 01:00:00,XYZ410,1641,658,761,146,15,1641,637,-88.5,-10.2,17.5
2026-07-01 02:00:00,XYZ401,1023,639,215,43,6,736,368,-115.6,-14.9,1.9
2026-07-01 02:00:00,XYZ402,1000,231,191,26,6,804,104,-120.1,-12.5,3.1
2026-07-01 02:00:00,XYZ403,1785,240,199,35,8,1350,148,-115.8,-15.0,-0.6
2026-07-01 02:00:00,XYZ404,1938,857,111,21,5,1503,527,-114.3,-10.1,-2.6
2026-07-01 02:00:00,XYZ405,917,723,272,31,8,818,530,-102.4,-9.1,15.6
2026-07-01 02:00:00,XYZ406,1045,763,352,74,7,893,596,-100.6,-12.4,3.2
2026-07-01 02:00:00,XYZ407,1218,451,420,61,11,1080,347,-108.6,-11.0,11.6
2026-07-01 02:00:00,XYZ408,1953,282,399,53,13,1774,246,-102.1,-8.0,9.1
2026-07-01 02:00:00,XYZ409,1123,489,646,112,13,1050,468,-98.8,-10.5,10.3
2026-07-01 02:00:00,XYZ410,1075,450,627,68,13,1028,438,-87.4,-9.0,17.7
2026-07-01 03:00:00,XYZ401,2098,437,180,34,6,1555,223,-108.4,-13.0,-10.7
2026-07-01 03:00:00,XYZ402,2104,448,249,44,9,1646,225,-110.4,-14.4,-2.5
2026-07-01 03:00:00,XYZ403,1105,776,252,22,6,768,433,-121.0,-12.5,-3.4
2026-07-01 03:00:00,XYZ404,1532,395,92,17,9,1175,235,-117.4,-12.1,-2.7
2026-07-01 03:00:00,XYZ405,1284,361,383,77,7,1173,230,-107.3,-11.8,4.2
2026-07-01 03:00:00,XYZ406,1308,453,386,81,8,1121,368,-100.8,-10.9,6.0
2026-07-01 03:00:00,XYZ407,1516,413,499,64,10,1336,358,-104.3,-10.9,13.8
2026-07-01 03:00:00,XYZ408,1843,589,449,72,11,1735,481,-108.2,-10.7,9.5
2026-07-01 03:00:00,XYZ409,1343,533,547,63,12,1343,507,-92.3,-10.7,13.4
2026-07-01 03:00:00,XYZ410,1693,181,654,92,14,1693,160,-88.5,-11.5,17.2
2026-07-01 04:00:00,XYZ401,2160,859,162,20,7,1634,449,-112.5,-14.8,-12.4
2026-07-01 04:00:00,XYZ402,1060,376,196,31,5,844,149,-109.3,-15.8,-6.7
2026-07-01 04:00:00,XYZ403,800,773,154,33,7,594,468,-119.5,-15.4,-4.8
2026-07-01 04:00:00,XYZ404,1147,854,98,17,8,913,564,-109.6,-13.5,-1.6
2026-07-01 04:00:00,XYZ405,1260,227,274,29,8,1091,158,-107.9,-10.5,10.7
2026-07-01 04:00:00,XYZ406,1586,686,307,58,11,1430,522,-104.7,-14.1,3.0
2026-07-01 04:00:00,XYZ407,1248,710,458,71,9,1165,631,-108.7,-10.5,9.1
2026-07-01 04:00:00,XYZ408,1944,789,442,91,12,1836,648,-98.4,-10.7,3.1
2026-07-01 04:00:00,XYZ409,1713,666,635,72,12,1713,599,-96.8,-8.7,17.5
2026-07-01 04:00:00,XYZ410,1700,259,734,98,15,1608,246,-89.4,-6.8,16.7
2026-07-01 05:00:00,XYZ401,1112,597,152,32,7,797,319,-121.3,-10.1,5.8
2026-07-01 05:00:00,XYZ402,840,769,160,22,8,682,366,-114.6,-12.2,-7.0
2026-07-01 05:00:00,XYZ403,1918,679,185,19,6,1476,338,-115.0,-10.7,6.4
2026-07-01 05:00:00,XYZ404,1757,310,115,16,6,1357,207,-112.6,-12.2,8.7
2026-07-01 05:00:00,XYZ405,1745,515,321,37,7,1517,385,-107.2,-10.9,9.3
2026-07-01 05:00:00,XYZ406,967,661,316,54,7,796,548,-105.4,-10.5,11.6
2026-07-01 05:00:00,XYZ407,863,200,473,55,10,793,158,-106.6,-12.0,6.0
2026-07-01 05:00:00,XYZ408,1555,351,523,84,11,1413,269,-107.8,-13.1,8.6
2026-07-01 05:00:00,XYZ409,1438,564,596,112,14,1311,507,-95.8,-7.3,18.9
2026-07-01 05:00:00,XYZ410,2029,303,683,117,14,1968,295,-90.5,-7.6,23.6
2026-07-01 06:00:00,XYZ401,825,288,188,29,4,620,141,-123.2,-12.0,1.1
2026-07-01 06:00:00,XYZ402,2132,456,180,23,7,1695,188,-122.5,-14.3,1.2
2026-07-01 06:00:00,XYZ403,1302,641,240,25,5,984,362,-115.8,-12.7,6.8
2026-07-01 06:00:00,XYZ404,1234,543,122,26,6,1000,342,-115.5,-12.7,8.8
2026-07-01 06:00:00,XYZ405,975,748,325,36,7,840,569,-107.7,-13.6,-2.6
2026-07-01 06:00:00,XYZ406,1298,493,379,49,11,1125,374,-109.3,-12.4,2.7
2026-07-01 06:00:00,XYZ407,1729,303,408,75,6,1550,251,-105.5,-11.7,4.6
2026-07-01 06:00:00,XYZ408,1366,783,519,55,11,1231,703,-103.5,-10.2,9.6
2026-07-01 06:00:00,XYZ409,828,226,679,137,12,799,207,-88.2,-9.3,15.4
2026-07-01 06:00:00,XYZ410,1975,471,675,132,15,1884,432,-87.6,-8.0,20.4
2026-07-01 07:00:00,XYZ401,1620,882,191,36,5,1102,487,-114.8,-13.8,-0.5
2026-07-01 07:00:00,XYZ402,2041,790,228,50,3,1590,384,-118.5,-14.3,-7.6
2026-07-01 07:00:00,XYZ403,1425,281,203,18,8,1055,161,-112.8,-12.6,-2.5
2026-07-01 07:00:00,XYZ404,805,598,98,14,6,656,340,-110.4,-11.5,0.9
2026-07-01 07:00:00,XYZ405,1278,820,323,38,9,1159,563,-114.1,-12.5,0.2
2026-07-01 07:00:00,XYZ406,1091,253,357,52,10,978,214,-103.4,-13.5,-0.7
2026-07-01 07:00:00,XYZ407,1422,692,413,35,8,1248,490,-108.1,-13.4,6.9
2026-07-01 07:00:00,XYZ408,1268,870,440,38,10,1115,762,-106.4,-10.0,25.0
2026-07-01 07:00:00,XYZ409,1158,464,678,86,12,1073,441,-90.3,-9.5,19.6
2026-07-01 07:00:00,XYZ410,2172,287,657,103,15,2161,281,-89.4,-9.5,19.1
2026-07-01 08:00:00,XYZ401,1731,298,165,23,5,1280,168,-112.0,-16.7,-3.5
2026-07-01 08:00:00,XYZ402,1184,710,240,50,7,886,309,-108.6,-15.1,-8.3
2026-07-01 08:00:00,XYZ403,1697,209,167,16,7,1315,114,-109.2,-12.8,-2.6
2026-07-01 08:00:00,XYZ404,1032,652,142,20,6,813,439,-113.9,-8.9,9.9
2026-07-01 08:00:00,XYZ405,1788,744,330,62,7,1577,532,-106.4,-12.8,7.6
2026-07-01 08:00:00,XYZ406,1649,528,438,96,8,1465,434,-107.9,-12.0,8.7
2026-07-01 08:00:00,XYZ407,1802,675,406,72,9,1660,518,-107.1,-11.8,12.2
2026-07-01 08:00:00,XYZ408,1971,572,379,51,10,1847,490,-97.8,-8.9,16.4
2026-07-01 08:00:00,XYZ409,2159,335,723,102,13,2119,296,-92.8,-10.8,16.0
2026-07-01 08:00:00,XYZ410,1877,647,777,91,15,1755,635,-87.9,-9.9,25.5
2026-07-01 09:00:00,XYZ401,2076,516,173,35,6,1462,255,-110.9,-15.5,-14.7
2026-07-01 09:00:00,XYZ402,873,812,183,17,6,637,431,-112.1,-11.4,21.3
2026-07-01 09:00:00,XYZ403,2097,350,189,19,7,1564,196,-119.7,-13.2,-15.2
2026-07-01 09:00:00,XYZ404,1887,601,105,12,8,1562,333,-114.9,-11.8,3.2
2026-07-01 09:00:00,XYZ405,1994,440,309,28,7,1756,332,-113.7,-10.6,6.9
2026-07-01 09:00:00,XYZ406,1507,781,546,109,7,1381,584,-96.3,-12.3,5.0
2026-07-01 09:00:00,XYZ407,1018,768,415,83,10,919,654,-106.3,-8.0,13.9
2026-07-01 09:00:00,XYZ408,900,800,583,65,11,830,678,-108.7,-11.3,15.7
2026-07-01 09:00:00,XYZ409,1189,855,747,63,14,1114,768,-92.7,-8.1,14.5
2026-07-01 09:00:00,XYZ410,1547,314,788,170,15,1536,310,-87.1,-9.1,20.0
2026-07-01 10:00:00,XYZ401,1887,348,180,17,6,1313,191,-118.5,-13.2,12.9
2026-07-01 10:00:00,XYZ402,954,324,239,38,4,718,155,-118.6,-15.2,-4.7
2026-07-01 10:00:00,XYZ403,984,729,171,23,5,739,418,-112.6,-12.1,3.7
2026-07-01 10:00:00,XYZ404,2182,419,107,18,5,1809,236,-111.0,-11.9,7.0
2026-07-01 10:00:00,XYZ405,1750,598,341,53,9,1542,419,-107.1,-7.6,6.0
2026-07-01 10:00:00,XYZ406,1595,644,342,70,7,1426,458,-98.9,-12.6,4.9
2026-07-01 10:00:00,XYZ407,2141,597,385,50,9,1987,493,-102.7,-11.4,6.8
2026-07-01 10:00:00,XYZ408,1552,737,452,88,14,1439,661,-105.5,-10.0,13.0
2026-07-01 10:00:00,XYZ409,987,791,632,124,15,935,704,-91.0,-11.0,15.8
2026-07-01 10:00:00,XYZ410,1935,392,599,71,15,1858,351,-89.9,-6.3,20.6
2026-07-01 11:00:00,XYZ401,1096,358,187,15,7,829,195,-108.7,-10.4,8.2
2026-07-01 11:00:00,XYZ402,1343,233,218,36,5,995,118,-111.3,-12.0,1.9
2026-07-01 11:00:00,XYZ403,1725,224,191,42,5,1168,129,-117.6,-15.9,-16.2
2026-07-01 11:00:00,XYZ404,1622,616,130,12,8,1288,370,-116.3,-12.5,4.0
2026-07-01 11:00:00,XYZ405,1363,512,258,25,10,1133,349,-112.0,-11.6,9.6
2026-07-01 11:00:00,XYZ406,2140,846,350,69,10,1931,690,-109.5,-11.9,10.5
2026-07-01 11:00:00,XYZ407,1616,617,398,37,9,1435,499,-105.9,-8.9,10.8
2026-07-01 11:00:00,XYZ408,1684,278,460,80,12,1552,235,-105.9,-10.3,11.0
2026-07-01 11:00:00,XYZ409,1641,613,562,62,13,1547,605,-88.8,-8.0,12.5
2026-07-01 11:00:00,XYZ410,2144,673,599,116,15,2144,648,-87.1,-9.1,21.6
2026-07-01 12:00:00,XYZ401,1948,808,178,21,4,1509,434,-121.5,-16.1,-11.1
2026-07-01 12:00:00,XYZ402,1432,527,228,49,8,1107,245,-112.5,-10.3,6.4
2026-07-01 12:00:00,XYZ403,987,609,224,46,7,739,336,-118.8,-13.3,0.2
2026-07-01 12:00:00,XYZ404,1118,341,129,18,5,878,211,-113.3,-10.9,7.7
2026-07-01 12:00:00,XYZ405,1241,620,310,68,7,1067,434,-103.4,-11.9,9.8
2026-07-01 12:00:00,XYZ406,912,187,402,60,9,820,150,-96.7,-12.7,7.9
2026-07-01 12:00:00,XYZ407,1681,900,354,50,8,1535,751,-104.5,-10.8,13.1
2026-07-01 12:00:00,XYZ408,1741,259,494,41,10,1653,228,-106.0,-12.5,4.4
2026-07-01 12:00:00,XYZ409,1465,651,624,96,15,1465,651,-88.7,-8.0,10.1
2026-07-01 12:00:00,XYZ410,1610,497,632,68,13,1610,476,-89.4,-8.9,20.2
2026-07-01 13:00:00,XYZ401,1515,840,151,26,6,1022,530,-116.2,-13.4,-7.4
2026-07-01 13:00:00,XYZ402,1162,823,195,33,8,871,339,-114.7,-14.0,0.5
2026-07-01 13:00:00,XYZ403,2079,503,194,29,6,1485,339,-114.9,-13.5,1.1
2026-07-01 13:00:00,XYZ404,1435,652,99,16,8,1162,395,-111.6,-12.5,3.2
2026-07-01 13:00:00,XYZ405,1838,222,298,26,7,1526,167,-114.9,-12.2,7.8
2026-07-01 13:00:00,XYZ406,1011,531,245,38,8,892,423,-106.2,-11.7,6.1
2026-07-01 13:00:00,XYZ407,2048,469,389,49,9,1875,390,-108.9,-10.7,12.5
2026-07-01 13:00:00,XYZ408,1942,874,460,42,10,1748,722,-101.5,-12.1,16.2
2026-07-01 13:00:00,XYZ409,2159,851,594,113,11,2132,824,-93.0,-12.0,13.2
2026-07-01 13:00:00,XYZ410,1061,866,780,118,15,1061,806,-92.6,-7.7,26.6
2026-07-01 14:00:00,XYZ401,837,399,190,36,12,592,227,-123.6,-9.8,9.4
2026-07-01 14:00:00,XYZ402,1839,732,197,26,6,1472,382,-123.9,-12.0,6.2
2026-07-01 14:00:00,XYZ403,1132,819,187,27,6,870,520,-114.9,-14.6,-4.9
2026-07-01 14:00:00,XYZ404,1383,639,115,20,7,1079,398,-109.1,-11.1,12.3
2026-07-01 14:00:00,XYZ405,1968,468,336,68,8,1757,334,-107.2,-13.1,-0.8
2026-07-01 14:00:00,XYZ406,906,836,378,35,8,832,620,-105.5,-10.9,14.2
2026-07-01 14:00:00,XYZ407,1128,330,507,70,8,1004,292,-104.4,-9.4,6.5
2026-07-01 14:00:00,XYZ408,1611,694,504,91,10,1408,570,-100.9,-9.8,12.5
2026-07-01 14:00:00,XYZ409,1486,473,519,107,11,1447,434,-89.1,-8.3,14.3
2026-07-01 14:00:00,XYZ410,838,442,778,88,12,827,426,-86.9,-8.4,23.8
2026-07-01 15:00:00,XYZ401,1049,817,206,23,4,786,459,-120.8,-11.9,-1.0
2026-07-01 15:00:00,XYZ402,1094,478,201,44,6,857,205,-112.0,-11.3,0.4
2026-07-01 15:00:00,XYZ403,938,699,213,18,6,737,395,-120.7,-15.2,-3.3
2026-07-01 15:00:00,XYZ404,938,533,112,14,7,747,332,-106.2,-10.1,8.3
2026-07-01 15:00:00,XYZ405,1493,881,381,55,6,1294,614,-114.0,-13.2,6.7
2026-07-01 15:00:00,XYZ406,1400,386,367,57,5,1260,310,-105.3,-8.8,18.2
2026-07-01 15:00:00,XYZ407,1318,472,454,93,8,1241,383,-108.3,-9.7,13.5
2026-07-01 15:00:00,XYZ408,1700,575,437,40,11,1598,480,-101.4,-11.9,8.6
2026-07-01 15:00:00,XYZ409,1669,364,585,82,14,1669,351,-94.5,-7.9,15.3
2026-07-01 15:00:00,XYZ410,1709,539,758,145,13,1709,484,-86.9,-8.7,23.5
2026-07-01 16:00:00,XYZ401,917,552,199,28,6,695,317,-128.0,-13.7,-3.1
2026-07-01 16:00:00,XYZ402,1058,248,213,30,7,786,120,-107.8,-11.8,-11.1
2026-07-01 16:00:00,XYZ403,1559,767,200,21,7,1114,482,-112.9,-12.4,4.1
2026-07-01 16:00:00,XYZ404,1860,576,139,25,7,1484,366,-113.0,-14.0,3.5
2026-07-01 16:00:00,XYZ405,1805,255,289,36,8,1561,188,-116.2,-12.1,8.2
2026-07-01 16:00:00,XYZ406,1511,246,311,32,8,1249,184,-107.0,-10.8,6.1
2026-07-01 16:00:00,XYZ407,1540,385,369,80,10,1362,307,-104.4,-12.6,5.2
2026-07-01 16:00:00,XYZ408,1065,806,488,67,9,964,693,-103.7,-10.3,4.9
2026-07-01 16:00:00,XYZ409,1977,837,665,108,13,1977,826,-89.0,-9.5,17.5
2026-07-01 16:00:00,XYZ410,1064,623,758,160,14,1007,547,-88.1,-9.4,21.8
2026-07-01 17:00:00,XYZ401,1261,470,193,30,4,856,295,-115.4,-14.8,-7.0
2026-07-01 17:00:00,XYZ402,1829,836,176,35,6,1459,440,-104.6,-9.9,5.8
2026-07-01 17:00:00,XYZ403,1954,263,198,34,5,1578,157,-109.1,-13.7,1.8
2026-07-01 17:00:00,XYZ404,1819,822,106,15,7,1398,464,-113.6,-11.7,0.6
2026-07-01 17:00:00,XYZ405,922,655,312,68,10,808,494,-106.4,-11.3,11.5
2026-07-01 17:00:00,XYZ406,1067,559,388,34,8,875,425,-106.2,-10.6,7.1
2026-07-01 17:00:00,XYZ407,1586,343,510,74,9,1459,263,-102.3,-12.3,-0.6
2026-07-01 17:00:00,XYZ408,1431,689,532,46,11,1431,651,-102.0,-12.3,-0.4
2026-07-01 17:00:00,XYZ409,1813,868,709,133,12,1673,777,-95.7,-8.5,16.7
2026-07-01 17:00:00,XYZ410,1549,226,755,141,15,1467,207,-86.5,-6.7,21.3
2026-07-01 18:00:00,XYZ401,1372,805,153,28,7,1014,402,-106.0,-12.1,12.8
2026-07-01 18:00:00,XYZ402,1207,796,235,34,5,1014,344,-115.3,-12.0,3.6
2026-07-01 18:00:00,XYZ403,2041,807,172,26,4,1557,457,-118.1,-13.8,5.4
2026-07-01 18:00:00,XYZ404,1803,756,118,23,8,1406,451,-105.0,-11.5,-4.1
2026-07-01 18:00:00,XYZ405,2088,851,300,50,7,1865,619,-106.6,-14.5,-3.5
2026-07-01 18:00:00,XYZ406,2069,569,386,48,9,1801,464,-101.2,-8.6,18.9
2026-07-01 18:00:00,XYZ407,1110,693,445,49,8,979,564,-103.9,-11.0,-0.9
2026-07-01 18:00:00,XYZ408,1465,858,465,81,9,1356,696,-102.6,-10.3,14.3
2026-07-01 18:00:00,XYZ409,2194,804,817,154,14,2065,717,-99.5,-9.7,16.7
2026-07-01 18:00:00,XYZ410,1224,886,645,63,15,1162,841,-89.7,-6.8,15.9
2026-07-01 19:00:00,XYZ401,2185,584,172,22,4,1438,307,-111.8,-15.3,-20.1
2026-07-01 19:00:00,XYZ402,1705,851,194,19,8,1408,406,-109.3,-10.6,2.6
2026-07-01 19:00:00,XYZ403,2060,231,163,15,5,1542,127,-119.0,-14.5,-8.5
2026-07-01 19:00:00,XYZ404,1081,185,109,19,8,891,134,-114.4,-10.2,6.8
2026-07-01 19:00:00,XYZ405,1388,271,404,56,5,1167,209,-109.7,-12.4,2.0
2026-07-01 19:00:00,XYZ406,1160,217,355,72,12,1039,177,-106.1,-12.9,-4.7
2026-07-01 19:00:00,XYZ407,818,523,511,74,9,726,445,-106.9,-10.7,19.7
2026-07-01 19:00:00,XYZ408,1194,295,485,59,12,1072,241,-98.7,-12.5,6.2
2026-07-01 19:00:00,XYZ409,2181,834,597,60,13,2117,763,-87.5,-10.0,12.6
2026-07-01 19:00:00,XYZ410,1462,434,809,130,14,1408,433,-87.9,-8.4,17.8
2026-07-01 20:00:00,XYZ401,1335,243,220,41,7,926,121,-121.3,-13.6,-9.8
2026-07-01 20:00:00,XYZ402,1040,834,221,41,7,780,424,-117.1,-14.0,-3.7
2026-07-01 20:00:00,XYZ403,2040,662,182,35,4,1463,413,-115.6,-13.9,-13.6
2026-07-01 20:00:00,XYZ404,1876,637,93,10,8,1432,371,-112.7,-12.3,4.5
2026-07-01 20:00:00,XYZ405,1899,712,354,31,6,1663,533,-113.6,-11.8,7.7
2026-07-01 20:00:00,XYZ406,1070,705,389,45,9,920,518,-103.4,-12.8,0.0
2026-07-01 20:00:00,XYZ407,806,226,536,78,9,724,168,-109.1,-11.2,10.9
2026-07-01 20:00:00,XYZ408,1387,598,467,96,12,1200,513,-101.5,-12.7,5.9
2026-07-01 20:00:00,XYZ409,1718,564,644,141,12,1718,494,-85.2,-7.9,19.7
2026-07-01 20:00:00,XYZ410,1604,721,697,126,15,1553,721,-84.0,-9.5,22.6
2026-07-01 21:00:00,XYZ401,1668,433,181,31,8,1109,231,-121.4,-12.3,-0.9
2026-07-01 21:00:00,XYZ402,2059,196,165,19,5,1590,94,-113.1,-14.3,-6.3
2026-07-01 21:00:00,XYZ403,890,402,200,32,9,651,239,-115.8,-12.3,-13.1
2026-07-01 21:00:00,XYZ404,1982,792,118,16,8,1717,499,-119.3,-10.1,3.0
2026-07-01 21:00:00,XYZ405,1363,359,373,71,8,1264,271,-111.0,-15.6,1.2
2026-07-01 21:00:00,XYZ406,1452,893,395,48,6,1254,678,-104.9,-10.7,1.0
2026-07-01 21:00:00,XYZ407,1095,755,419,38,9,1010,541,-107.7,-12.0,10.2
2026-07-01 21:00:00,XYZ408,1721,559,411,83,10,1629,505,-100.4,-9.5,11.2
2026-07-01 21:00:00,XYZ409,1185,867,633,134,12,1165,771,-95.2,-8.8,14.8
2026-07-01 21:00:00,XYZ410,1040,670,785,94,15,1017,670,-89.6,-9.8,19.1
2026-07-01 22:00:00,XYZ401,1754,447,174,22,6,1214,242,-125.9,-13.8,10.8
2026-07-01 22:00:00,XYZ402,1216,559,213,34,8,887,265,-113.6,-13.0,7.6
2026-07-01 22:00:00,XYZ403,1655,415,188,37,6,1232,251,-122.9,-13.7,8.1
2026-07-01 22:00:00,XYZ404,2114,682,117,24,6,1646,379,-110.4,-12.0,0.0
2026-07-01 22:00:00,XYZ405,2114,256,335,60,6,1892,181,-102.4,-11.6,2.5
2026-07-01 22:00:00,XYZ406,818,403,345,51,8,704,298,-106.1,-13.3,1.5
2026-07-01 22:00:00,XYZ407,813,197,449,87,9,707,155,-107.4,-11.0,7.4
2026-07-01 22:00:00,XYZ408,1167,289,534,102,10,1025,257,-104.8,-9.0,10.3
2026-07-01 22:00:00,XYZ409,961,758,821,140,15,911,734,-91.8,-9.2,20.6
2026-07-01 22:00:00,XYZ410,864,275,676,134,14,864,255,-86.9,-8.7,15.8
2026-07-01 23:00:00,XYZ401,2120,277,170,20,9,1544,138,-107.4,-14.0,-13.0
2026-07-01 23:00:00,XYZ402,952,880,201,43,7,708,489,-119.8,-13.4,-1.7
2026-07-01 23:00:00,XYZ403,2002,587,216,34,5,1570,374,-112.2,-14.6,-3.6
2026-07-01 23:00:00,XYZ404,1586,323,125,14,6,1210,205,-117.9,-10.4,10.7
2026-07-01 23:00:00,XYZ405,955,789,365,47,8,794,613,-113.5,-10.2,10.2
2026-07-01 23:00:00,XYZ406,1568,622,413,37,9,1377,498,-101.1,-10.5,0.7
2026-07-01 23:00:00,XYZ407,1348,829,471,88,10,1249,706,-103.3,-10.8,11.3
2026-07-01 23:00:00,XYZ408,1009,315,495,78,11,916,279,-101.3,-11.7,5.5
2026-07-01 23:00:00,XYZ409,2022,574,403,46,11,1917,527,-88.9,-8.7,16.2
2026-07-01 23:00:00,XYZ410,1867,353,751,89,15,1765,335,-89.1,-7.6,19.7
2026-07-02 00:00:00,XYZ401,1413,437,169,14,6,1000,241,-109.0,-15.1,-6.4
2026-07-02 00:00:00,XYZ402,1610,520,230,39,3,1262,260,-119.1,-13.2,4.9
2026-07-02 00:00:00,XYZ403,2017,891,186,28,5,1547,540,-114.7,-8.9,4.8
2026-07-02 00:00:00,XYZ404,1979,428,116,25,7,1671,258,-109.1,-13.1,3.3
2026-07-02 00:00:00,XYZ405,1168,652,388,74,5,986,439,-105.4,-11.0,3.8
2026-07-02 00:00:00,XYZ406,2178,691,401,57,8,1970,554,-103.4,-10.4,7.0
2026-07-02 00:00:00,XYZ407,2024,698,497,96,10,1760,562,-99.6,-11.6,4.3
2026-07-02 00:00:00,XYZ408,2016,833,549,87,12,1836,721,-103.7,-8.9,10.1
2026-07-02 00:00:00,XYZ409,2121,519,530,85,13,2029,469,-88.9,-8.2,15.3
2026-07-02 00:00:00,XYZ410,1978,406,710,59,13,1933,374,-87.3,-9.9,20.6
2026-07-02 01:00:00,XYZ401,1014,267,166,25,7,710,169,-107.4,-10.1,10.7
2026-07-02 01:00:00,XYZ402,1775,279,198,39,6,1394,117,-112.1,-12.1,-2.5
2026-07-02 01:00:00,XYZ403,2127,429,154,26,7,1683,268,-122.3,-14.0,-1.9
2026-07-02 01:00:00,XYZ404,1181,835,125,10,5,959,499,-115.4,-15.1,1.0
2026-07-02 01:00:00,XYZ405,1239,244,326,57,8,1082,191,-114.3,-13.7,0.8
2026-07-02 01:00:00,XYZ406,1802,720,408,59,10,1610,586,-106.7,-11.1,3.2
2026-07-02 01:00:00,XYZ407,1153,484,422,56,8,1058,359,-101.5,-11.8,5.4
2026-07-02 01:00:00,XYZ408,1089,703,486,101,9,1018,568,-100.4,-11.6,6.3
2026-07-02 01:00:00,XYZ409,1154,323,702,75,11,1081,298,-89.8,-10.1,21.3
2026-07-02 01:00:00,XYZ410,1586,755,627,57,15,1537,689,-88.1,-9.7,18.8
2026-07-02 02:00:00,XYZ401,863,213,178,28,7,626,111,-119.2,-11.1,7.8
2026-07-02 02:00:00,XYZ402,1031,766,203,37,6,751,407,-109.3,-13.0,3.0
2026-07-02 02:00:00,XYZ403,1918,849,170,24,6,1450,527,-116.0,-12.5,-6.9
2026-07-02 02:00:00,XYZ404,1040,422,110,18,5,878,268,-105.7,-14.9,-2.4
2026-07-02 02:00:00,XYZ405,1223,763,311,37,8,1077,498,-109.9,-12.3,8.3
2026-07-02 02:00:00,XYZ406,1853,875,393,68,10,1586,690,-108.0,-12.6,7.0
2026-07-02 02:00:00,XYZ407,1071,433,414,59,10,964,373,-104.7,-13.5,2.0
2026-07-02 02:00:00,XYZ408,2097,275,499,81,9,1993,218,-100.1,-13.2,7.2
2026-07-02 02:00:00,XYZ409,990,860,756,113,12,956,770,-93.9,-9.8,10.5
2026-07-02 02:00:00,XYZ410,1461,470,817,71,13,1415,438,-85.8,-9.3,16.8
2026-07-02 03:00:00,XYZ401,1003,196,194,34,6,681,97,-109.6,-11.2,9.1
2026-07-02 03:00:00,XYZ402,1070,845,218,38,6,828,383,-105.4,-12.3,2.2
2026-07-02 03:00:00,XYZ403,2128,492,208,19,6,1628,302,-117.3,-15.2,-12.6
2026-07-02 03:00:00,XYZ404,2015,411,140,25,9,1635,237,-112.5,-11.4,7.5
2026-07-02 03:00:00,XYZ405,1778,284,350,59,9,1576,209,-104.9,-11.4,7.9
2026-07-02 03:00:00,XYZ406,2186,326,405,75,8,1800,269,-103.9,-11.9,4.7
2026-07-02 03:00:00,XYZ407,1643,402,323,40,7,1438,310,-103.8,-10.8,9.0
2026-07-02 03:00:00,XYZ408,1086,433,417,74,8,1054,366,-101.8,-11.9,4.9
2026-07-02 03:00:00,XYZ409,2148,801,768,115,13,2114,737,-97.0,-9.6,15.7
2026-07-02 03:00:00,XYZ410,1030,426,694,68,15,963,386,-88.0,-10.2,11.9
2026-07-02 04:00:00,XYZ401,1964,356,195,17,5,1348,204,-116.8,-16.1,-21.8
2026-07-02 04:00:00,XYZ402,923,587,200,31,6,728,248,-115.3,-13.9,-7.3
2026-07-02 04:00:00,XYZ403,2061,260,169,33,4,1560,154,-119.4,-12.6,-1.3
2026-07-02 04:00:00,XYZ404,2194,838,122,17,7,1814,567,-109.5,-14.7,0.5
2026-07-02 04:00:00,XYZ405,1728,862,313,67,10,1472,613,-108.3,-11.5,-3.2
2026-07-02 04:00:00,XYZ406,1871,709,345,70,9,1614,562,-112.3,-10.8,8.3
2026-07-02 04:00:00,XYZ407,860,716,374,56,9,760,598,-100.6,-10.9,10.5
2026-07-02 04:00:00,XYZ408,1960,350,439,66,10,1818,290,-101.3,-9.0,14.2
2026-07-02 04:00:00,XYZ409,890,227,679,141,15,865,212,-94.9,-7.6,16.5
2026-07-02 04:00:00,XYZ410,2142,609,611,59,15,2035,587,-86.5,-8.5,22.3
2026-07-02 05:00:00,XYZ401,2178,708,172,22,6,1601,379,-103.2,-11.6,-4.3
2026-07-02 05:00:00,XYZ402,1932,647,190,31,5,1616,327,-114.8,-14.0,-5.5
2026-07-02 05:00:00,XYZ403,1810,739,197,39,6,1451,427,-115.8,-12.5,-6.2
2026-07-02 05:00:00,XYZ404,819,523,131,15,8,677,354,-111.9,-13.0,7.6
2026-07-02 05:00:00,XYZ405,1807,325,261,34,6,1695,225,-108.4,-9.7,2.9
2026-07-02 05:00:00,XYZ406,973,774,360,77,8,850,617,-104.8,-11.5,7.8
2026-07-02 05:00:00,XYZ407,1284,582,450,85,11,1136,509,-106.5,-12.5,1.8
2026-07-02 05:00:00,XYZ408,1997,291,447,49,7,1855,251,-101.5,-10.9,6.0
2026-07-02 05:00:00,XYZ409,1431,272,757,95,11,1306,260,-89.5,-7.6,19.8
2026-07-02 05:00:00,XYZ410,986,434,662,141,15,980,433,-88.4,-7.8,22.4
2026-07-02 06:00:00,XYZ401,1726,276,210,21,6,1181,146,-128.5,-13.1,1.4
2026-07-02 06:00:00,XYZ402,1620,561,205,45,7,1142,248,-125.8,-11.3,8.0
2026-07-02 06:00:00,XYZ403,1204,311,202,42,5,934,172,-107.9,-11.2,6.4
2026-07-02 06:00:00,XYZ404,1687,584,114,16,8,1343,339,-111.9,-12.5,-3.0
2026-07-02 06:00:00,XYZ405,1104,431,352,49,7,994,315,-110.8,-11.5,0.3
2026-07-02 06:00:00,XYZ406,2116,718,429,63,7,1894,560,-93.2,-10.8,6.0
2026-07-02 06:00:00,XYZ407,1792,509,489,43,10,1574,429,-106.4,-11.2,9.6
2026-07-02 06:00:00,XYZ408,1766,722,523,81,11,1568,589,-99.9,-9.7,10.3
2026-07-02 06:00:00,XYZ409,914,769,646,105,15,892,648,-88.9,-11.1,11.6
2026-07-02 06:00:00,XYZ410,1534,785,689,150,14,1479,785,-87.5,-8.3,23.7
2026-07-02 07:00:00,XYZ401,1808,218,228,25,7,1269,118,-114.3,-12.3,1.1
2026-07-02 07:00:00,XYZ402,1067,528,215,45,8,832,243,-126.0,-13.7,3.5
2026-07-02 07:00:00,XYZ403,1027,254,191,19,6,805,130,-124.4,-12.0,10.9
2026-07-02 07:00:00,XYZ404,1694,834,89,17,5,1381,563,-113.4,-8.5,9.2
2026-07-02 07:00:00,XYZ405,1257,567,409,55,10,1045,372,-110.1,-9.3,12.2
2026-07-02 07:00:00,XYZ406,1962,213,364,54,9,1681,169,-102.8,-12.3,9.5
2026-07-02 07:00:00,XYZ407,1478,507,353,50,11,1329,390,-101.9,-8.2,15.2
2026-07-02 07:00:00,XYZ408,1343,394,480,88,12,1171,334,-101.9,-10.0,9.9
2026-07-02 07:00:00,XYZ409,1140,567,509,57,11,1135,515,-93.7,-7.9,18.3
2026-07-02 07:00:00,XYZ410,1724,255,758,155,15,1648,245,-88.5,-8.0,22.3
2026-07-02 08:00:00,XYZ401,1129,275,151,25,4,808,137,-127.1,-9.2,17.8
2026-07-02 08:00:00,XYZ402,1689,340,191,30,3,1348,174,-113.5,-11.8,7.1
2026-07-02 08:00:00,XYZ403,2152,230,205,40,6,1604,140,-120.9,-12.8,4.5
2026-07-02 08:00:00,XYZ404,2080,794,118,11,8,1664,478,-111.8,-10.3,4.3
2026-07-02 08:00:00,XYZ405,1614,451,292,34,11,1286,331,-103.8,-9.9,8.4
2026-07-02 08:00:00,XYZ406,1752,449,363,47,9,1583,352,-102.9,-9.2,14.7
2026-07-02 08:00:00,XYZ407,1908,412,321,47,8,1634,343,-110.4,-11.2,5.5
2026-07-02 08:00:00,XYZ408,1282,667,450,72,9,1162,558,-100.1,-10.7,10.6
2026-07-02 08:00:00,XYZ409,2070,639,675,147,13,2070,639,-88.0,-5.7,23.7
2026-07-02 08:00:00,XYZ410,1691,386,610,55,15,1691,386,-88.0,-9.0,21.2
2026-07-02 09:00:00,XYZ401,1594,462,148,14,6,1090,245,-131.3,-12.3,-4.2
2026-07-02 09:00:00,XYZ402,1106,331,237,45,8,832,142,-117.7,-12.5,3.1
2026-07-02 09:00:00,XYZ403,1896,450,193,32,6,1507,235,-120.3,-12.6,4.4
2026-07-02 09:00:00,XYZ404,1622,219,122,16,5,1324,121,-107.0,-12.5,1.3
2026-07-02 09:00:00,XYZ405,1491,467,324,60,4,1297,321,-103.6,-13.9,-3.2
2026-07-02 09:00:00,XYZ406,1457,455,356,53,10,1318,351,-111.4,-10.1,11.6
2026-07-02 09:00:00,XYZ407,1857,707,432,69,8,1740,526,-104.7,-11.6,6.6
2026-07-02 09:00:00,XYZ408,1155,377,497,54,12,1021,327,-104.4,-10.5,11.0
2026-07-02 09:00:00,XYZ409,1554,830,442,65,15,1532,744,-88.0,-9.2,13.9
2026-07-02 09:00:00,XYZ410,1929,538,721,63,15,1929,493,-84.8,-6.0,19.7
2026-07-02 10:00:00,XYZ401,1971,406,217,41,7,1426,212,-123.4,-15.1,-11.6
2026-07-02 10:00:00,XYZ402,818,665,256,31,6,643,351,-118.8,-13.1,-0.7
2026-07-02 10:00:00,XYZ403,2116,537,173,14,8,1565,356,-119.4,-13.4,0.3
2026-07-02 10:00:00,XYZ404,2156,563,121,14,5,1664,321,-114.0,-10.9,0.1
2026-07-02 10:00:00,XYZ405,1465,847,344,56,5,1281,589,-108.7,-11.0,7.7
2026-07-02 10:00:00,XYZ406,2152,507,427,57,9,1784,381,-111.8,-16.4,-2.7
2026-07-02 10:00:00,XYZ407,872,374,302,39,8,711,275,-107.6,-11.1,13.3
2026-07-02 10:00:00,XYZ408,1414,354,512,99,11,1316,316,-108.2,-10.3,10.8
2026-07-02 10:00:00,XYZ409,1174,850,636,74,12,1174,775,-89.6,-8.9,17.5
2026-07-02 10:00:00,XYZ410,1402,654,699,143,15,1337,645,-89.8,-9.3,22.7
2026-07-02 11:00:00,XYZ401,1824,722,187,30,5,1373,426,-118.6,-12.5,0.5
2026-07-02 11:00:00,XYZ402,1737,326,198,33,5,1405,148,-107.8,-13.5,1.5
2026-07-02 11:00:00,XYZ403,809,352,212,30,3,590,207,-118.6,-12.9,-2.9
2026-07-02 11:00:00,XYZ404,1678,668,121,24,8,1381,408,-111.3,-10.9,3.8
2026-07-02 11:00:00,XYZ405,1190,434,287,26,9,1026,312,-106.8,-10.3,15.1
2026-07-02 11:00:00,XYZ406,893,485,408,40,7,785,398,-107.4,-12.4,1.0
2026-07-02 11:00:00,XYZ407,1803,593,479,47,9,1600,486,-102.9,-10.1,8.3
2026-07-02 11:00:00,XYZ408,2132,218,470,45,10,1971,176,-100.0,-12.1,10.7
2026-07-02 11:00:00,XYZ409,840,634,585,71,13,826,599,-94.8,-9.6,18.6
2026-07-02 11:00:00,XYZ410,2155,283,675,122,15,2026,266,-89.4,-9.1,18.7
2026-07-02 12:00:00,XYZ401,1041,689,190,23,7,738,426,-116.7,-12.5,3.1
2026-07-02 12:00:00,XYZ402,880,741,211,44,8,725,335,-114.9,-12.3,5.7
2026-07-02 12:00:00,XYZ403,1975,272,179,39,3,1464,152,-115.6,-13.8,-3.7
2026-07-02 12:00:00,XYZ404,1340,655,137,19,5,1037,451,-109.7,-12.6,10.3
2026-07-02 12:00:00,XYZ405,1037,226,395,46,7,935,171,-105.8,-12.2,5.2
2026-07-02 12:00:00,XYZ406,990,561,425,85,9,825,443,-108.3,-11.1,-3.4
2026-07-02 12:00:00,XYZ407,1663,295,508,75,9,1443,219,-101.7,-7.9,12.8
2026-07-02 12:00:00,XYZ408,1965,874,390,71,13,1886,698,-101.4,-12.0,11.0
2026-07-02 12:00:00,XYZ409,1067,601,681,125,13,998,567,-93.0,-9.3,16.4
2026-07-02 12:00:00,XYZ410,1957,409,674,116,14,1865,409,-88.4,-7.5,18.1
2026-07-02 13:00:00,XYZ401,1309,836,209,21,4,884,465,-126.6,-15.4,8.1
2026-07-02 13:00:00,XYZ402,1761,687,208,23,6,1399,337,-116.4,-13.6,-5.2
2026-07-02 13:00:00,XYZ403,2117,260,184,28,7,1503,164,-124.7,-15.1,2.2
2026-07-02 13:00:00,XYZ404,2138,198,131,22,8,1720,129,-109.5,-12.2,1.9
2026-07-02 13:00:00,XYZ405,1423,850,327,52,8,1266,584,-112.6,-13.8,-5.8
2026-07-02 13:00:00,XYZ406,2069,794,348,44,9,1888,573,-105.0,-11.9,6.5
2026-07-02 13:00:00,XYZ407,2097,714,456,63,8,1938,565,-106.0,-9.8,9.4
2026-07-02 13:00:00,XYZ408,1320,805,447,57,11,1155,689,-101.6,-11.0,11.7
2026-07-02 13:00:00,XYZ409,1648,868,659,99,14,1648,830,-96.4,-11.5,13.3
2026-07-02 13:00:00,XYZ410,1886,229,527,93,15,1840,210,-88.7,-10.7,14.1
2026-07-02 14:00:00,XYZ401,1155,576,154,27,8,829,304,-122.5,-15.9,-11.1
2026-07-02 14:00:00,XYZ402,1308,460,236,48,7,1046,207,-112.3,-11.1,-3.5
2026-07-02 14:00:00,XYZ403,1849,501,181,23,5,1360,320,-118.8,-16.0,-16.9
2026-07-02 14:00:00,XYZ404,2177,315,108,10,6,1703,213,-112.7,-11.7,8.9
2026-07-02 14:00:00,XYZ405,1521,863,349,29,7,1252,603,-109.5,-11.7,-2.3
2026-07-02 14:00:00,XYZ406,1018,205,253,44,10,873,157,-105.1,-10.3,10.7
2026-07-02 14:00:00,XYZ407,1099,482,364,58,11,1015,360,-103.9,-11.1,12.8
2026-07-02 14:00:00,XYZ408,1259,842,563,118,10,1120,692,-103.8,-12.6,11.5
2026-07-02 14:00:00,XYZ409,1593,881,526,106,13,1472,859,-93.5,-7.8,19.5
2026-07-02 14:00:00,XYZ410,1261,828,621,134,12,1190,781,-90.8,-10.0,20.1
2026-07-02 15:00:00,XYZ401,1402,256,155,15,5,895,150,-116.6,-13.6,2.6
2026-07-02 15:00:00,XYZ402,1996,441,195,37,8,1590,231,-114.8,-12.6,1.8
2026-07-02 15:00:00,XYZ403,2080,682,137,21,7,1491,368,-114.4,-12.5,-9.6
2026-07-02 15:00:00,XYZ404,1834,343,133,17,7,1445,197,-109.5,-11.2,5.6
2026-07-02 15:00:00,XYZ405,1247,666,300,62,8,1121,468,-100.5,-11.1,4.8
2026-07-02 15:00:00,XYZ406,2056,816,359,42,9,1750,636,-104.9,-11.4,10.7
2026-07-02 15:00:00,XYZ407,1379,563,394,36,10,1290,454,-108.6,-12.3,7.6
2026-07-02 15:00:00,XYZ408,996,351,559,61,11,894,322,-103.9,-11.9,4.5
2026-07-02 15:00:00,XYZ409,1668,899,722,60,14,1635,824,-88.4,-11.6,12.6
2026-07-02 15:00:00,XYZ410,1479,218,682,79,14,1478,211,-87.7,-9.7,21.1
2026-07-02 16:00:00,XYZ401,1594,503,153,25,5,1101,282,-109.1,-14.2,-0.7
2026-07-02 16:00:00,XYZ402,948,546,232,33,8,707,271,-116.0,-13.6,1.4
2026-07-02 16:00:00,XYZ403,1609,340,138,14,7,1212,194,-118.6,-14.9,-1.8
2026-07-02 16:00:00,XYZ404,2187,843,121,20,7,1702,465,-105.0,-13.5,-5.2
2026-07-02 16:00:00,XYZ405,1900,395,292,30,9,1611,282,-108.1,-14.0,-5.8
2026-07-02 16:00:00,XYZ406,1252,811,309,65,11,1066,643,-108.3,-8.9,10.7
2026-07-02 16:00:00,XYZ407,1924,477,465,81,11,1660,387,-106.1,-11.0,5.3
2026-07-02 16:00:00,XYZ408,1280,282,555,98,9,1166,238,-101.9,-9.1,11.6
2026-07-02 16:00:00,XYZ409,1112,503,595,71,15,1049,465,-90.2,-10.0,15.5
2026-07-02 16:00:00,XYZ410,1536,317,613,58,15,1441,299,-89.6,-8.8,16.8
2026-07-02 17:00:00,XYZ401,2122,323,174,35,3,1432,162,-114.9,-13.7,-5.3
2026-07-02 17:00:00,XYZ402,2093,211,214,44,7,1501,105,-121.1,-13.8,0.6
2026-07-02 17:00:00,XYZ403,1905,554,213,20,4,1331,327,-124.2,-14.0,8.2
2026-07-02 17:00:00,XYZ404,1545,694,98,10,5,1276,450,-111.8,-10.6,18.6
2026-07-02 17:00:00,XYZ405,1126,855,383,43,4,1003,690,-106.4,-12.2,3.0
2026-07-02 17:00:00,XYZ406,1341,558,446,91,6,1197,438,-100.1,-12.5,-1.8
2026-07-02 17:00:00,XYZ407,881,900,362,48,12,816,716,-100.8,-11.3,6.9
2026-07-02 17:00:00,XYZ408,1575,554,473,65,12,1419,430,-106.4,-10.0,12.7
2026-07-02 17:00:00,XYZ409,1506,798,560,57,13,1409,753,-85.8,-9.7,16.3
2026-07-02 17:00:00,XYZ410,1122,550,747,130,14,1097,495,-90.2,-9.8,18.4
2026-07-02 18:00:00,XYZ401,1781,600,176,28,5,1290,343,-116.2,-13.7,-1.7
2026-07-02 18:00:00,XYZ402,914,350,208,38,6,707,167,-111.9,-11.7,9.1
2026-07-02 18:00:00,XYZ403,2155,401,210,40,5,1684,197,-130.9,-12.2,5.9
2026-07-02 18:00:00,XYZ404,1172,818,126,14,5,895,493,-114.6,-13.6,1.1
2026-07-02 18:00:00,XYZ405,1589,715,356,59,8,1372,518,-105.0,-12.8,0.4
2026-07-02 18:00:00,XYZ406,879,724,328,67,7,790,550,-106.0,-11.6,4.4
2026-07-02 18:00:00,XYZ407,2189,559,334,43,11,1922,425,-101.7,-14.1,3.6
2026-07-02 18:00:00,XYZ408,1979,280,519,81,12,1832,230,-102.0,-13.1,10.9
2026-07-02 18:00:00,XYZ409,1327,187,595,78,13,1310,186,-93.3,-7.6,15.3
2026-07-02 18:00:00,XYZ410,1116,616,761,133,14,1066,580,-89.2,-9.2,21.9
2026-07-02 19:00:00,XYZ401,1217,674,147,20,6,821,395,-114.7,-15.2,7.2
2026-07-02 19:00:00,XYZ402,1082,855,228,43,7,817,428,-112.5,-15.0,3.5
2026-07-02 19:00:00,XYZ403,1927,233,228,32,6,1379,125,-109.1,-9.8,14.3
2026-07-02 19:00:00,XYZ404,931,449,118,18,9,795,279,-110.4,-11.1,7.7
2026-07-02 19:00:00,XYZ405,2023,359,330,28,10,1837,267,-110.7,-11.9,0.9
2026-07-02 19:00:00,XYZ406,2027,702,381,39,9,1736,527,-106.3,-10.9,7.7
2026-07-02 19:00:00,XYZ407,1365,584,476,86,10,1235,445,-106.7,-9.0,9.5
2026-07-02 19:00:00,XYZ408,1945,776,605,97,12,1753,613,-96.7,-8.9,9.1
2026-07-02 19:00:00,XYZ409,1334,752,766,148,12,1315,738,-89.8,-6.9,17.1
2026-07-02 19:00:00,XYZ410,1977,436,493,71,15,1904,402,-92.9,-10.1,15.3
2026-07-02 20:00:00,XYZ401,1743,673,173,21,2,1337,337,-116.3,-15.4,-0.0
2026-07-02 20:00:00,XYZ402,1523,708,235,30,4,1158,296,-116.7,-11.9,-0.5
2026-07-02 20:00:00,XYZ403,1935,542,209,38,8,1511,304,-114.7,-10.7,8.0
2026-07-02 20:00:00,XYZ404,1280,427,114,11,6,1013,272,-114.0,-11.3,3.3
2026-07-02 20:00:00,XYZ405,960,808,297,61,7,806,539,-100.1,-8.9,5.4
2026-07-02 20:00:00,XYZ406,1976,461,439,38,9,1776,306,-105.3,-11.2,10.5
2026-07-02 20:00:00,XYZ407,1666,694,464,58,8,1437,559,-108.4,-10.0,14.5
2026-07-02 20:00:00,XYZ408,817,192,452,53,11,771,159,-105.6,-9.6,13.1
2026-07-02 20:00:00,XYZ409,1351,554,570,82,14,1255,526,-90.7,-10.5,18.9
2026-07-02 20:00:00,XYZ410,1970,314,608,122,15,1970,314,-88.4,-9.9,21.9
2026-07-02 21:00:00,XYZ401,1201,333,204,32,6,920,209,-118.8,-13.8,-1.8
2026-07-02 21:00:00,XYZ402,1446,678,202,39,6,1089,314,-108.9,-13.9,-6.4
2026-07-02 21:00:00,XYZ403,1775,522,182,24,5,1343,294,-116.3,-14.0,5.6
2026-07-02 21:00:00,XYZ404,2191,800,107,19,7,1809,509,-107.0,-13.0,-0.2
2026-07-02 21:00:00,XYZ405,1798,260,355,45,7,1555,176,-110.4,-11.8,7.8
2026-07-02 21:00:00,XYZ406,2092,807,419,51,9,1939,572,-109.4,-10.7,9.7
2026-07-02 21:00:00,XYZ407,1347,635,391,78,8,1180,492,-103.6,-12.4,-1.3
2026-07-02 21:00:00,XYZ408,1056,420,503,45,11,977,336,-109.1,-11.5,9.5
2026-07-02 21:00:00,XYZ409,1769,586,769,103,14,1704,549,-101.9,-8.6,14.5
2026-07-02 21:00:00,XYZ410,1269,433,730,95,15,1269,414,-90.2,-7.1,22.6
2026-07-02 22:00:00,XYZ401,1466,733,152,22,8,1087,378,-111.1,-11.5,-6.0
2026-07-02 22:00:00,XYZ402,2102,757,212,20,5,1618,323,-112.2,-15.4,-15.0
2026-07-02 22:00:00,XYZ403,1430,490,188,33,5,1050,295,-109.9,-12.5,-0.4
2026-07-02 22:00:00,XYZ404,1807,668,103,11,7,1510,400,-105.5,-13.2,4.4
2026-07-02 22:00:00,XYZ405,1948,841,324,67,10,1634,615,-111.0,-11.4,8.1
2026-07-02 22:00:00,XYZ406,1356,471,390,37,10,1262,353,-110.0,-10.7,6.6
2026-07-02 22:00:00,XYZ407,1732,817,554,66,13,1528,636,-107.6,-9.3,8.2
2026-07-02 22:00:00,XYZ408,1056,628,522,100,10,983,531,-105.2,-9.2,12.7
2026-07-02 22:00:00,XYZ409,1560,518,547,58,14,1432,495,-87.6,-8.0,18.4
2026-07-02 22:00:00,XYZ410,1312,570,619,113,15,1312,552,-88.9,-9.3,20.3
2026-07-02 23:00:00,XYZ401,868,276,173,29,6,638,168,-134.9,-16.3,-5.0
2026-07-02 23:00:00,XYZ402,886,742,177,20,8,712,333,-115.5,-13.8,-3.0
2026-07-02 23:00:00,XYZ403,1031,195,202,38,8,776,121,-114.0,-10.6,3.9
2026-07-02 23:00:00,XYZ404,1773,884,131,28,8,1419,520,-114.2,-11.6,5.0
2026-07-02 23:00:00,XYZ405,2080,337,387,72,9,1843,247,-110.1,-12.4,-3.4
2026-07-02 23:00:00,XYZ406,1698,377,398,63,11,1483,308,-105.5,-12.2,6.4
2026-07-02 23:00:00,XYZ407,1911,371,339,35,10,1707,287,-107.6,-13.7,7.0
2026-07-02 23:00:00,XYZ408,1887,338,413,75,11,1670,263,-101.3,-11.6,5.7
2026-07-02 23:00:00,XYZ409,838,815,551,82,11,795,744,-91.7,-9.3,20.8
2026-07-02 23:00:00,XYZ410,1929,337,705,139,14,1929,314,-89.2,-9.0,19.1
2026-07-03 00:00:00,XYZ401,1065,289,166,30,4,770,161,-120.7,-15.3,-1.7
2026-07-03 00:00:00,XYZ402,1324,230,238,49,6,992,102,-109.9,-9.1,14.6
2026-07-03 00:00:00,XYZ403,963,549,184,22,7,681,324,-127.0,-15.4,-6.9
2026-07-03 00:00:00,XYZ404,883,252,126,17,7,658,158,-113.4,-10.7,3.5
2026-07-03 00:00:00,XYZ405,1195,820,325,57,7,1000,586,-103.2,-13.6,2.9
2026-07-03 00:00:00,XYZ406,2162,617,403,89,9,1817,492,-107.6,-9.9,9.1
2026-07-03 00:00:00,XYZ407,1707,743,347,57,11,1637,568,-102.3,-12.4,7.8
2026-07-03 00:00:00,XYZ408,1953,738,465,63,12,1836,638,-98.0,-10.4,12.7
2026-07-03 00:00:00,XYZ409,870,710,634,119,13,870,663,-87.8,-4.8,20.7
2026-07-03 00:00:00,XYZ410,1365,746,722,85,14,1365,677,-88.2,-8.8,18.8
2026-07-03 01:00:00,XYZ401,1992,487,174,18,4,1434,282,-112.9,-10.6,2.4
2026-07-03 01:00:00,XYZ402,1980,277,214,40,6,1440,125,-117.4,-14.6,-1.1
2026-07-03 01:00:00,XYZ403,1512,303,235,31,4,1169,166,-113.5,-14.3,-4.7
2026-07-03 01:00:00,XYZ404,1424,716,125,23,7,1144,478,-110.7,-10.5,6.2
2026-07-03 01:00:00,XYZ405,1604,769,331,53,9,1458,544,-110.8,-12.1,4.9
2026-07-03 01:00:00,XYZ406,900,741,398,63,10,800,567,-105.0,-12.5,-1.6
2026-07-03 01:00:00,XYZ407,1799,754,427,89,10,1563,627,-108.7,-11.9,3.7
2026-07-03 01:00:00,XYZ408,983,295,473,58,10,878,244,-105.8,-10.2,8.0
2026-07-03 01:00:00,XYZ409,1516,632,603,110,12,1367,542,-94.3,-8.9,13.7
2026-07-03 01:00:00,XYZ410,975,295,649,83,15,939,282,-89.5,-9.1,18.8
2026-07-03 02:00:00,XYZ401,1027,519,179,33,7,727,307,-116.1,-11.2,7.6
2026-07-03 02:00:00,XYZ402,1089,891,214,26,7,886,425,-115.9,-15.0,-9.0
2026-07-03 02:00:00,XYZ403,2065,188,188,23,3,1539,117,-109.3,-13.4,3.2
2026-07-03 02:00:00,XYZ404,2129,575,147,23,5,1726,359,-108.1,-11.8,4.7
2026-07-03 02:00:00,XYZ405,1181,754,301,31,10,1044,617,-107.3,-11.7,4.5
2026-07-03 02:00:00,XYZ406,1510,880,379,64,6,1367,656,-101.5,-7.5,8.2
2026-07-03 02:00:00,XYZ407,1592,210,399,73,11,1500,158,-98.1,-11.0,4.6
2026-07-03 02:00:00,XYZ408,1866,874,605,125,13,1735,705,-105.7,-9.8,10.4
2026-07-03 02:00:00,XYZ409,1474,848,578,89,10,1407,802,-89.6,-7.9,18.9
2026-07-03 02:00:00,XYZ410,1076,620,673,106,15,1076,620,-88.1,-5.6,24.3
2026-07-03 03:00:00,XYZ401,1042,329,160,34,4,774,203,-119.5,-14.4,-15.5
2026-07-03 03:00:00,XYZ402,2104,460,207,34,8,1677,227,-112.4,-12.3,1.1
2026-07-03 03:00:00,XYZ403,2054,883,210,36,5,1545,537,-114.0,-12.7,-0.5
2026-07-03 03:00:00,XYZ404,1176,576,118,14,7,908,344,-111.9,-11.9,2.5
2026-07-03 03:00:00,XYZ405,1645,387,350,44,6,1427,301,-107.9,-8.8,3.2
2026-07-03 03:00:00,XYZ406,1737,432,335,71,9,1483,310,-103.0,-13.6,-0.3
2026-07-03 03:00:00,XYZ407,1971,219,481,65,9,1713,169,-108.3,-11.1,7.4
2026-07-03 03:00:00,XYZ408,880,751,524,99,8,808,599,-99.7,-10.3,12.5
2026-07-03 03:00:00,XYZ409,1385,807,600,90,12,1301,766,-88.0,-8.2,13.8
2026-07-03 03:00:00,XYZ410,1168,779,726,118,14,1132,779,-89.2,-7.2,22.0
2026-07-03 04:00:00,XYZ401,1213,511,188,27,3,885,275,-122.7,-15.3,-18.3
2026-07-03 04:00:00,XYZ402,1543,267,202,27,7,1219,117,-115.7,-13.9,2.1
2026-07-03 04:00:00,XYZ403,1149,855,214,39,8,899,472,-114.1,-12.1,-4.2
2026-07-03 04:00:00,XYZ404,1713,475,112,16,6,1384,287,-113.4,-11.4,4.7
2026-07-03 04:00:00,XYZ405,1821,685,366,42,8,1560,492,-107.6,-11.9,11.6
2026-07-03 04:00:00,XYZ406,1920,464,433,37,10,1726,344,-109.5,-11.7,7.7
2026-07-03 04:00:00,XYZ407,866,485,442,76,13,754,355,-105.6,-7.9,9.5
2026-07-03 04:00:00,XYZ408,2018,766,469,57,11,1898,655,-104.8,-11.1,4.9
2026-07-03 04:00:00,XYZ409,1554,617,662,91,13,1554,552,-91.4,-9.9,15.1
2026-07-03 04:00:00,XYZ410,1229,892,703,128,14,1178,859,-87.3,-10.9,12.5
2026-07-03 05:00:00,XYZ401,2038,474,145,24,7,1631,238,-128.4,-12.8,4.9
2026-07-03 05:00:00,XYZ402,1816,712,231,25,6,1329,337,-120.8,-14.6,5.2
2026-07-03 05:00:00,XYZ403,1042,300,216,42,5,824,176,-116.3,-14.6,-5.8
2026-07-03 05:00:00,XYZ404,1234,191,137,26,6,996,111,-116.7,-12.1,1.9
2026-07-03 05:00:00,XYZ405,1033,762,290,60,9,877,523,-108.7,-11.3,4.2
2026-07-03 05:00:00,XYZ406,872,841,349,68,10,800,668,-104.2,-12.0,-2.7
2026-07-03 05:00:00,XYZ407,914,874,452,59,12,834,673,-106.5,-10.0,12.5
2026-07-03 05:00:00,XYZ408,1105,467,548,58,12,950,406,-105.3,-10.2,6.5
2026-07-03 05:00:00,XYZ409,1039,502,523,64,15,1039,446,-92.6,-7.5,13.7
2026-07-03 05:00:00,XYZ410,1875,489,766,147,15,1875,478,-86.3,-7.8,22.0
2026-07-03 06:00:00,XYZ401,1824,675,208,44,5,1341,391,-118.8,-14.6,-11.7
2026-07-03 06:00:00,XYZ402,2185,315,224,19,7,1616,152,-113.7,-12.7,-10.7
2026-07-03 06:00:00,XYZ403,2017,227,197,22,5,1550,125,-109.2,-11.5,6.2
2026-07-03 06:00:00,XYZ404,1210,377,128,12,6,916,229,-107.2,-13.6,3.3
2026-07-03 06:00:00,XYZ405,2075,735,314,28,10,1757,524,-110.1,-10.1,8.5
2026-07-03 06:00:00,XYZ406,2055,526,394,36,10,1853,403,-106.3,-9.2,17.6
2026-07-03 06:00:00,XYZ407,1602,786,403,75,10,1469,666,-108.2,-12.9,3.6
2026-07-03 06:00:00,XYZ408,1892,260,361,53,12,1773,238,-103.8,-10.9,7.9
2026-07-03 06:00:00,XYZ409,1733,656,616,65,15,1653,651,-99.2,-7.8,17.3
2026-07-03 06:00:00,XYZ410,2162,518,722,104,13,2162,507,-92.0,-8.6,19.3
2026-07-03 07:00:00,XYZ401,1149,768,166,32,3,820,450,-116.1,-11.8,0.7
2026-07-03 07:00:00,XYZ402,1891,652,206,26,7,1547,291,-112.0,-14.6,-6.4
2026-07-03 07:00:00,XYZ403,2010,760,243,39,8,1354,476,-114.5,-14.0,-9.5
2026-07-03 07:00:00,XYZ404,1796,297,152,14,8,1495,173,-114.4,-14.8,-8.5
2026-07-03 07:00:00,XYZ405,1022,568,353,66,8,862,380,-110.7,-10.0,11.4
2026-07-03 07:00:00,XYZ406,800,330,390,79,8,728,249,-109.7,-10.1,5.2
2026-07-03 07:00:00,XYZ407,1413,491,487,81,6,1186,374,-98.9,-12.0,3.4
2026-07-03 07:00:00,XYZ408,1845,593,480,76,11,1692,530,-107.8,-8.7,18.0
2026-07-03 07:00:00,XYZ409,1535,211,566,88,14,1517,202,-91.6,-9.3,20.6
2026-07-03 07:00:00,XYZ410,2156,357,668,147,15,2155,333,-87.8,-7.3,14.9
2026-07-03 08:00:00,XYZ401,2172,843,189,32,6,1570,467,-108.5,-13.8,-0.7
2026-07-03 08:00:00,XYZ402,1651,646,217,42,4,1286,341,-119.8,-12.4,8.9
2026-07-03 08:00:00,XYZ403,1587,799,189,30,3,1171,479,-110.1,-12.8,-0.6
2026-07-03 08:00:00,XYZ404,868,218,113,21,6,753,122,-114.6,-10.8,7.2
2026-07-03 08:00:00,XYZ405,1372,804,368,71,4,1163,581,-104.2,-11.2,8.0
2026-07-03 08:00:00,XYZ406,1439,807,376,69,7,1295,657,-104.8,-12.4,8.0
2026-07-03 08:00:00,XYZ407,1662,481,411,36,8,1412,427,-105.2,-9.1,9.0
2026-07-03 08:00:00,XYZ408,1769,772,447,41,10,1559,661,-102.1,-9.6,17.3
2026-07-03 08:00:00,XYZ409,1835,438,655,107,13,1835,425,-90.4,-8.7,17.8
2026-07-03 08:00:00,XYZ410,1109,854,724,145,12,1100,761,-86.8,-6.5,19.7
2026-07-03 09:00:00,XYZ401,1502,789,182,26,6,1198,425,-114.8,-17.1,-3.9
2026-07-03 09:00:00,XYZ402,2105,351,197,20,6,1595,174,-107.1,-11.8,-5.6
2026-07-03 09:00:00,XYZ403,1616,725,170,20,7,1157,425,-115.2,-12.0,9.6
2026-07-03 09:00:00,XYZ404,1719,571,110,24,8,1364,328,-121.2,-13.2,1.3
2026-07-03 09:00:00,XYZ405,1684,459,269,50,9,1391,313,-109.6,-9.8,8.4
2026-07-03 09:00:00,XYZ406,2176,782,386,31,9,1985,614,-110.8,-15.9,0.1
2026-07-03 09:00:00,XYZ407,939,286,488,43,8,857,229,-106.1,-11.8,4.6
2026-07-03 09:00:00,XYZ408,2016,852,474,78,11,1872,742,-104.3,-11.3,8.3
2026-07-03 09:00:00,XYZ409,1569,759,590,53,14,1465,659,-91.4,-8.9,14.2
2026-07-03 09:00:00,XYZ410,1728,463,858,102,14,1728,447,-91.0,-10.7,17.5
2026-07-03 10:00:00,XYZ401,927,241,194,26,6,648,138,-118.6,-10.8,12.6
2026-07-03 10:00:00,XYZ402,2121,683,227,26,7,1648,354,-111.1,-13.2,-8.8
2026-07-03 10:00:00,XYZ403,871,436,201,27,6,683,262,-115.8,-14.9,-2.3
2026-07-03 10:00:00,XYZ404,1110,896,104,14,7,888,538,-108.5,-10.7,11.4
2026-07-03 10:00:00,XYZ405,943,885,283,39,7,808,636,-106.1,-14.9,-0.2
2026-07-03 10:00:00,XYZ406,2094,842,400,68,7,1916,691,-103.3,-10.9,9.0
2026-07-03 10:00:00,XYZ407,1161,856,407,69,8,959,654,-103.3,-8.7,13.8
2026-07-03 10:00:00,XYZ408,1188,323,546,93,8,1104,277,-102.8,-10.2,13.0
2026-07-03 10:00:00,XYZ409,1823,640,606,66,14,1666,591,-91.5,-9.8,15.9
2026-07-03 10:00:00,XYZ410,2139,863,648,58,14,2031,747,-88.7,-9.1,22.6
2026-07-03 11:00:00,XYZ401,1089,813,198,38,6,777,447,-109.1,-11.7,1.5
2026-07-03 11:00:00,XYZ402,1734,805,211,23,3,1366,406,-109.1,-12.8,1.4
2026-07-03 11:00:00,XYZ403,1215,874,169,19,4,851,535,-118.1,-13.3,1.1
2026-07-03 11:00:00,XYZ404,893,787,132,14,7,776,493,-110.7,-10.5,0.5
2026-07-03 11:00:00,XYZ405,1298,282,331,27,9,1126,201,-106.6,-13.1,-1.8
2026-07-03 11:00:00,XYZ406,982,847,384,38,8,855,637,-107.8,-13.8,3.9
2026-07-03 11:00:00,XYZ407,1354,358,487,92,11,1177,284,-105.6,-10.6,7.3
2026-07-03 11:00:00,XYZ408,1512,608,511,95,12,1371,534,-102.9,-9.1,13.6
2026-07-03 11:00:00,XYZ409,1905,821,543,80,15,1784,770,-93.3,-8.8,14.0
2026-07-03 11:00:00,XYZ410,1161,343,741,143,13,1053,327,-88.5,-9.4,18.5
2026-07-03 12:00:00,XYZ401,1728,730,207,34,6,1326,414,-113.3,-11.7,10.5
2026-07-03 12:00:00,XYZ402,1467,609,220,40,6,1101,303,-107.9,-11.4,-5.6
2026-07-03 12:00:00,XYZ403,1209,662,184,24,6,888,397,-117.4,-14.0,-2.2
2026-07-03 12:00:00,XYZ404,1737,378,115,11,6,1368,206,-120.0,-12.0,2.9
2026-07-03 12:00:00,XYZ405,1753,531,400,64,10,1476,385,-107.4,-9.8,9.1
2026-07-03 12:00:00,XYZ406,1932,415,333,40,7,1663,351,-101.9,-13.3,-9.5
2026-07-03 12:00:00,XYZ407,1676,515,512,71,8,1505,396,-106.9,-8.4,9.1
2026-07-03 12:00:00,XYZ408,890,221,545,97,8,789,202,-103.3,-11.3,5.8
2026-07-03 12:00:00,XYZ409,1000,751,585,129,14,948,712,-91.9,-10.6,11.4
2026-07-03 12:00:00,XYZ410,832,671,593,86,11,829,636,-89.0,-8.6,16.2
2026-07-03 13:00:00,XYZ401,1083,559,155,24,6,803,291,-124.5,-13.2,-10.9
2026-07-03 13:00:00,XYZ402,1407,616,247,41,7,1140,296,-122.7,-15.2,-7.0
2026-07-03 13:00:00,XYZ403,1487,870,217,37,7,1113,492,-117.1,-13.7,0.7
2026-07-03 13:00:00,XYZ404,937,754,131,28,8,756,462,-114.6,-11.9,6.4
2026-07-03 13:00:00,XYZ405,1988,410,355,51,8,1773,276,-111.7,-11.6,14.7
2026-07-03 13:00:00,XYZ406,1826,719,350,46,10,1624,576,-110.0,-13.3,-2.2
2026-07-03 13:00:00,XYZ407,2178,247,475,43,10,2072,191,-102.6,-8.8,15.7
2026-07-03 13:00:00,XYZ408,1137,462,476,66,11,1123,400,-101.9,-9.7,11.6
2026-07-03 13:00:00,XYZ409,2197,535,753,148,13,2097,499,-96.3,-8.3,18.4
2026-07-03 13:00:00,XYZ410,1864,840,721,111,12,1840,783,-85.7,-10.5,17.1
2026-07-03 14:00:00,XYZ401,1923,315,168,33,4,1338,176,-113.9,-13.4,-6.1
2026-07-03 14:00:00,XYZ402,1103,541,206,22,5,880,248,-102.8,-13.1,-3.0
2026-07-03 14:00:00,XYZ403,2164,299,207,18,7,1633,166,-111.8,-11.8,0.6
2026-07-03 14:00:00,XYZ404,1449,532,122,26,7,1210,343,-108.5,-11.3,9.3
2026-07-03 14:00:00,XYZ405,1097,339,308,37,8,1014,234,-101.5,-10.2,5.2
2026-07-03 14:00:00,XYZ406,1974,862,311,64,8,1672,699,-101.9,-11.1,11.5
2026-07-03 14:00:00,XYZ407,1085,205,488,79,10,969,160,-109.7,-11.1,12.4
2026-07-03 14:00:00,XYZ408,1254,464,439,59,14,1171,396,-101.8,-11.5,13.5
2026-07-03 14:00:00,XYZ409,1804,237,571,68,15,1719,234,-89.6,-7.9,14.5
2026-07-03 14:00:00,XYZ410,1519,495,802,154,10,1519,495,-88.6,-6.8,24.1
2026-07-03 15:00:00,XYZ401,1391,614,191,42,4,1036,371,-118.8,-13.6,-10.2
2026-07-03 15:00:00,XYZ402,1875,523,240,33,3,1500,299,-109.9,-13.0,0.1
2026-07-03 15:00:00,XYZ403,1938,320,204,33,7,1380,189,-113.0,-11.3,11.6
2026-07-03 15:00:00,XYZ404,1811,752,140,24,6,1407,464,-114.8,-13.0,2.9
2026-07-03 15:00:00,XYZ405,1054,607,324,70,8,868,394,-104.3,-10.2,14.8
2026-07-03 15:00:00,XYZ406,2026,550,391,38,7,1712,404,-108.5,-11.9,11.8
2026-07-03 15:00:00,XYZ407,1849,445,440,52,12,1662,352,-104.5,-11.9,9.2
2026-07-03 15:00:00,XYZ408,1659,831,453,85,12,1548,732,-104.5,-9.5,8.8
2026-07-03 15:00:00,XYZ409,1175,351,584,103,11,1144,311,-97.9,-8.9,14.3
2026-07-03 15:00:00,XYZ410,996,727,780,100,13,996,650,-89.8,-7.8,23.6
2026-07-03 16:00:00,XYZ401,1133,406,220,40,5,831,228,-112.8,-16.5,-14.4
2026-07-03 16:00:00,XYZ402,1033,607,213,28,5,788,281,-114.5,-14.2,6.7
2026-07-03 16:00:00,XYZ403,1705,530,220,39,5,1331,289,-114.0,-12.1,4.3
2026-07-03 16:00:00,XYZ404,1429,308,122,18,7,1190,199,-101.1,-12.2,-7.1
2026-07-03 16:00:00,XYZ405,1683,855,372,69,9,1470,619,-109.4,-11.1,4.9
2026-07-03 16:00:00,XYZ406,1053,796,428,91,11,945,639,-97.7,-9.5,8.9
2026-07-03 16:00:00,XYZ407,1987,692,456,70,9,1767,566,-104.2,-12.3,2.6
2026-07-03 16:00:00,XYZ408,1192,468,421,84,13,1041,412,-98.6,-9.4,16.4
2026-07-03 16:00:00,XYZ409,1772,630,541,74,9,1671,617,-92.7,-7.7,14.7
2026-07-03 16:00:00,XYZ410,1443,306,842,77,14,1438,279,-87.5,-8.8,17.2
2026-07-03 17:00:00,XYZ401,1811,794,128,18,5,1337,453,-118.8,-14.6,-14.1
2026-07-03 17:00:00,XYZ402,942,667,188,29,5,779,343,-116.8,-11.1,10.4
2026-07-03 17:00:00,XYZ403,2185,590,206,22,3,1670,348,-120.7,-16.1,-19.2
2026-07-03 17:00:00,XYZ404,1210,789,120,22,4,998,507,-115.4,-11.1,2.7
2026-07-03 17:00:00,XYZ405,2015,839,366,37,5,1717,662,-104.5,-13.2,3.4
2026-07-03 17:00:00,XYZ406,1731,290,394,77,11,1518,235,-102.8,-8.0,8.4
2026-07-03 17:00:00,XYZ407,1820,571,425,65,11,1574,401,-107.1,-12.0,5.8
2026-07-03 17:00:00,XYZ408,1808,657,575,90,9,1583,569,-98.8,-10.8,6.9
2026-07-03 17:00:00,XYZ409,864,301,713,143,14,864,281,-93.9,-10.0,17.7
2026-07-03 17:00:00,XYZ410,1420,348,791,136,15,1402,326,-87.9,-9.9,19.3
2026-07-03 18:00:00,XYZ401,1904,340,165,36,6,1312,180,-124.0,-16.7,-2.3
2026-07-03 18:00:00,XYZ402,1456,242,204,42,6,1108,119,-114.7,-13.2,3.4
2026-07-03 18:00:00,XYZ403,1498,545,191,34,7,1088,331,-117.5,-12.8,0.3
2026-07-03 18:00:00,XYZ404,1424,297,106,22,8,1155,182,-111.3,-11.5,-1.1
2026-07-03 18:00:00,XYZ405,1346,202,326,57,9,1202,146,-104.1,-12.7,4.6
2026-07-03 18:00:00,XYZ406,1488,688,417,62,8,1290,489,-106.1,-10.4,3.3
2026-07-03 18:00:00,XYZ407,954,474,330,60,8,877,359,-105.2,-12.5,11.3
2026-07-03 18:00:00,XYZ408,1984,277,504,46,9,1719,228,-104.3,-12.0,5.5
2026-07-03 18:00:00,XYZ409,1418,859,499,53,14,1339,806,-93.9,-10.7,15.5
2026-07-03 18:00:00,XYZ410,838,822,677,98,15,833,770,-91.8,-9.2,18.2
2026-07-03 19:00:00,XYZ401,2106,624,164,30,6,1430,336,-109.1,-12.8,-7.1
2026-07-03 19:00:00,XYZ402,1414,625,194,23,7,1110,258,-109.7,-12.1,8.4
2026-07-03 19:00:00,XYZ403,1128,595,185,40,6,844,377,-115.8,-10.2,3.0
2026-07-03 19:00:00,XYZ404,1664,842,109,17,7,1384,540,-113.5,-12.1,1.8
2026-07-03 19:00:00,XYZ405,2119,677,316,68,7,1920,431,-107.7,-11.1,3.3
2026-07-03 19:00:00,XYZ406,1544,867,397,73,9,1374,667,-107.5,-10.9,14.5
2026-07-03 19:00:00,XYZ407,1047,717,436,71,10,883,566,-105.1,-9.8,16.3
2026-07-03 19:00:00,XYZ408,1598,421,538,108,10,1430,368,-103.8,-9.8,12.2
2026-07-03 19:00:00,XYZ409,914,295,747,98,9,860,277,-93.3,-10.1,18.9
2026-07-03 19:00:00,XYZ410,1553,495,537,95,13,1446,495,-87.3,-10.5,15.5
2026-07-03 20:00:00,XYZ401,2175,496,165,23,4,1571,297,-124.0,-13.4,-11.5
2026-07-03 20:00:00,XYZ402,816,582,189,38,6,632,326,-119.9,-11.1,-5.2
2026-07-03 20:00:00,XYZ403,1128,839,220,30,4,887,462,-117.1,-11.4,0.0
2026-07-03 20:00:00,XYZ404,1481,612,119,20,5,1166,411,-117.2,-13.6,6.2
2026-07-03 20:00:00,XYZ405,1921,208,318,34,9,1647,140,-107.6,-12.2,-2.1
2026-07-03 20:00:00,XYZ406,1425,501,314,31,9,1251,382,-106.9,-9.4,7.0
2026-07-03 20:00:00,XYZ407,2016,507,383,46,10,1772,372,-110.8,-10.5,10.4
2026-07-03 20:00:00,XYZ408,972,604,475,40,10,879,497,-100.8,-9.8,4.6
2026-07-03 20:00:00,XYZ409,1943,271,556,65,12,1835,242,-90.0,-9.4,15.7
2026-07-03 20:00:00,XYZ410,982,556,517,101,15,980,547,-85.7,-7.6,23.7
2026-07-03 21:00:00,XYZ401,1812,375,163,18,8,1367,222,-107.6,-13.6,-6.9
2026-07-03 21:00:00,XYZ402,1241,469,222,25,10,994,223,-118.2,-10.2,5.3
2026-07-03 21:00:00,XYZ403,1723,880,218,24,6,1333,491,-117.3,-15.8,-3.4
2026-07-03 21:00:00,XYZ404,1585,613,129,27,6,1260,378,-115.1,-12.0,3.7
2026-07-03 21:00:00,XYZ405,2041,792,242,42,8,1903,539,-109.8,-11.6,-3.8
2026-07-03 21:00:00,XYZ406,1070,752,423,39,8,1001,604,-105.4,-9.6,9.8
2026-07-03 21:00:00,XYZ407,1886,500,418,50,7,1657,406,-103.5,-9.3,8.6
2026-07-03 21:00:00,XYZ408,1339,807,561,83,12,1140,721,-109.0,-11.7,5.7
2026-07-03 21:00:00,XYZ409,1109,831,676,121,14,1004,755,-91.7,-8.8,15.1
2026-07-03 21:00:00,XYZ410,1693,298,615,92,14,1667,298,-88.1,-7.7,22.7
2026-07-03 22:00:00,XYZ401,1103,470,202,33,5,804,264,-116.5,-13.4,2.4
2026-07-03 22:00:00,XYZ402,808,718,210,26,5,609,346,-118.1,-12.6,4.6
2026-07-03 22:00:00,XYZ403,1382,583,221,40,7,1010,306,-124.1,-10.8,10.5
2026-07-03 22:00:00,XYZ404,1782,644,125,18,9,1436,385,-114.3,-13.7,-0.9
2026-07-03 22:00:00,XYZ405,1965,839,306,35,6,1770,652,-109.5,-10.5,13.8
2026-07-03 22:00:00,XYZ406,1291,588,454,78,8,1125,497,-101.8,-8.6,11.5
2026-07-03 22:00:00,XYZ407,1046,497,397,57,10,924,431,-101.6,-11.7,4.9
2026-07-03 22:00:00,XYZ408,1594,667,507,85,10,1490,562,-99.0,-9.2,13.5
2026-07-03 22:00:00,XYZ409,990,654,514,47,10,986,620,-93.9,-10.5,12.1
2026-07-03 22:00:00,XYZ410,1758,627,644,74,14,1709,627,-86.3,-5.4,17.3
2026-07-03 23:00:00,XYZ401,1675,258,146,28,5,1201,144,-111.7,-14.8,-6.8
2026-07-03 23:00:00,XYZ402,1527,440,220,44,3,1207,185,-119.4,-11.1,11.4
2026-07-03 23:00:00,XYZ403,892,484,203,42,4,716,300,-119.1,-11.5,9.3
2026-07-03 23:00:00,XYZ404,1183,396,131,11,8,916,255,-105.9,-14.9,-7.7
2026-07-03 23:00:00,XYZ405,1038,651,267,58,8,938,471,-110.9,-11.6,-4.4
2026-07-03 23:00:00,XYZ406,1538,887,385,37,9,1358,666,-111.4,-11.4,3.6
2026-07-03 23:00:00,XYZ407,832,207,357,38,8,743,160,-103.9,-10.9,13.6
2026-07-03 23:00:00,XYZ408,1416,654,418,62,10,1249,572,-100.5,-7.8,16.4
2026-07-03 23:00:00,XYZ409,840,386,735,103,14,836,347,-93.6,-9.3,21.4
2026-07-03 23:00:00,XYZ410,1651,687,718,117,13,1651,656,-90.7,-9.2,17.7
2026-07-04 00:00:00,XYZ401,2052,679,164,28,6,1600,350,-117.8,-11.2,0.8
2026-07-04 00:00:00,XYZ402,1769,299,213,23,7,1366,115,-114.6,-12.1,-6.2
2026-07-04 00:00:00,XYZ403,1504,781,188,23,4,1078,467,-112.2,-15.1,-4.4
2026-07-04 00:00:00,XYZ404,1599,606,94,16,7,1257,393,-117.2,-14.8,1.0
2026-07-04 00:00:00,XYZ405,1378,674,214,26,8,1178,474,-106.2,-11.6,7.4
2026-07-04 00:00:00,XYZ406,1228,750,452,93,11,1139,590,-105.8,-11.5,10.4
2026-07-04 00:00:00,XYZ407,865,296,395,34,11,786,226,-106.1,-11.2,6.6
2026-07-04 00:00:00,XYZ408,1940,453,491,104,11,1830,413,-106.6,-11.4,13.8
2026-07-04 00:00:00,XYZ409,1736,288,538,56,12,1736,266,-91.2,-9.4,12.0
2026-07-04 00:00:00,XYZ410,1041,390,705,66,12,1005,382,-88.6,-7.3,19.2
2026-07-04 01:00:00,XYZ401,2125,305,181,23,7,1452,184,-114.3,-15.8,-9.0
2026-07-04 01:00:00,XYZ402,1834,355,198,37,6,1530,182,-112.5,-13.7,0.2
2026-07-04 01:00:00,XYZ403,1663,619,201,17,7,1253,345,-120.4,-14.9,2.7
2026-07-04 01:00:00,XYZ404,1098,190,134,19,4,848,115,-116.7,-11.3,6.9
2026-07-04 01:00:00,XYZ405,1605,836,344,74,7,1384,552,-105.0,-7.4,10.3
2026-07-04 01:00:00,XYZ406,1658,591,419,82,8,1362,488,-110.1,-12.0,12.6
2026-07-04 01:00:00,XYZ407,1880,593,375,77,9,1667,465,-106.9,-13.0,8.9
2026-07-04 01:00:00,XYZ408,2128,594,538,109,9,1877,512,-109.1,-9.6,14.3
2026-07-04 01:00:00,XYZ409,1865,275,775,121,15,1854,258,-94.6,-10.3,15.8
2026-07-04 01:00:00,XYZ410,1329,427,547,64,14,1314,417,-89.5,-8.3,16.9
2026-07-04 02:00:00,XYZ401,1839,846,172,32,5,1313,473,-111.9,-13.5,-5.1
2026-07-04 02:00:00,XYZ402,1991,759,231,40,6,1590,348,-126.5,-16.3,-6.8
2026-07-04 02:00:00,XYZ403,1973,712,200,20,6,1435,373,-116.2,-14.2,-4.3
2026-07-04 02:00:00,XYZ404,1671,601,125,19,5,1282,380,-111.3,-12.4,7.2
2026-07-04 02:00:00,XYZ405,2004,450,379,52,8,1626,312,-112.9,-10.6,1.4
2026-07-04 02:00:00,XYZ406,1133,327,375,66,7,979,240,-106.2,-12.3,-5.7
2026-07-04 02:00:00,XYZ407,1732,752,468,40,9,1473,609,-110.0,-11.2,15.2
2026-07-04 02:00:00,XYZ408,1113,300,449,73,11,1053,229,-96.3,-9.2,8.5
2026-07-04 02:00:00,XYZ409,899,470,533,74,13,893,435,-90.8,-8.9,21.4
2026-07-04 02:00:00,XYZ410,1973,497,596,111,14,1973,438,-89.7,-9.7,20.7
2026-07-04 03:00:00,XYZ401,1833,863,169,19,8,1258,430,-129.4,-14.0,3.0
2026-07-04 03:00:00,XYZ402,1609,527,170,30,4,1212,201,-118.2,-12.8,8.8
2026-07-04 03:00:00,XYZ403,1971,496,172,15,5,1408,262,-118.4,-14.0,-2.3
2026-07-04 03:00:00,XYZ404,1967,714,116,10,7,1521,454,-107.8,-12.1,4.4
2026-07-04 03:00:00,XYZ405,1221,773,393,33,7,1051,604,-114.8,-12.5,8.1
2026-07-04 03:00:00,XYZ406,1695,364,394,41,10,1519,259,-102.0,-10.4,5.4
2026-07-04 03:00:00,XYZ407,1094,337,415,37,11,1007,290,-106.1,-9.7,11.8
2026-07-04 03:00:00,XYZ408,1598,281,454,49,11,1480,233,-100.2,-9.7,8.3
2026-07-04 03:00:00,XYZ409,2022,696,549,75,14,1900,637,-93.1,-7.9,17.0
2026-07-04 03:00:00,XYZ410,1278,199,660,81,12,1276,188,-82.9,-9.1,19.0
2026-07-04 04:00:00,XYZ401,1633,692,185,26,9,1086,398,-113.5,-12.4,18.1
2026-07-04 04:00:00,XYZ402,1936,642,197,17,5,1439,353,-112.6,-11.6,9.5
2026-07-04 04:00:00,XYZ403,1787,876,188,34,4,1334,534,-119.4,-13.5,3.5
2026-07-04 04:00:00,XYZ404,1953,251,116,16,5,1561,152,-108.2,-11.3,4.4
2026-07-04 04:00:00,XYZ405,2050,878,312,39,8,1652,630,-102.7,-9.9,2.6
2026-07-04 04:00:00,XYZ406,1231,650,351,28,11,1137,529,-106.9,-11.3,9.3
2026-07-04 04:00:00,XYZ407,819,893,408,34,9,725,681,-106.5,-14.2,1.5
2026-07-04 04:00:00,XYZ408,2175,635,508,95,10,1979,528,-105.5,-12.4,12.9
2026-07-04 04:00:00,XYZ409,817,377,682,63,13,809,364,-94.0,-8.2,16.7
2026-07-04 04:00:00,XYZ410,2056,820,762,157,14,1987,770,-85.0,-6.8,20.3
2026-07-04 05:00:00,XYZ401,2041,833,150,24,5,1479,479,-127.6,-13.5,7.8
2026-07-04 05:00:00,XYZ402,2197,797,243,27,6,1682,371,-115.7,-12.2,1.8
2026-07-04 05:00:00,XYZ403,1871,874,175,14,4,1397,479,-102.9,-12.6,1.7
2026-07-04 05:00:00,XYZ404,1674,836,108,10,7,1244,495,-117.1,-12.9,5.2
2026-07-04 05:00:00,XYZ405,1861,224,316,34,10,1548,163,-105.9,-12.1,2.6
2026-07-04 05:00:00,XYZ406,967,765,353,38,12,851,629,-117.4,-9.8,8.2
2026-07-04 05:00:00,XYZ407,1474,279,509,58,10,1303,237,-101.9,-8.7,8.7
2026-07-04 05:00:00,XYZ408,1769,424,502,82,11,1587,391,-104.5,-11.7,12.1
2026-07-04 05:00:00,XYZ409,1698,772,708,134,12,1653,682,-86.2,-7.0,21.7
2026-07-04 05:00:00,XYZ410,926,632,720,143,15,880,632,-87.1,-8.3,18.7
2026-07-04 06:00:00,XYZ401,1622,418,158,26,4,1234,245,-111.0,-15.4,-12.6
2026-07-04 06:00:00,XYZ402,1007,527,204,17,5,792,234,-121.1,-11.6,8.3
2026-07-04 06:00:00,XYZ403,938,766,184,18,7,658,411,-111.8,-12.7,4.9
2026-07-04 06:00:00,XYZ404,890,241,135,21,5,700,158,-108.2,-13.6,-6.7
2026-07-04 06:00:00,XYZ405,1098,531,337,66,8,961,396,-110.7,-11.6,17.8
2026-07-04 06:00:00,XYZ406,1945,235,339,59,9,1745,177,-104.8,-8.2,10.4
2026-07-04 06:00:00,XYZ407,1757,772,501,104,11,1543,601,-107.5,-11.7,6.5
2026-07-04 06:00:00,XYZ408,1815,404,544,102,11,1737,363,-105.1,-12.3,8.4
2026-07-04 06:00:00,XYZ409,1478,589,656,79,13,1448,532,-88.3,-8.1,24.3
2026-07-04 06:00:00,XYZ410,1198,826,760,155,15,1177,744,-89.7,-8.3,20.7
2026-07-04 07:00:00,XYZ401,1156,362,186,32,6,808,214,-116.8,-12.5,2.7
2026-07-04 07:00:00,XYZ402,1027,526,159,34,4,786,269,-116.7,-10.5,0.8
2026-07-04 07:00:00,XYZ403,2076,246,160,20,7,1651,129,-108.4,-10.6,8.8
2026-07-04 07:00:00,XYZ404,1679,831,114,14,4,1327,515,-110.8,-13.2,-0.9
2026-07-04 07:00:00,XYZ405,909,309,358,62,7,766,215,-101.7,-12.3,-5.6
2026-07-04 07:00:00,XYZ406,932,351,380,48,7,835,250,-106.4,-13.0,3.3
2026-07-04 07:00:00,XYZ407,1565,686,400,82,7,1355,543,-108.9,-12.5,8.9
2026-07-04 07:00:00,XYZ408,1725,420,458,72,12,1558,345,-101.4,-11.0,14.0
2026-07-04 07:00:00,XYZ409,1075,711,545,75,13,1043,644,-94.4,-10.5,19.2
2026-07-04 07:00:00,XYZ410,1818,504,794,96,15,1809,483,-87.6,-8.4,17.8
2026-07-04 08:00:00,XYZ401,1827,463,184,23,6,1236,252,-115.6,-13.0,-3.6
2026-07-04 08:00:00,XYZ402,1419,879,178,28,7,1133,434,-117.7,-13.7,-3.0
2026-07-04 08:00:00,XYZ403,1334,534,180,27,7,1034,310,-114.9,-15.3,-8.0
2026-07-04 08:00:00,XYZ404,1105,587,111,16,5,852,369,-105.7,-11.0,3.1
2026-07-04 08:00:00,XYZ405,1744,372,326,32,9,1487,273,-116.6,-12.4,10.2
2026-07-04 08:00:00,XYZ406,1062,492,420,74,8,928,386,-106.2,-12.8,10.5
2026-07-04 08:00:00,XYZ407,1626,486,491,62,6,1469,359,-105.3,-10.3,8.8
2026-07-04 08:00:00,XYZ408,2089,797,473,63,11,2049,713,-105.0,-10.5,7.0
2026-07-04 08:00:00,XYZ409,1772,642,681,112,15,1772,624,-93.6,-8.7,14.0
2026-07-04 08:00:00,XYZ410,854,371,810,116,14,854,366,-83.8,-7.9,18.5
2026-07-04 09:00:00,XYZ401,1554,600,179,37,7,1090,328,-132.0,-10.7,13.3
2026-07-04 09:00:00,XYZ402,1222,313,238,29,7,916,157,-118.1,-13.9,4.3
2026-07-04 09:00:00,XYZ403,1215,462,181,23,7,855,267,-111.4,-11.8,19.5
2026-07-04 09:00:00,XYZ404,1965,682,109,19,8,1544,388,-110.7,-13.3,1.6
2026-07-04 09:00:00,XYZ405,1409,359,278,49,7,1150,275,-110.2,-12.5,6.6
2026-07-04 09:00:00,XYZ406,995,582,342,59,10,904,451,-107.1,-11.4,9.2
2026-07-04 09:00:00,XYZ407,936,402,363,55,9,827,297,-102.4,-11.2,5.8
2026-07-04 09:00:00,XYZ408,1467,599,519,96,13,1403,491,-102.3,-11.3,5.5
2026-07-04 09:00:00,XYZ409,1580,379,562,83,15,1506,368,-92.4,-7.2,16.3
2026-07-04 09:00:00,XYZ410,939,264,562,58,15,939,245,-88.4,-8.4,21.6
2026-07-04 10:00:00,XYZ401,836,307,175,23,7,589,164,-123.8,-11.9,-3.7
2026-07-04 10:00:00,XYZ402,1243,215,187,32,5,950,111,-118.8,-13.1,-2.0
2026-07-04 10:00:00,XYZ403,2151,495,200,41,6,1664,275,-122.3,-11.7,2.3
2026-07-04 10:00:00,XYZ404,1209,273,115,25,6,993,171,-111.9,-10.4,13.1
2026-07-04 10:00:00,XYZ405,997,351,296,50,8,873,227,-108.2,-14.1,3.5
2026-07-04 10:00:00,XYZ406,1909,584,421,52,10,1752,466,-106.8,-10.0,8.1
2026-07-04 10:00:00,XYZ407,1597,853,428,70,10,1445,705,-103.3,-12.1,2.7
2026-07-04 10:00:00,XYZ408,1008,729,509,86,12,952,636,-109.6,-11.8,7.2
2026-07-04 10:00:00,XYZ409,1595,890,729,65,11,1491,750,-90.8,-8.8,17.4
2026-07-04 10:00:00,XYZ410,836,803,707,58,12,814,800,-89.1,-9.3,15.1
2026-07-04 11:00:00,XYZ401,843,496,196,21,6,566,244,-117.5,-11.9,6.4
2026-07-04 11:00:00,XYZ402,1569,389,228,23,3,1265,179,-117.9,-16.9,-3.2
2026-07-04 11:00:00,XYZ403,1450,713,200,26,3,1041,375,-114.7,-13.2,-8.0
2026-07-04 11:00:00,XYZ404,1221,732,110,22,6,1035,515,-109.0,-10.7,12.8
2026-07-04 11:00:00,XYZ405,1867,186,411,40,8,1579,141,-103.7,-10.7,7.3
2026-07-04 11:00:00,XYZ406,1155,786,403,42,7,1012,559,-108.2,-9.7,8.7
2026-07-04 11:00:00,XYZ407,1204,434,457,97,9,1084,358,-106.3,-9.6,13.0
2026-07-04 11:00:00,XYZ408,1536,587,494,105,10,1372,479,-100.6,-10.5,5.1
2026-07-04 11:00:00,XYZ409,1787,265,612,89,13,1785,250,-91.6,-10.8,9.2
2026-07-04 11:00:00,XYZ410,1728,470,719,77,14,1653,433,-86.1,-7.8,21.5
2026-07-04 12:00:00,XYZ401,826,563,162,27,4,620,281,-131.7,-10.8,-1.0
2026-07-04 12:00:00,XYZ402,2004,252,203,29,5,1612,118,-114.2,-12.4,6.1
2026-07-04 12:00:00,XYZ403,1322,536,164,30,4,1000,275,-121.8,-14.0,-1.5
2026-07-04 12:00:00,XYZ404,1296,669,100,12,6,964,462,-110.4,-14.5,-4.1
2026-07-04 12:00:00,XYZ405,1732,433,327,68,8,1517,308,-115.9,-13.1,-2.4
2026-07-04 12:00:00,XYZ406,1614,780,422,75,10,1351,621,-106.3,-11.3,15.6
2026-07-04 12:00:00,XYZ407,1825,571,437,70,6,1721,450,-109.2,-11.7,4.6
2026-07-04 12:00:00,XYZ408,1505,326,481,72,11,1368,276,-101.0,-12.4,9.9
2026-07-04 12:00:00,XYZ409,998,717,636,94,13,998,692,-94.1,-9.8,17.2
2026-07-04 12:00:00,XYZ410,1829,292,841,98,15,1819,259,-86.9,-7.9,20.4
2026-07-04 13:00:00,XYZ401,1637,291,177,29,7,1077,169,-115.6,-13.9,-5.5
2026-07-04 13:00:00,XYZ402,1778,676,212,46,8,1434,318,-117.0,-10.5,10.8
2026-07-04 13:00:00,XYZ403,998,564,174,24,2,761,365,-127.7,-15.2,-13.4
2026-07-04 13:00:00,XYZ404,1559,878,108,10,6,1254,649,-121.9,-14.5,7.8
2026-07-04 13:00:00,XYZ405,1529,183,354,71,5,1372,122,-114.0,-12.0,7.1
2026-07-04 13:00:00,XYZ406,1372,896,340,59,10,1250,699,-109.0,-12.0,-0.3
2026-07-04 13:00:00,XYZ407,806,509,395,65,10,785,402,-102.2,-8.8,8.4
2026-07-04 13:00:00,XYZ408,1619,807,493,88,8,1536,694,-105.7,-10.5,18.8
2026-07-04 13:00:00,XYZ409,1005,379,616,92,11,972,343,-93.4,-8.7,10.1
2026-07-04 13:00:00,XYZ410,978,488,581,86,15,951,488,-93.8,-8.3,23.4
2026-07-04 14:00:00,XYZ401,1907,855,197,26,5,1375,493,-118.9,-13.5,-5.6
2026-07-04 14:00:00,XYZ402,1374,405,161,27,4,1055,189,-122.3,-12.2,10.0
2026-07-04 14:00:00,XYZ403,1807,409,168,31,5,1425,250,-108.2,-14.7,-6.0
2026-07-04 14:00:00,XYZ404,1581,849,127,12,7,1317,499,-116.0,-13.2,8.7
2026-07-04 14:00:00,XYZ405,982,372,368,30,10,823,284,-108.1,-13.6,2.5
2026-07-04 14:00:00,XYZ406,926,784,432,83,8,804,552,-107.7,-10.8,11.4
2026-07-04 14:00:00,XYZ407,1864,289,510,76,10,1639,217,-108.0,-11.4,11.0
2026-07-04 14:00:00,XYZ408,1733,330,406,50,10,1559,274,-104.0,-13.1,6.4
2026-07-04 14:00:00,XYZ409,1052,767,470,60,13,1011,767,-97.6,-11.2,16.8
2026-07-04 14:00:00,XYZ410,1231,410,717,156,13,1231,391,-88.6,-8.8,21.2
2026-07-04 15:00:00,XYZ401,2150,202,181,28,1,1580,108,-123.2,-15.4,-4.2
2026-07-04 15:00:00,XYZ402,1379,469,241,39,8,1034,221,-118.1,-13.2,4.3
2026-07-04 15:00:00,XYZ403,910,648,208,40,6,707,342,-119.7,-15.6,-8.6
2026-07-04 15:00:00,XYZ404,1200,846,119,25,7,945,578,-111.6,-14.3,-6.0
2026-07-04 15:00:00,XYZ405,1674,237,375,61,8,1426,165,-99.1,-9.9,12.7
2026-07-04 15:00:00,XYZ406,1104,822,438,46,8,965,636,-109.0,-10.0,10.7
2026-07-04 15:00:00,XYZ407,1568,866,408,54,8,1434,587,-107.8,-10.9,2.2
2026-07-04 15:00:00,XYZ408,1045,299,491,79,12,1006,266,-101.3,-12.2,7.7
2026-07-04 15:00:00,XYZ409,1360,787,589,52,12,1312,726,-90.6,-9.5,19.1
2026-07-04 15:00:00,XYZ410,1900,369,608,54,15,1850,335,-86.3,-7.6,15.7
2026-07-04 16:00:00,XYZ401,1997,847,192,20,5,1330,450,-110.9,-8.9,7.4
2026-07-04 16:00:00,XYZ402,1936,637,237,47,7,1581,309,-117.4,-11.8,3.3
2026-07-04 16:00:00,XYZ403,871,485,215,46,7,664,286,-120.1,-14.7,5.6
2026-07-04 16:00:00,XYZ404,1863,480,114,15,2,1490,286,-115.7,-14.6,-6.2
2026-07-04 16:00:00,XYZ405,1902,858,368,60,9,1548,614,-106.8,-11.7,1.7
2026-07-04 16:00:00,XYZ406,1242,785,425,88,9,1011,601,-104.4,-11.7,5.6
2026-07-04 16:00:00,XYZ407,1619,872,402,71,9,1344,720,-109.1,-11.3,10.8
2026-07-04 16:00:00,XYZ408,1194,561,435,83,11,981,446,-104.7,-11.1,7.6
2026-07-04 16:00:00,XYZ409,1576,259,605,125,12,1576,245,-92.5,-9.2,19.7
2026-07-04 16:00:00,XYZ410,1359,329,694,66,15,1347,322,-89.0,-7.9,22.9
2026-07-04 17:00:00,XYZ401,1052,493,164,19,6,780,299,-127.2,-13.9,-9.7
2026-07-04 17:00:00,XYZ402,1002,229,144,22,6,770,120,-104.4,-12.3,-5.0
2026-07-04 17:00:00,XYZ403,2017,786,211,39,6,1558,434,-115.5,-13.5,-0.3
2026-07-04 17:00:00,XYZ404,908,834,111,24,6,745,568,-113.0,-10.7,2.0
2026-07-04 17:00:00,XYZ405,1759,618,309,38,8,1470,444,-114.3,-11.3,4.0
2026-07-04 17:00:00,XYZ406,1440,272,371,45,8,1253,209,-107.2,-10.8,7.1
2026-07-04 17:00:00,XYZ407,1809,614,390,60,11,1630,487,-108.1,-11.5,-0.3
2026-07-04 17:00:00,XYZ408,1055,595,512,66,9,926,521,-102.8,-10.7,10.2
2026-07-04 17:00:00,XYZ409,2154,720,734,152,13,2154,660,-92.4,-10.0,15.2
2026-07-04 17:00:00,XYZ410,1158,256,711,153,14,1109,242,-87.2,-8.1,19.4
2026-07-04 18:00:00,XYZ401,1492,732,180,30,7,1103,391,-111.0,-15.1,-14.7
2026-07-04 18:00:00,XYZ402,1606,402,173,35,9,1255,225,-120.3,-12.2,8.2
2026-07-04 18:00:00,XYZ403,1799,651,204,19,6,1354,378,-118.2,-9.7,4.8
2026-07-04 18:00:00,XYZ404,1807,382,121,21,6,1492,252,-109.6,-11.4,3.8
2026-07-04 18:00:00,XYZ405,1263,553,252,26,7,1050,402,-110.3,-11.3,6.4
2026-07-04 18:00:00,XYZ406,1524,624,404,56,9,1374,538,-105.7,-11.9,6.4
2026-07-04 18:00:00,XYZ407,1478,383,361,63,9,1351,301,-97.8,-10.6,4.8
2026-07-04 18:00:00,XYZ408,1060,512,372,37,10,977,435,-108.2,-10.6,4.8
2026-07-04 18:00:00,XYZ409,1020,532,509,93,15,993,489,-97.1,-9.3,16.0
2026-07-04 18:00:00,XYZ410,1689,671,793,91,15,1689,636,-85.8,-9.2,20.2
2026-07-04 19:00:00,XYZ401,1035,433,208,34,6,810,196,-121.2,-16.5,-9.3
2026-07-04 19:00:00,XYZ402,1186,785,226,23,6,959,364,-117.1,-11.2,5.2
2026-07-04 19:00:00,XYZ403,836,232,199,18,2,618,131,-120.5,-13.3,4.8
2026-07-04 19:00:00,XYZ404,1674,839,109,22,6,1391,535,-111.4,-11.5,-7.4
2026-07-04 19:00:00,XYZ405,1172,509,357,47,8,1019,368,-106.9,-10.3,10.5
2026-07-04 19:00:00,XYZ406,1423,294,445,58,8,1347,230,-105.6,-13.4,-2.4
2026-07-04 19:00:00,XYZ407,2006,845,373,32,10,1748,670,-105.6,-9.8,13.2
2026-07-04 19:00:00,XYZ408,2140,375,447,65,10,1905,324,-99.9,-7.7,17.8
2026-07-04 19:00:00,XYZ409,1213,310,718,155,15,1156,289,-90.6,-8.6,19.5
2026-07-04 19:00:00,XYZ410,1549,639,679,130,11,1437,604,-88.7,-8.4,16.8
2026-07-04 20:00:00,XYZ401,1141,312,195,29,7,778,160,-121.7,-7.5,17.4
2026-07-04 20:00:00,XYZ402,1890,705,185,22,6,1571,355,-115.5,-14.0,0.0
2026-07-04 20:00:00,XYZ403,1176,786,188,23,4,927,456,-119.4,-14.8,-14.6
2026-07-04 20:00:00,XYZ404,1251,483,124,12,7,956,293,-116.9,-12.1,2.9
2026-07-04 20:00:00,XYZ405,1368,232,355,58,6,1205,163,-109.9,-11.5,2.0
2026-07-04 20:00:00,XYZ406,1555,512,414,52,7,1368,427,-102.9,-12.8,-0.6
2026-07-04 20:00:00,XYZ407,917,544,284,54,13,822,432,-103.5,-8.0,18.2
2026-07-04 20:00:00,XYZ408,1994,288,424,46,9,1795,241,-107.5,-10.7,12.9
2026-07-04 20:00:00,XYZ409,1705,775,610,61,14,1661,752,-96.1,-11.1,11.7
2026-07-04 20:00:00,XYZ410,1781,275,623,66,11,1688,251,-87.9,-9.0,20.7
2026-07-04 21:00:00,XYZ401,1377,361,159,27,6,1015,199,-114.2,-14.4,-13.1
2026-07-04 21:00:00,XYZ402,1624,282,225,21,7,1290,134,-117.7,-13.1,0.0
2026-07-04 21:00:00,XYZ403,827,224,161,13,9,623,117,-110.2,-11.6,7.9
2026-07-04 21:00:00,XYZ404,1017,735,122,17,5,781,453,-115.6,-13.4,0.9
2026-07-04 21:00:00,XYZ405,1134,429,328,40,7,961,327,-102.2,-11.4,7.6
2026-07-04 21:00:00,XYZ406,1847,605,433,48,10,1602,505,-99.1,-9.9,12.2
2026-07-04 21:00:00,XYZ407,1587,295,416,53,13,1399,218,-114.2,-10.9,8.6
2026-07-04 21:00:00,XYZ408,1538,266,429,43,9,1432,237,-105.5,-9.1,12.1
2026-07-04 21:00:00,XYZ409,2166,473,744,134,12,2066,420,-92.8,-7.5,17.1
2026-07-04 21:00:00,XYZ410,956,182,784,150,15,915,182,-92.2,-9.2,20.3
2026-07-04 22:00:00,XYZ401,1779,617,189,24,8,1291,328,-113.3,-9.9,-3.6
2026-07-04 22:00:00,XYZ402,1668,672,175,20,7,1345,312,-119.8,-13.8,1.7
2026-07-04 22:00:00,XYZ403,1657,684,168,30,7,1183,386,-125.1,-15.0,-3.6
2026-07-04 22:00:00,XYZ404,1249,899,132,13,5,1022,586,-110.0,-9.5,5.4
2026-07-04 22:00:00,XYZ405,1025,322,344,67,5,908,236,-108.6,-9.3,7.7
2026-07-04 22:00:00,XYZ406,914,321,335,29,8,793,265,-101.9,-8.8,12.1
2026-07-04 22:00:00,XYZ407,1017,788,478,93,10,909,619,-104.5,-11.5,7.3
2026-07-04 22:00:00,XYZ408,1106,366,497,71,8,1037,303,-102.7,-12.6,0.4
2026-07-04 22:00:00,XYZ409,2120,339,660,92,12,2038,308,-88.0,-9.3,17.6
2026-07-04 22:00:00,XYZ410,1730,747,905,107,15,1730,711,-89.5,-9.3,17.7
2026-07-04 23:00:00,XYZ401,988,308,206,34,6,630,164,-118.3,-13.3,-10.1
2026-07-04 23:00:00,XYZ402,958,889,249,42,7,676,396,-114.1,-15.7,-8.2
2026-07-04 23:00:00,XYZ403,1198,551,187,31,6,896,329,-123.7,-13.6,-9.2
2026-07-04 23:00:00,XYZ404,1433,372,117,19,8,1142,210,-113.8,-11.5,6.7
2026-07-04 23:00:00,XYZ405,1790,496,342,62,9,1584,362,-104.2,-11.7,5.3
2026-07-04 23:00:00,XYZ406,1065,899,379,32,6,987,686,-109.2,-11.6,11.7
2026-07-04 23:00:00,XYZ407,1582,218,487,99,10,1329,176,-105.4,-13.2,10.2
2026-07-04 23:00:00,XYZ408,2195,849,476,73,13,2077,755,-99.3,-9.8,14.7
2026-07-04 23:00:00,XYZ409,1499,477,631,69,14,1431,451,-95.8,-11.0,20.5
2026-07-04 23:00:00,XYZ410,2050,801,666,134,15,1948,785,-87.5,-9.7,17.6
2026-07-05 00:00:00,XYZ401,1920,269,206,27,7,1451,133,-124.6,-13.0,-1.9
2026-07-05 00:00:00,XYZ402,945,363,183,38,6,752,170,-120.4,-10.4,19.3
2026-07-05 00:00:00,XYZ403,1053,552,210,42,3,825,315,-112.8,-11.9,-6.5
2026-07-05 00:00:00,XYZ404,1442,562,120,26,7,1183,368,-109.9,-13.2,-9.7
2026-07-05 00:00:00,XYZ405,916,754,308,41,9,786,520,-100.2,-11.4,5.5
2026-07-05 00:00:00,XYZ406,1746,865,384,70,8,1548,706,-103.5,-14.1,0.3
2026-07-05 00:00:00,XYZ407,1612,516,419,60,9,1454,399,-102.5,-11.4,9.4
2026-07-05 00:00:00,XYZ408,1916,339,472,42,13,1734,295,-103.5,-9.0,11.2
2026-07-05 00:00:00,XYZ409,1540,398,607,56,12,1525,331,-86.3,-6.9,18.0
2026-07-05 00:00:00,XYZ410,941,460,690,80,12,941,428,-87.1,-10.9,18.6
2026-07-05 01:00:00,XYZ401,910,530,153,29,9,704,316,-113.1,-12.3,-3.5
2026-07-05 01:00:00,XYZ402,1694,543,200,36,7,1328,284,-118.4,-13.7,4.0
2026-07-05 01:00:00,XYZ403,1984,504,178,31,5,1448,280,-105.4,-10.9,0.3
2026-07-05 01:00:00,XYZ404,1338,713,105,17,5,1135,427,-123.7,-12.0,13.1
2026-07-05 01:00:00,XYZ405,874,610,326,57,7,765,505,-110.3,-13.7,-3.1
2026-07-05 01:00:00,XYZ406,829,559,328,56,11,745,437,-106.7,-11.4,11.7
2026-07-05 01:00:00,XYZ407,1733,735,373,59,12,1518,602,-112.2,-12.1,12.9
2026-07-05 01:00:00,XYZ408,1133,735,413,87,9,1050,602,-102.0,-12.6,6.8
2026-07-05 01:00:00,XYZ409,1003,286,620,97,13,1003,268,-91.5,-8.6,16.3
2026-07-05 01:00:00,XYZ410,2097,634,853,134,15,1967,562,-88.1,-10.9,17.1
2026-07-05 02:00:00,XYZ401,1034,307,157,21,6,756,181,-124.3,-14.3,9.5
2026-07-05 02:00:00,XYZ402,1567,409,178,31,9,1157,183,-115.2,-14.1,-3.3
2026-07-05 02:00:00,XYZ403,808,195,194,20,4,626,108,-107.3,-11.4,1.0
2026-07-05 02:00:00,XYZ404,1971,620,97,16,8,1525,387,-101.2,-9.7,5.0
2026-07-05 02:00:00,XYZ405,1063,357,315,30,9,943,251,-110.9,-10.9,7.5
2026-07-05 02:00:00,XYZ406,1981,581,370,34,10,1713,471,-110.7,-10.0,6.6
2026-07-05 02:00:00,XYZ407,1695,336,359,35,9,1612,270,-100.4,-10.2,9.1
2026-07-05 02:00:00,XYZ408,1729,829,548,63,10,1648,683,-105.1,-8.1,10.6
2026-07-05 02:00:00,XYZ409,1574,461,644,135,14,1535,406,-90.6,-5.6,16.8
2026-07-05 02:00:00,XYZ410,1051,289,554,60,15,1018,283,-86.8,-7.8,20.5
2026-07-05 03:00:00,XYZ401,1006,255,204,29,7,717,140,-126.4,-13.2,-1.1
2026-07-05 03:00:00,XYZ402,1129,364,200,26,6,849,165,-104.7,-14.5,-5.3
2026-07-05 03:00:00,XYZ403,1510,739,172,26,7,1070,432,-109.9,-12.6,-0.7
2026-07-05 03:00:00,XYZ404,1112,401,143,30,7,864,253,-113.5,-11.2,3.1
2026-07-05 03:00:00,XYZ405,1348,274,274,37,10,1155,204,-110.9,-11.6,10.2
2026-07-05 03:00:00,XYZ406,1195,436,418,78,7,1052,352,-100.6,-11.1,10.1
2026-07-05 03:00:00,XYZ407,1438,679,410,55,9,1309,559,-108.0,-11.7,9.8
2026-07-05 03:00:00,XYZ408,1209,760,387,45,13,1127,606,-97.9,-11.3,11.8
2026-07-05 03:00:00,XYZ409,1639,840,649,69,13,1564,840,-88.5,-9.7,14.9
2026-07-05 03:00:00,XYZ410,1302,254,718,129,15,1237,245,-86.1,-7.2,21.6
