timestamp,cell_id,ue_id,severity,module,event_code,message
2026-07-01 00:00:00,XYZ401,UE10000,WARN,BEAM,MSG1_FAIL,PRACH Detection Failure
2026-07-01 01:01:00,XYZ401,UE10001,WARN,RACH,T310_EXPIRY,T310 Timer Expired
2026-07-01 02:02:00,XYZ403,UE10002,ERROR,VONR,BEAM_OVERLOAD,Beam Resource Congestion
2026-07-01 03:03:00,XYZ403,UE10003,WARN,RLF,XN_TIMEOUT,Xn Preparation Timeout
2026-07-01 04:04:00,XYZ403,UE10004,WARN,RACH,T310_EXPIRY,T310 Timer Expired
2026-07-01 05:05:00,XYZ403,UE10005,ERROR,VONR,BEAM_OVERLOAD,Beam Resource Congestion
2026-07-01 06:06:00,XYZ401,UE10006,ERROR,TRANSPORT,SIP_TIMEOUT,IMS SIP Timeout
2026-07-01 07:07:00,XYZ402,UE10007,WARN,RLF,XN_TIMEOUT,Xn Preparation Timeout
2026-07-01 08:08:00,XYZ402,UE10008,ERROR,TRANSPORT,SIP_TIMEOUT,IMS SIP Timeout
2026-07-01 09:09:00,XYZ401,UE10009,WARN,BEAM,MSG1_FAIL,PRACH Detection Failure
2026-07-01 10:10:00,XYZ402,UE10010,WARN,MOBILITY,HO_PREP_FAIL,HO Request Ack Missing
2026-07-01 11:11:00,XYZ401,UE10011,ERROR,TRANSPORT,SIP_TIMEOUT,IMS SIP Timeout
2026-07-01 12:12:00,XYZ401,UE10012,WARN,BEAM,MSG1_FAIL,PRACH Detection Failure
2026-07-01 13:13:00,XYZ403,UE10013,WARN,MOBILITY,HO_PREP_FAIL,HO Request Ack Missing
2026-07-01 14:14:00,XYZ403,UE10014,WARN,RACH,T310_EXPIRY,T310 Timer Expired
2026-07-01 15:15:00,XYZ403,UE10015,WARN,RLF,XN_TIMEOUT,Xn Preparation Timeout
2026-07-01 16:16:00,XYZ402,UE10016,ERROR,TRANSPORT,SIP_TIMEOUT,IMS SIP Timeout
2026-07-01 17:17:00,XYZ403,UE10017,ERROR,TRANSPORT,SIP_TIMEOUT,IMS SIP Timeout
2026-07-01 18:18:00,XYZ403,UE10018,WARN,BEAM,MSG1_FAIL,PRACH Detection Failure
2026-07-01 19:19:00,XYZ401,UE10019,WARN,BEAM,MSG1_FAIL,PRACH Detection Failure
2026-07-01 20:20:00,XYZ401,UE10020,WARN,RACH,T310_EXPIRY,T310 Timer Expired
2026-07-01 21:21:00,XYZ403,UE10021,WARN,RACH,T310_EXPIRY,T310 Timer Expired
2026-07-01 22:22:00,XYZ401,UE10022,ERROR,VONR,BEAM_OVERLOAD,Beam Resource Congestion
2026-07-01 23:23:00,XYZ401,UE10023,WARN,RLF,XN_TIMEOUT,Xn Preparation Timeout
2026-07-01 00:24:00,XYZ402,UE10024,WARN,BEAM,MSG1_FAIL,PRACH Detection Failure
2026-07-01 01:25:00,XYZ402,UE10025,WARN,RLF,XN_TIMEOUT,Xn Preparation Timeout
2026-07-01 02:26:00,XYZ402,UE10026,WARN,MOBILITY,HO_PREP_FAIL,HO Request Ack Missing
2026-07-01 03:27:00,XYZ402,UE10027,ERROR,VONR,BEAM_OVERLOAD,Beam Resource Congestion
2026-07-01 04:28:00,XYZ403,UE10028,WARN,BEAM,MSG1_FAIL,PRACH Detection Failure
2026-07-01 05:29:00,XYZ403,UE10029,WARN,BEAM,MSG1_FAIL,PRACH Detection Failure
2026-07-01 06:30:00,XYZ401,UE10030,WARN,BEAM,MSG1_FAIL,PRACH Detection Failure
2026-07-01 07:31:00,XYZ402,UE10031,WARN,RACH,T310_EXPIRY,T310 Timer Expired
2026-07-01 08:32:00,XYZ402,UE10032,WARN,MOBILITY,HO_PREP_FAIL,HO Request Ack Missing
2026-07-01 09:33:00,XYZ402,UE10033,WARN,BEAM,MSG1_FAIL,PRACH Detection Failure
2026-07-01 10:34:00,XYZ402,UE10034,ERROR,TRANSPORT,SIP_TIMEOUT,IMS SIP Timeout
2026-07-01 11:35:00,XYZ402,UE10035,ERROR,TRANSPORT,SIP_TIMEOUT,IMS SIP Timeout
2026-07-01 12:36:00,XYZ402,UE10036,WARN,BEAM,MSG1_FAIL,PRACH Detection Failure
2026-07-01 13:37:00,XYZ403,UE10037,ERROR,VONR,BEAM_OVERLOAD,Beam Resource Congestion
2026-07-01 14:38:00,XYZ402,UE10038,WARN,RLF,XN_TIMEOUT,Xn Preparation Timeout
2026-07-01 15:39:00,XYZ402,UE10039,WARN,BEAM,MSG1_FAIL,PRACH Detection Failure
2026-07-01 16:40:00,XYZ402,UE10040,WARN,RLF,XN_TIMEOUT,Xn Preparation Timeout
2026-07-01 17:41:00,XYZ402,UE10041,WARN,BEAM,MSG1_FAIL,PRACH Detection Failure
2026-07-01 18:42:00,XYZ403,UE10042,ERROR,TRANSPORT,SIP_TIMEOUT,IMS SIP Timeout
2026-07-01 19:43:00,XYZ401,UE10043,WARN,BEAM,MSG1_FAIL,PRACH Detection Failure
2026-07-01 20:44:00,XYZ401,UE10044,ERROR,TRANSPORT,SIP_TIMEOUT,IMS SIP Timeout
2026-07-01 21:45:00,XYZ402,UE10045,ERROR,VONR,BEAM_OVERLOAD,Beam Resource Congestion
2026-07-01 22:46:00,XYZ402,UE10046,ERROR,VONR,BEAM_OVERLOAD,Beam Resource Congestion
2026-07-01 23:47:00,XYZ401,UE10047,WARN,MOBILITY,HO_PREP_FAIL,HO Request Ack Missing
2026-07-01 00:48:00,XYZ401,UE10048,WARN,MOBILITY,HO_PREP_FAIL,HO Request Ack Missing
2026-07-01 01:49:00,XYZ401,UE10049,ERROR,VONR,BEAM_OVERLOAD,Beam Resource Congestion
2026-07-01 02:50:00,XYZ403,UE10050,WARN,MOBILITY,HO_PREP_FAIL,HO Request Ack Missing
2026-07-01 03:51:00,XYZ401,UE10051,WARN,MOBILITY,HO_PREP_FAIL,HO Request Ack Missing
2026-07-01 04:52:00,XYZ403,UE10052,WARN,BEAM,MSG1_FAIL,PRACH Detection Failure
2026-07-01 05:53:00,XYZ403,UE10053,WARN,RACH,T310_EXPIRY,T310 Timer Expired
2026-07-01 06:54:00,XYZ403,UE10054,WARN,MOBILITY,HO_PREP_FAIL,HO Request Ack Missing
2026-07-01 07:55:00,XYZ401,UE10055,WARN,RACH,T310_EXPIRY,T310 Timer Expired
2026-07-01 08:56:00,XYZ401,UE10056,WARN,RACH,T310_EXPIRY,T310 Timer Expired
2026-07-01 09:57:00,XYZ403,UE10057,WARN,RLF,XN_TIMEOUT,Xn Preparation Timeout
2026-07-01 10:58:00,XYZ401,UE10058,WARN,RLF,XN_TIMEOUT,Xn Preparation Timeout
2026-07-01 11:59:00,XYZ403,UE10059,WARN,BEAM,MSG1_FAIL,PRACH Detection Failure
2026-07-01 12:00:00,XYZ402,UE10060,WARN,MOBILITY,HO_PREP_FAIL,HO Request Ack Missing
2026-07-01 13:01:00,XYZ403,UE10061,WARN,MOBILITY,HO_PREP_FAIL,HO Request Ack Missing
2026-07-01 14:02:00,XYZ401,UE10062,ERROR,TRANSPORT,SIP_TIMEOUT,IMS SIP Timeout
2026-07-01 15:03:00,XYZ402,UE10063,WARN,RACH,T310_EXPIRY,T310 Timer Expired
2026-07-01 16:04:00,XYZ403,UE10064,WARN,RACH,T310_EXPIRY,T310 Timer Expired
2026-07-01 17:05:00,XYZ403,UE10065,WARN,MOBILITY,HO_PREP_FAIL,HO Request Ack Missing
2026-07-01 18:06:00,XYZ403,UE10066,ERROR,VONR,BEAM_OVERLOAD,Beam Resource Congestion
2026-07-01 19:07:00,XYZ403,UE10067,ERROR,TRANSPORT,SIP_TIMEOUT,IMS SIP Timeout
2026-07-01 20:08:00,XYZ401,UE10068,WARN,MOBILITY,HO_PREP_FAIL,HO Request Ack Missing
2026-07-01 21:09:00,XYZ403,UE10069,WARN,RLF,XN_TIMEOUT,Xn Preparation Timeout
2026-07-01 22:10:00,XYZ403,UE10070,ERROR,TRANSPORT,SIP_TIMEOUT,IMS SIP Timeout
2026-07-01 23:11:00,XYZ401,UE10071,WARN,RACH,T310_EXPIRY,T310 Timer Expired
2026-07-01 00:12:00,XYZ402,UE10072,WARN,RLF,XN_TIMEOUT,Xn Preparation Timeout
2026-07-01 01:13:00,XYZ401,UE10073,WARN,BEAM,MSG1_FAIL,PRACH Detection Failure
2026-07-01 02:14:00,XYZ403,UE10074,WARN,RACH,T310_EXPIRY,T310 Timer Expired
2026-07-01 03:15:00,XYZ401,UE10075,WARN,MOBILITY,HO_PREP_FAIL,HO Request Ack Missing
2026-07-01 04:16:00,XYZ402,UE10076,WARN,BEAM,MSG1_FAIL,PRACH Detection Failure
2026-07-01 05:17:00,XYZ403,UE10077,ERROR,VONR,BEAM_OVERLOAD,Beam Resource Congestion
2026-07-01 06:18:00,XYZ403,UE10078,ERROR,VONR,BEAM_OVERLOAD,Beam Resource Congestion
2026-07-01 07:19:00,XYZ401,UE10079,WARN,RACH,T310_EXPIRY,T310 Timer Expired
2026-07-01 08:20:00,XYZ401,UE10080,WARN,BEAM,MSG1_FAIL,PRACH Detection Failure
2026-07-01 09:21:00,XYZ403,UE10081,WARN,RACH,T310_EXPIRY,T310 Timer Expired
2026-07-01 10:22:00,XYZ402,UE10082,ERROR,TRANSPORT,SIP_TIMEOUT,IMS SIP Timeout
2026-07-01 11:23:00,XYZ401,UE10083,WARN,RLF,XN_TIMEOUT,Xn Preparation Timeout
2026-07-01 12:24:00,XYZ401,UE10084,ERROR,TRANSPORT,SIP_TIMEOUT,IMS SIP Timeout
2026-07-01 13:25:00,XYZ402,UE10085,ERROR,VONR,BEAM_OVERLOAD,Beam Resource Congestion
2026-07-01 14:26:00,XYZ402,UE10086,WARN,BEAM,MSG1_FAIL,PRACH Detection Failure
2026-07-01 15:27:00,XYZ403,UE10087,ERROR,TRANSPORT,SIP_TIMEOUT,IMS SIP Timeout
2026-07-01 16:28:00,XYZ403,UE10088,WARN,RLF,XN_TIMEOUT,Xn Preparation Timeout
2026-07-01 17:29:00,XYZ401,UE10089,WARN,BEAM,MSG1_FAIL,PRACH Detection Failure
2026-07-01 18:30:00,XYZ401,UE10090,ERROR,TRANSPORT,SIP_TIMEOUT,IMS SIP Timeout
2026-07-01 19:31:00,XYZ401,UE10091,WARN,MOBILITY,HO_PREP_FAIL,HO Request Ack Missing
2026-07-01 20:32:00,XYZ402,UE10092,WARN,RACH,T310_EXPIRY,T310 Timer Expired
2026-07-01 21:33:00,XYZ401,UE10093,WARN,MOBILITY,HO_PREP_FAIL,HO Request Ack Missing
2026-07-01 22:34:00,XYZ403,UE10094,WARN,MOBILITY,HO_PREP_FAIL,HO Request Ack Missing
2026-07-01 23:35:00,XYZ403,UE10095,ERROR,TRANSPORT,SIP_TIMEOUT,IMS SIP Timeout
2026-07-01 00:36:00,XYZ402,UE10096,WARN,MOBILITY,HO_PREP_FAIL,HO Request Ack Missing
2026-07-01 01:37:00,XYZ401,UE10097,ERROR,VONR,BEAM_OVERLOAD,Beam Resource Congestion
2026-07-01 02:38:00,XYZ402,UE10098,WARN,RACH,T310_EXPIRY,T310 Timer Expired
2026-07-01 03:39:00,XYZ403,UE10099,WARN,BEAM,MSG1_FAIL,PRACH Detection Failure
2026-07-01 04:40:00,XYZ402,UE10100,WARN,RACH,T310_EXPIRY,T310 Timer Expired
2026-07-01 05:41:00,XYZ401,UE10101,WARN,MOBILITY,HO_PREP_FAIL,HO Request Ack Missing
2026-07-01 06:42:00,XYZ401,UE10102,ERROR,TRANSPORT,SIP_TIMEOUT,IMS SIP Timeout
2026-07-01 07:43:00,XYZ402,UE10103,WARN,RLF,XN_TIMEOUT,Xn Preparation Timeout
2026-07-01 08:44:00,XYZ403,UE10104,WARN,RLF,XN_TIMEOUT,Xn Preparation Timeout
2026-07-01 09:45:00,XYZ401,UE10105,WARN,MOBILITY,HO_PREP_FAIL,HO Request Ack Missing
2026-07-01 10:46:00,XYZ401,UE10106,WARN,MOBILITY,HO_PREP_FAIL,HO Request Ack Missing
2026-07-01 11:47:00,XYZ401,UE10107,WARN,RACH,T310_EXPIRY,T310 Timer Expired
2026-07-01 12:48:00,XYZ402,UE10108,WARN,RLF,XN_TIMEOUT,Xn Preparation Timeout
2026-07-01 13:49:00,XYZ402,UE10109,WARN,BEAM,MSG1_FAIL,PRACH Detection Failure
2026-07-01 14:50:00,XYZ401,UE10110,ERROR,VONR,BEAM_OVERLOAD,Beam Resource Congestion
2026-07-01 15:51:00,XYZ403,UE10111,WARN,MOBILITY,HO_PREP_FAIL,HO Request Ack Missing
2026-07-01 16:52:00,XYZ402,UE10112,ERROR,TRANSPORT,SIP_TIMEOUT,IMS SIP Timeout
2026-07-01 17:53:00,XYZ402,UE10113,ERROR,VONR,BEAM_OVERLOAD,Beam Resource Congestion
2026-07-01 18:54:00,XYZ403,UE10114,ERROR,TRANSPORT,SIP_TIMEOUT,IMS SIP Timeout
2026-07-01 19:55:00,XYZ403,UE10115,WARN,BEAM,MSG1_FAIL,PRACH Detection Failure
2026-07-01 20:56:00,XYZ403,UE10116,WARN,RACH,T310_EXPIRY,T310 Timer Expired
2026-07-01 21:57:00,XYZ403,UE10117,WARN,MOBILITY,HO_PREP_FAIL,HO Request Ack Missing
2026-07-01 22:58:00,XYZ401,UE10118,ERROR,TRANSPORT,SIP_TIMEOUT,IMS SIP Timeout
2026-07-01 23:59:00,XYZ402,UE10119,WARN,BEAM,MSG1_FAIL,PRACH Detection Failure
2026-07-01 00:00:00,XYZ402,UE10120,ERROR,TRANSPORT,SIP_TIMEOUT,IMS SIP Timeout
2026-07-01 01:01:00,XYZ403,UE10121,WARN,RACH,T310_EXPIRY,T310 Timer Expired
2026-07-01 02:02:00,XYZ401,UE10122,WARN,MOBILITY,HO_PREP_FAIL,HO Request Ack Missing
2026-07-01 03:03:00,XYZ403,UE10123,WARN,BEAM,MSG1_FAIL,PRACH Detection Failure
2026-07-01 04:04:00,XYZ401,UE10124,ERROR,TRANSPORT,SIP_TIMEOUT,IMS SIP Timeout
2026-07-01 05:05:00,XYZ403,UE10125,WARN,RACH,T310_EXPIRY,T310 Timer Expired
2026-07-01 06:06:00,XYZ403,UE10126,WARN,BEAM,MSG1_FAIL,PRACH Detection Failure
2026-07-01 07:07:00,XYZ403,UE10127,WARN,RLF,XN_TIMEOUT,Xn Preparation Timeout
2026-07-01 08:08:00,XYZ403,UE10128,WARN,RACH,T310_EXPIRY,T310 Timer Expired
2026-07-01 09:09:00,XYZ401,UE10129,WARN,BEAM,MSG1_FAIL,PRACH Detection Failure
2026-07-01 10:10:00,XYZ403,UE10130,WARN,MOBILITY,HO_PREP_FAIL,HO Request Ack Missing
2026-07-01 11:11:00,XYZ401,UE10131,WARN,RLF,XN_TIMEOUT,Xn Preparation Timeout
2026-07-01 12:12:00,XYZ401,UE10132,WARN,RACH,T310_EXPIRY,T310 Timer Expired
2026-07-01 13:13:00,XYZ402,UE10133,WARN,MOBILITY,HO_PREP_FAIL,HO Request Ack Missing
2026-07-01 14:14:00,XYZ402,UE10134,ERROR,TRANSPORT,SIP_TIMEOUT,IMS SIP Timeout
2026-07-01 15:15:00,XYZ403,UE10135,WARN,RACH,T310_EXPIRY,T310 Timer Expired
2026-07-01 16:16:00,XYZ402,UE10136,WARN,BEAM,MSG1_FAIL,PRACH Detection Failure
2026-07-01 17:17:00,XYZ401,UE10137,WARN,MOBILITY,HO_PREP_FAIL,HO Request Ack Missing
2026-07-01 18:18:00,XYZ401,UE10138,WARN,RLF,XN_TIMEOUT,Xn Preparation Timeout
2026-07-01 19:19:00,XYZ401,UE10139,ERROR,TRANSPORT,SIP_TIMEOUT,IMS SIP Timeout
2026-07-01 20:20:00,XYZ403,UE10140,ERROR,VONR,BEAM_OVERLOAD,Beam Resource Congestion
2026-07-01 21:21:00,XYZ401,UE10141,WARN,MOBILITY,HO_PREP_FAIL,HO Request Ack Missing
2026-07-01 22:22:00,XYZ403,UE10142,WARN,RACH,T310_EXPIRY,T310 Timer Expired
2026-07-01 23:23:00,XYZ402,UE10143,WARN,RACH,T310_EXPIRY,T310 Timer Expired
2026-07-01 00:24:00,XYZ403,UE10144,WARN,MOBILITY,HO_PREP_FAIL,HO Request Ack Missing
2026-07-01 01:25:00,XYZ402,UE10145,WARN,MOBILITY,HO_PREP_FAIL,HO Request Ack Missing
2026-07-01 02:26:00,XYZ402,UE10146,WARN,BEAM,MSG1_FAIL,PRACH Detection Failure
2026-07-01 03:27:00,XYZ402,UE10147,WARN,RACH,T310_EXPIRY,T310 Timer Expired
2026-07-01 04:28:00,XYZ403,UE10148,WARN,MOBILITY,HO_PREP_FAIL,HO Request Ack Missing
2026-07-01 05:29:00,XYZ401,UE10149,WARN,MOBILITY,HO_PREP_FAIL,HO Request Ack Missing
2026-07-01 06:30:00,XYZ402,UE10150,WARN,RLF,XN_TIMEOUT,Xn Preparation Timeout
2026-07-01 07:31:00,XYZ402,UE10151,WARN,RLF,XN_TIMEOUT,Xn Preparation Timeout
2026-07-01 08:32:00,XYZ403,UE10152,ERROR,TRANSPORT,SIP_TIMEOUT,IMS SIP Timeout
2026-07-01 09:33:00,XYZ401,UE10153,ERROR,VONR,BEAM_OVERLOAD,Beam Resource Congestion
2026-07-01 10:34:00,XYZ401,UE10154,WARN,BEAM,MSG1_FAIL,PRACH Detection Failure
2026-07-01 11:35:00,XYZ401,UE10155,WARN,BEAM,MSG1_FAIL,PRACH Detection Failure
2026-07-01 12:36:00,XYZ401,UE10156,ERROR,TRANSPORT,SIP_TIMEOUT,IMS SIP Timeout
2026-07-01 13:37:00,XYZ403,UE10157,WARN,BEAM,MSG1_FAIL,PRACH Detection Failure
2026-07-01 14:38:00,XYZ401,UE10158,WARN,RACH,T310_EXPIRY,T310 Timer Expired
2026-07-01 15:39:00,XYZ403,UE10159,WARN,MOBILITY,HO_PREP_FAIL,HO Request Ack Missing
2026-07-01 16:40:00,XYZ402,UE10160,WARN,RACH,T310_EXPIRY,T310 Timer Expired
2026-07-01 17:41:00,XYZ402,UE10161,ERROR,TRANSPORT,SIP_TIMEOUT,IMS SIP Timeout
2026-07-01 18:42:00,XYZ402,UE10162,ERROR,TRANSPORT,SIP_TIMEOUT,IMS SIP Timeout
2026-07-01 19:43:00,XYZ401,UE10163,ERROR,TRANSPORT,SIP_TIMEOUT,IMS SIP Timeout
2026-07-01 20:44:00,XYZ402,UE10164,WARN,RACH,T310_EXPIRY,T310 Timer Expired
2026-07-01 21:45:00,XYZ403,UE10165,WARN,RACH,T310_EXPIRY,T310 Timer Expired
2026-07-01 22:46:00,XYZ401,UE10166,WARN,RLF,XN_TIMEOUT,Xn Preparation Timeout
2026-07-01 23:47:00,XYZ401,UE10167,ERROR,TRANSPORT,SIP_TIMEOUT,IMS SIP Timeout
2026-07-01 00:48:00,XYZ403,UE10168,WARN,BEAM,MSG1_FAIL,PRACH Detection Failure
2026-07-01 01:49:00,XYZ401,UE10169,WARN,MOBILITY,HO_PREP_FAIL,HO Request Ack Missing
2026-07-01 02:50:00,XYZ401,UE10170,WARN,BEAM,MSG1_FAIL,PRACH Detection Failure
2026-07-01 03:51:00,XYZ403,UE10171,WARN,RACH,T310_EXPIRY,T310 Timer Expired
2026-07-01 04:52:00,XYZ401,UE10172,WARN,MOBILITY,HO_PREP_FAIL,HO Request Ack Missing
2026-07-01 05:53:00,XYZ402,UE10173,WARN,BEAM,MSG1_FAIL,PRACH Detection Failure
2026-07-01 06:54:00,XYZ402,UE10174,ERROR,VONR,BEAM_OVERLOAD,Beam Resource Congestion
2026-07-01 07:55:00,XYZ402,UE10175,ERROR,VONR,BEAM_OVERLOAD,Beam Resource Congestion
2026-07-01 08:56:00,XYZ401,UE10176,WARN,RACH,T310_EXPIRY,T310 Timer Expired
2026-07-01 09:57:00,XYZ401,UE10177,ERROR,VONR,BEAM_OVERLOAD,Beam Resource Congestion
2026-07-01 10:58:00,XYZ402,UE10178,WARN,MOBILITY,HO_PREP_FAIL,HO Request Ack Missing
2026-07-01 11:59:00,XYZ403,UE10179,ERROR,VONR,BEAM_OVERLOAD,Beam Resource Congestion
2026-07-01 12:00:00,XYZ401,UE10180,WARN,RACH,T310_EXPIRY,T310 Timer Expired
2026-07-01 13:01:00,XYZ403,UE10181,WARN,BEAM,MSG1_FAIL,PRACH Detection Failure
2026-07-01 14:02:00,XYZ401,UE10182,ERROR,VONR,BEAM_OVERLOAD,Beam Resource Congestion
2026-07-01 15:03:00,XYZ403,UE10183,WARN,MOBILITY,HO_PREP_FAIL,HO Request Ack Missing
2026-07-01 16:04:00,XYZ401,UE10184,WARN,RLF,XN_TIMEOUT,Xn Preparation Timeout
2026-07-01 17:05:00,XYZ403,UE10185,WARN,RLF,XN_TIMEOUT,Xn Preparation Timeout
2026-07-01 18:06:00,XYZ402,UE10186,ERROR,TRANSPORT,SIP_TIMEOUT,IMS SIP Timeout
2026-07-01 19:07:00,XYZ402,UE10187,WARN,RACH,T310_EXPIRY,T310 Timer Expired
2026-07-01 20:08:00,XYZ403,UE10188,WARN,RLF,XN_TIMEOUT,Xn Preparation Timeout
2026-07-01 21:09:00,XYZ403,UE10189,ERROR,TRANSPORT,SIP_TIMEOUT,IMS SIP Timeout
2026-07-01 22:10:00,XYZ403,UE10190,WARN,RLF,XN_TIMEOUT,Xn Preparation Timeout
2026-07-01 23:11:00,XYZ402,UE10191,WARN,RACH,T310_EXPIRY,T310 Timer Expired
2026-07-01 00:12:00,XYZ402,UE10192,WARN,RLF,XN_TIMEOUT,Xn Preparation Timeout
2026-07-01 01:13:00,XYZ401,UE10193,WARN,MOBILITY,HO_PREP_FAIL,HO Request Ack Missing
2026-07-01 02:14:00,XYZ403,UE10194,WARN,MOBILITY,HO_PREP_FAIL,HO Request Ack Missing
2026-07-01 03:15:00,XYZ403,UE10195,ERROR,TRANSPORT,SIP_TIMEOUT,IMS SIP Timeout
2026-07-01 04:16:00,XYZ402,UE10196,ERROR,VONR,BEAM_OVERLOAD,Beam Resource Congestion
2026-07-01 05:17:00,XYZ403,UE10197,WARN,RLF,XN_TIMEOUT,Xn Preparation Timeout
2026-07-01 06:18:00,XYZ401,UE10198,WARN,RLF,XN_TIMEOUT,Xn Preparation Timeout
2026-07-01 07:19:00,XYZ402,UE10199,ERROR,VONR,BEAM_OVERLOAD,Beam Resource Congestion
2026-07-01 08:20:00,XYZ401,UE10200,WARN,MOBILITY,HO_PREP_FAIL,HO Request Ack Missing
2026-07-01 09:21:00,XYZ401,UE10201,WARN,BEAM,MSG1_FAIL,PRACH Detection Failure
2026-07-01 10:22:00,XYZ402,UE10202,ERROR,TRANSPORT,SIP_TIMEOUT,IMS SIP Timeout
2026-07-01 11:23:00,XYZ403,UE10203,WARN,BEAM,MSG1_FAIL,PRACH Detection Failure
2026-07-01 12:24:00,XYZ402,UE10204,WARN,BEAM,MSG1_FAIL,PRACH Detection Failure
2026-07-01 13:25:00,XYZ403,UE10205,WARN,RLF,XN_TIMEOUT,Xn Preparation Timeout
2026-07-01 14:26:00,XYZ403,UE10206,ERROR,TRANSPORT,SIP_TIMEOUT,IMS SIP Timeout
2026-07-01 15:27:00,XYZ402,UE10207,WARN,MOBILITY,HO_PREP_FAIL,HO Request Ack Missing
2026-07-01 16:28:00,XYZ401,UE10208,ERROR,TRANSPORT,SIP_TIMEOUT,IMS SIP Timeout
2026-07-01 17:29:00,XYZ402,UE10209,ERROR,TRANSPORT,SIP_TIMEOUT,IMS SIP Timeout
2026-07-01 18:30:00,XYZ402,UE10210,WARN,RLF,XN_TIMEOUT,Xn Preparation Timeout
2026-07-01 19:31:00,XYZ402,UE10211,WARN,MOBILITY,HO_PREP_FAIL,HO Request Ack Missing
2026-07-01 20:32:00,XYZ403,UE10212,ERROR,TRANSPORT,SIP_TIMEOUT,IMS SIP Timeout
2026-07-01 21:33:00,XYZ403,UE10213,ERROR,TRANSPORT,SIP_TIMEOUT,IMS SIP Timeout
2026-07-01 22:34:00,XYZ401,UE10214,WARN,BEAM,MSG1_FAIL,PRACH Detection Failure
2026-07-01 23:35:00,XYZ401,UE10215,WARN,MOBILITY,HO_PREP_FAIL,HO Request Ack Missing
2026-07-01 00:36:00,XYZ401,UE10216,WARN,BEAM,MSG1_FAIL,PRACH Detection Failure
2026-07-01 01:37:00,XYZ402,UE10217,WARN,BEAM,MSG1_FAIL,PRACH Detection Failure
2026-07-01 02:38:00,XYZ402,UE10218,ERROR,VONR,BEAM_OVERLOAD,Beam Resource Congestion
2026-07-01 03:39:00,XYZ403,UE10219,WARN,RACH,T310_EXPIRY,T310 Timer Expired
2026-07-01 04:40:00,XYZ401,UE10220,WARN,BEAM,MSG1_FAIL,PRACH Detection Failure
2026-07-01 05:41:00,XYZ402,UE10221,WARN,RLF,XN_TIMEOUT,Xn Preparation Timeout
2026-07-01 06:42:00,XYZ403,UE10222,ERROR,TRANSPORT,SIP_TIMEOUT,IMS SIP Timeout
2026-07-01 07:43:00,XYZ403,UE10223,WARN,MOBILITY,HO_PREP_FAIL,HO Request Ack Missing
2026-07-01 08:44:00,XYZ402,UE10224,WARN,RACH,T310_EXPIRY,T310 Timer Expired
2026-07-01 09:45:00,XYZ401,UE10225,WARN,RLF,XN_TIMEOUT,Xn Preparation Timeout
2026-07-01 10:46:00,XYZ401,UE10226,WARN,RLF,XN_TIMEOUT,Xn Preparation Timeout
2026-07-01 11:47:00,XYZ403,UE10227,ERROR,TRANSPORT,SIP_TIMEOUT,IMS SIP Timeout
2026-07-01 12:48:00,XYZ401,UE10228,WARN,MOBILITY,HO_PREP_FAIL,HO Request Ack Missing
2026-07-01 13:49:00,XYZ402,UE10229,WARN,MOBILITY,HO_PREP_FAIL,HO Request Ack Missing
2026-07-01 14:50:00,XYZ401,UE10230,WARN,RLF,XN_TIMEOUT,Xn Preparation Timeout
2026-07-01 15:51:00,XYZ402,UE10231,WARN,RLF,XN_TIMEOUT,Xn Preparation Timeout
2026-07-01 16:52:00,XYZ401,UE10232,ERROR,TRANSPORT,SIP_TIMEOUT,IMS SIP Timeout
2026-07-01 17:53:00,XYZ401,UE10233,ERROR,VONR,BEAM_OVERLOAD,Beam Resource Congestion
2026-07-01 18:54:00,XYZ401,UE10234,WARN,MOBILITY,HO_PREP_FAIL,HO Request Ack Missing
2026-07-01 19:55:00,XYZ402,UE10235,ERROR,VONR,BEAM_OVERLOAD,Beam Resource Congestion
2026-07-01 20:56:00,XYZ403,UE10236,ERROR,VONR,BEAM_OVERLOAD,Beam Resource Congestion
2026-07-01 21:57:00,XYZ402,UE10237,WARN,RACH,T310_EXPIRY,T310 Timer Expired
2026-07-01 22:58:00,XYZ401,UE10238,WARN,RACH,T310_EXPIRY,T310 Timer Expired
2026-07-01 23:59:00,XYZ401,UE10239,ERROR,TRANSPORT,SIP_TIMEOUT,IMS SIP Timeout
2026-07-01 00:00:00,XYZ402,UE10240,ERROR,VONR,BEAM_OVERLOAD,Beam Resource Congestion
2026-07-01 01:01:00,XYZ401,UE10241,WARN,BEAM,MSG1_FAIL,PRACH Detection Failure
2026-07-01 02:02:00,XYZ402,UE10242,WARN,MOBILITY,HO_PREP_FAIL,HO Request Ack Missing
2026-07-01 03:03:00,XYZ402,UE10243,ERROR,TRANSPORT,SIP_TIMEOUT,IMS SIP Timeout
2026-07-01 04:04:00,XYZ401,UE10244,WARN,BEAM,MSG1_FAIL,PRACH Detection Failure
2026-07-01 05:05:00,XYZ402,UE10245,WARN,BEAM,MSG1_FAIL,PRACH Detection Failure
2026-07-01 06:06:00,XYZ401,UE10246,WARN,RLF,XN_TIMEOUT,Xn Preparation Timeout
2026-07-01 07:07:00,XYZ401,UE10247,WARN,BEAM,MSG1_FAIL,PRACH Detection Failure
2026-07-01 08:08:00,XYZ402,UE10248,ERROR,TRANSPORT,SIP_TIMEOUT,IMS SIP Timeout
2026-07-01 09:09:00,XYZ403,UE10249,ERROR,VONR,BEAM_OVERLOAD,Beam Resource Congestion
2026-07-01 10:10:00,XYZ402,UE10250,WARN,RLF,XN_TIMEOUT,Xn Preparation Timeout
2026-07-01 11:11:00,XYZ401,UE10251,ERROR,TRANSPORT,SIP_TIMEOUT,IMS SIP Timeout
2026-07-01 12:12:00,XYZ402,UE10252,WARN,BEAM,MSG1_FAIL,PRACH Detection Failure
2026-07-01 13:13:00,XYZ403,UE10253,WARN,BEAM,MSG1_FAIL,PRACH Detection Failure
2026-07-01 14:14:00,XYZ402,UE10254,WARN,RLF,XN_TIMEOUT,Xn Preparation Timeout
2026-07-01 15:15:00,XYZ402,UE10255,WARN,RACH,T310_EXPIRY,T310 Timer Expired
2026-07-01 16:16:00,XYZ401,UE10256,WARN,MOBILITY,HO_PREP_FAIL,HO Request Ack Missing
2026-07-01 17:17:00,XYZ403,UE10257,ERROR,VONR,BEAM_OVERLOAD,Beam Resource Congestion
2026-07-01 18:18:00,XYZ401,UE10258,WARN,RLF,XN_TIMEOUT,Xn Preparation Timeout
2026-07-01 19:19:00,XYZ403,UE10259,WARN,BEAM,MSG1_FAIL,PRACH Detection Failure
2026-07-01 20:20:00,XYZ402,UE10260,WARN,BEAM,MSG1_FAIL,PRACH Detection Failure
2026-07-01 21:21:00,XYZ401,UE10261,WARN,RACH,T310_EXPIRY,T310 Timer Expired
2026-07-01 22:22:00,XYZ401,UE10262,WARN,MOBILITY,HO_PREP_FAIL,HO Request Ack Missing
2026-07-01 23:23:00,XYZ403,UE10263,WARN,RACH,T310_EXPIRY,T310 Timer Expired
2026-07-01 00:24:00,XYZ403,UE10264,ERROR,VONR,BEAM_OVERLOAD,Beam Resource Congestion
2026-07-01 01:25:00,XYZ401,UE10265,WARN,MOBILITY,HO_PREP_FAIL,HO Request Ack Missing
2026-07-01 02:26:00,XYZ403,UE10266,WARN,RLF,XN_TIMEOUT,Xn Preparation Timeout
2026-07-01 03:27:00,XYZ401,UE10267,WARN,BEAM,MSG1_FAIL,PRACH Detection Failure
2026-07-01 04:28:00,XYZ403,UE10268,ERROR,VONR,BEAM_OVERLOAD,Beam Resource Congestion
2026-07-01 05:29:00,XYZ402,UE10269,ERROR,TRANSPORT,SIP_TIMEOUT,IMS SIP Timeout
2026-07-01 06:30:00,XYZ403,UE10270,ERROR,VONR,BEAM_OVERLOAD,Beam Resource Congestion
2026-07-01 07:31:00,XYZ403,UE10271,WARN,RLF,XN_TIMEOUT,Xn Preparation Timeout
2026-07-01 08:32:00,XYZ402,UE10272,WARN,MOBILITY,HO_PREP_FAIL,HO Request Ack Missing
2026-07-01 09:33:00,XYZ402,UE10273,ERROR,VONR,BEAM_OVERLOAD,Beam Resource Congestion
2026-07-01 10:34:00,XYZ402,UE10274,WARN,RLF,XN_TIMEOUT,Xn Preparation Timeout
2026-07-01 11:35:00,XYZ402,UE10275,ERROR,TRANSPORT,SIP_TIMEOUT,IMS SIP Timeout
2026-07-01 12:36:00,XYZ401,UE10276,WARN,RACH,T310_EXPIRY,T310 Timer Expired
2026-07-01 13:37:00,XYZ402,UE10277,WARN,BEAM,MSG1_FAIL,PRACH Detection Failure
2026-07-01 14:38:00,XYZ402,UE10278,ERROR,VONR,BEAM_OVERLOAD,Beam Resource Congestion
2026-07-01 15:39:00,XYZ403,UE10279,ERROR,VONR,BEAM_OVERLOAD,Beam Resource Congestion
2026-07-01 16:40:00,XYZ401,UE10280,ERROR,VONR,BEAM_OVERLOAD,Beam Resource Congestion
2026-07-01 17:41:00,XYZ401,UE10281,ERROR,VONR,BEAM_OVERLOAD,Beam Resource Congestion
2026-07-01 18:42:00,XYZ402,UE10282,WARN,MOBILITY,HO_PREP_FAIL,HO Request Ack Missing
2026-07-01 19:43:00,XYZ401,UE10283,ERROR,VONR,BEAM_OVERLOAD,Beam Resource Congestion
2026-07-01 20:44:00,XYZ401,UE10284,WARN,RACH,T310_EXPIRY,T310 Timer Expired
2026-07-01 21:45:00,XYZ402,UE10285,WARN,RACH,T310_EXPIRY,T310 Timer Expired
2026-07-01 22:46:00,XYZ403,UE10286,WARN,MOBILITY,HO_PREP_FAIL,HO Request Ack Missing
2026-07-01 23:47:00,XYZ401,UE10287,ERROR,TRANSPORT,SIP_TIMEOUT,IMS SIP Timeout
2026-07-01 00:48:00,XYZ401,UE10288,WARN,BEAM,MSG1_FAIL,PRACH Detection Failure
2026-07-01 01:49:00,XYZ403,UE10289,ERROR,VONR,BEAM_OVERLOAD,Beam Resource Congestion
2026-07-01 02:50:00,XYZ403,UE10290,WARN,MOBILITY,HO_PREP_FAIL,HO Request Ack Missing
2026-07-01 03:51:00,XYZ402,UE10291,WARN,MOBILITY,HO_PREP_FAIL,HO Request Ack Missing
2026-07-01 04:52:00,XYZ401,UE10292,WARN,MOBILITY,HO_PREP_FAIL,HO Request Ack Missing
2026-07-01 05:53:00,XYZ401,UE10293,ERROR,TRANSPORT,SIP_TIMEOUT,IMS SIP Timeout
2026-07-01 06:54:00,XYZ401,UE10294,ERROR,TRANSPORT,SIP_TIMEOUT,IMS SIP Timeout
2026-07-01 07:55:00,XYZ403,UE10295,WARN,RACH,T310_EXPIRY,T310 Timer Expired
2026-07-01 08:56:00,XYZ401,UE10296,WARN,MOBILITY,HO_PREP_FAIL,HO Request Ack Missing
2026-07-01 09:57:00,XYZ403,UE10297,WARN,MOBILITY,HO_PREP_FAIL,HO Request Ack Missing
2026-07-01 10:58:00,XYZ401,UE10298,WARN,BEAM,MSG1_FAIL,PRACH Detection Failure
2026-07-01 11:59:00,XYZ402,UE10299,WARN,BEAM,MSG1_FAIL,PRACH Detection Failure
2026-07-01 12:00:00,XYZ403,UE10300,WARN,BEAM,MSG1_FAIL,PRACH Detection Failure
2026-07-01 13:01:00,XYZ403,UE10301,WARN,RLF,XN_TIMEOUT,Xn Preparation Timeout
2026-07-01 14:02:00,XYZ401,UE10302,ERROR,VONR,BEAM_OVERLOAD,Beam Resource Congestion
2026-07-01 15:03:00,XYZ401,UE10303,WARN,RACH,T310_EXPIRY,T310 Timer Expired
2026-07-01 16:04:00,XYZ403,UE10304,WARN,BEAM,MSG1_FAIL,PRACH Detection Failure
2026-07-01 17:05:00,XYZ401,UE10305,ERROR,VONR,BEAM_OVERLOAD,Beam Resource Congestion
2026-07-01 18:06:00,XYZ403,UE10306,WARN,MOBILITY,HO_PREP_FAIL,HO Request Ack Missing
2026-07-01 19:07:00,XYZ401,UE10307,ERROR,VONR,BEAM_OVERLOAD,Beam Resource Congestion
2026-07-01 20:08:00,XYZ402,UE10308,WARN,RLF,XN_TIMEOUT,Xn Preparation Timeout
2026-07-01 21:09:00,XYZ403,UE10309,ERROR,TRANSPORT,SIP_TIMEOUT,IMS SIP Timeout
2026-07-01 22:10:00,XYZ401,UE10310,WARN,RLF,XN_TIMEOUT,Xn Preparation Timeout
2026-07-01 23:11:00,XYZ403,UE10311,WARN,RACH,T310_EXPIRY,T310 Timer Expired
2026-07-01 00:12:00,XYZ403,UE10312,ERROR,VONR,BEAM_OVERLOAD,Beam Resource Congestion
2026-07-01 01:13:00,XYZ402,UE10313,WARN,RACH,T310_EXPIRY,T310 Timer Expired
2026-07-01 02:14:00,XYZ401,UE10314,WARN,BEAM,MSG1_FAIL,PRACH Detection Failure
2026-07-01 03:15:00,XYZ402,UE10315,WARN,RLF,XN_TIMEOUT,Xn Preparation Timeout
2026-07-01 04:16:00,XYZ401,UE10316,WARN,BEAM,MSG1_FAIL,PRACH Detection Failure
2026-07-01 05:17:00,XYZ402,UE10317,ERROR,VONR,BEAM_OVERLOAD,Beam Resource Congestion
2026-07-01 06:18:00,XYZ401,UE10318,ERROR,TRANSPORT,SIP_TIMEOUT,IMS SIP Timeout
2026-07-01 07:19:00,XYZ401,UE10319,WARN,RLF,XN_TIMEOUT,Xn Preparation Timeout
2026-07-01 08:20:00,XYZ403,UE10320,WARN,RLF,XN_TIMEOUT,Xn Preparation Timeout
2026-07-01 09:21:00,XYZ402,UE10321,WARN,RLF,XN_TIMEOUT,Xn Preparation Timeout
2026-07-01 10:22:00,XYZ401,UE10322,ERROR,VONR,BEAM_OVERLOAD,Beam Resource Congestion
2026-07-01 11:23:00,XYZ402,UE10323,ERROR,VONR,BEAM_OVERLOAD,Beam Resource Congestion
2026-07-01 12:24:00,XYZ401,UE10324,WARN,RACH,T310_EXPIRY,T310 Timer Expired
2026-07-01 13:25:00,XYZ402,UE10325,WARN,MOBILITY,HO_PREP_FAIL,HO Request Ack Missing
2026-07-01 14:26:00,XYZ401,UE10326,WARN,BEAM,MSG1_FAIL,PRACH Detection Failure
2026-07-01 15:27:00,XYZ401,UE10327,WARN,MOBILITY,HO_PREP_FAIL,HO Request Ack Missing
2026-07-01 16:28:00,XYZ402,UE10328,WARN,BEAM,MSG1_FAIL,PRACH Detection Failure
2026-07-01 17:29:00,XYZ403,UE10329,WARN,BEAM,MSG1_FAIL,PRACH Detection Failure
2026-07-01 18:30:00,XYZ401,UE10330,WARN,RACH,T310_EXPIRY,T310 Timer Expired
2026-07-01 19:31:00,XYZ402,UE10331,WARN,BEAM,MSG1_FAIL,PRACH Detection Failure
2026-07-01 20:32:00,XYZ402,UE10332,WARN,RACH,T310_EXPIRY,T310 Timer Expired
2026-07-01 21:33:00,XYZ403,UE10333,WARN,RLF,XN_TIMEOUT,Xn Preparation Timeout
2026-07-01 22:34:00,XYZ403,UE10334,ERROR,TRANSPORT,SIP_TIMEOUT,IMS SIP Timeout
2026-07-01 23:35:00,XYZ401,UE10335,ERROR,VONR,BEAM_OVERLOAD,Beam Resource Congestion
2026-07-01 00:36:00,XYZ402,UE10336,WARN,RLF,XN_TIMEOUT,Xn Preparation Timeout
2026-07-01 01:37:00,XYZ401,UE10337,WARN,RLF,XN_TIMEOUT,Xn Preparation Timeout
2026-07-01 02:38:00,XYZ403,UE10338,WARN,MOBILITY,HO_PREP_FAIL,HO Request Ack Missing
2026-07-01 03:39:00,XYZ403,UE10339,WARN,MOBILITY,HO_PREP_FAIL,HO Request Ack Missing
2026-07-01 04:40:00,XYZ402,UE10340,ERROR,VONR,BEAM_OVERLOAD,Beam Resource Congestion
2026-07-01 05:41:00,XYZ403,UE10341,WARN,MOBILITY,HO_PREP_FAIL,HO Request Ack Missing
2026-07-01 06:42:00,XYZ401,UE10342,WARN,BEAM,MSG1_FAIL,PRACH Detection Failure
2026-07-01 07:43:00,XYZ401,UE10343,WARN,MOBILITY,HO_PREP_FAIL,HO Request Ack Missing
2026-07-01 08:44:00,XYZ401,UE10344,ERROR,TRANSPORT,SIP_TIMEOUT,IMS SIP Timeout
2026-07-01 09:45:00,XYZ402,UE10345,ERROR,TRANSPORT,SIP_TIMEOUT,IMS SIP Timeout
2026-07-01 10:46:00,XYZ401,UE10346,WARN,BEAM,MSG1_FAIL,PRACH Detection Failure
2026-07-01 11:47:00,XYZ401,UE10347,ERROR,VONR,BEAM_OVERLOAD,Beam Resource Congestion
2026-07-01 12:48:00,XYZ402,UE10348,ERROR,VONR,BEAM_OVERLOAD,Beam Resource Congestion
2026-07-01 13:49:00,XYZ403,UE10349,ERROR,VONR,BEAM_OVERLOAD,Beam Resource Congestion
2026-07-01 14:50:00,XYZ401,UE10350,WARN,BEAM,MSG1_FAIL,PRACH Detection Failure
2026-07-01 15:51:00,XYZ403,UE10351,WARN,BEAM,MSG1_FAIL,PRACH Detection Failure
2026-07-01 16:52:00,XYZ401,UE10352,WARN,RACH,T310_EXPIRY,T310 Timer Expired
2026-07-01 17:53:00,XYZ403,UE10353,WARN,RLF,XN_TIMEOUT,Xn Preparation Timeout
2026-07-01 18:54:00,XYZ401,UE10354,WARN,MOBILITY,HO_PREP_FAIL,HO Request Ack Missing
2026-07-01 19:55:00,XYZ403,UE10355,ERROR,TRANSPORT,SIP_TIMEOUT,IMS SIP Timeout
2026-07-01 20:56:00,XYZ401,UE10356,WARN,MOBILITY,HO_PREP_FAIL,HO Request Ack Missing
2026-07-01 21:57:00,XYZ402,UE10357,ERROR,TRANSPORT,SIP_TIMEOUT,IMS SIP Timeout
2026-07-01 22:58:00,XYZ403,UE10358,WARN,RACH,T310_EXPIRY,T310 Timer Expired
2026-07-01 23:59:00,XYZ403,UE10359,WARN,MOBILITY,HO_PREP_FAIL,HO Request Ack Missing
2026-07-01 00:00:00,XYZ402,UE10360,WARN,BEAM,MSG1_FAIL,PRACH Detection Failure
2026-07-01 01:01:00,XYZ401,UE10361,ERROR,TRANSPORT,SIP_TIMEOUT,IMS SIP Timeout
2026-07-01 02:02:00,XYZ402,UE10362,WARN,RLF,XN_TIMEOUT,Xn Preparation Timeout
2026-07-01 03:03:00,XYZ402,UE10363,WARN,RLF,XN_TIMEOUT,Xn Preparation Timeout
2026-07-01 04:04:00,XYZ401,UE10364,WARN,BEAM,MSG1_FAIL,PRACH Detection Failure
2026-07-01 05:05:00,XYZ403,UE10365,WARN,MOBILITY,HO_PREP_FAIL,HO Request Ack Missing
2026-07-01 06:06:00,XYZ403,UE10366,ERROR,TRANSPORT,SIP_TIMEOUT,IMS SIP Timeout
2026-07-01 07:07:00,XYZ401,UE10367,WARN,MOBILITY,HO_PREP_FAIL,HO Request Ack Missing
2026-07-01 08:08:00,XYZ401,UE10368,WARN,MOBILITY,HO_PREP_FAIL,HO Request Ack Missing
2026-07-01 09:09:00,XYZ401,UE10369,WARN,BEAM,MSG1_FAIL,PRACH Detection Failure
2026-07-01 10:10:00,XYZ401,UE10370,WARN,BEAM,MSG1_FAIL,PRACH Detection Failure
2026-07-01 11:11:00,XYZ402,UE10371,ERROR,VONR,BEAM_OVERLOAD,Beam Resource Congestion
2026-07-01 12:12:00,XYZ401,UE10372,WARN,RACH,T310_EXPIRY,T310 Timer Expired
2026-07-01 13:13:00,XYZ402,UE10373,ERROR,TRANSPORT,SIP_TIMEOUT,IMS SIP Timeout
2026-07-01 14:14:00,XYZ401,UE10374,WARN,RACH,T310_EXPIRY,T310 Timer Expired
2026-07-01 15:15:00,XYZ402,UE10375,WARN,MOBILITY,HO_PREP_FAIL,HO Request Ack Missing
2026-07-01 16:16:00,XYZ402,UE10376,WARN,RLF,XN_TIMEOUT,Xn Preparation Timeout
2026-07-01 17:17:00,XYZ403,UE10377,WARN,RLF,XN_TIMEOUT,Xn Preparation Timeout
2026-07-01 18:18:00,XYZ401,UE10378,ERROR,VONR,BEAM_OVERLOAD,Beam Resource Congestion
2026-07-01 19:19:00,XYZ402,UE10379,WARN,MOBILITY,HO_PREP_FAIL,HO Request Ack Missing
2026-07-01 20:20:00,XYZ402,UE10380,WARN,MOBILITY,HO_PREP_FAIL,HO Request Ack Missing
2026-07-01 21:21:00,XYZ403,UE10381,WARN,MOBILITY,HO_PREP_FAIL,HO Request Ack Missing
2026-07-01 22:22:00,XYZ402,UE10382,ERROR,VONR,BEAM_OVERLOAD,Beam Resource Congestion
2026-07-01 23:23:00,XYZ402,UE10383,WARN,MOBILITY,HO_PREP_FAIL,HO Request Ack Missing
2026-07-01 00:24:00,XYZ403,UE10384,WARN,RACH,T310_EXPIRY,T310 Timer Expired
2026-07-01 01:25:00,XYZ401,UE10385,WARN,MOBILITY,HO_PREP_FAIL,HO Request Ack Missing
2026-07-01 02:26:00,XYZ402,UE10386,WARN,MOBILITY,HO_PREP_FAIL,HO Request Ack Missing
2026-07-01 03:27:00,XYZ403,UE10387,WARN,MOBILITY,HO_PREP_FAIL,HO Request Ack Missing
2026-07-01 04:28:00,XYZ401,UE10388,WARN,MOBILITY,HO_PREP_FAIL,HO Request Ack Missing
2026-07-01 05:29:00,XYZ401,UE10389,ERROR,TRANSPORT,SIP_TIMEOUT,IMS SIP Timeout
2026-07-01 06:30:00,XYZ403,UE10390,ERROR,VONR,BEAM_OVERLOAD,Beam Resource Congestion
2026-07-01 07:31:00,XYZ402,UE10391,ERROR,VONR,BEAM_OVERLOAD,Beam Resource Congestion
2026-07-01 08:32:00,XYZ401,UE10392,WARN,RACH,T310_EXPIRY,T310 Timer Expired
2026-07-01 09:33:00,XYZ401,UE10393,ERROR,VONR,BEAM_OVERLOAD,Beam Resource Congestion
2026-07-01 10:34:00,XYZ402,UE10394,ERROR,VONR,BEAM_OVERLOAD,Beam Resource Congestion
2026-07-01 11:35:00,XYZ403,UE10395,WARN,RLF,XN_TIMEOUT,Xn Preparation Timeout
2026-07-01 12:36:00,XYZ401,UE10396,WARN,MOBILITY,HO_PREP_FAIL,HO Request Ack Missing
2026-07-01 13:37:00,XYZ401,UE10397,ERROR,TRANSPORT,SIP_TIMEOUT,IMS SIP Timeout
2026-07-01 14:38:00,XYZ401,UE10398,ERROR,TRANSPORT,SIP_TIMEOUT,IMS SIP Timeout
2026-07-01 15:39:00,XYZ401,UE10399,WARN,RACH,T310_EXPIRY,T310 Timer Expired
2026-07-01 16:40:00,XYZ402,UE10400,ERROR,VONR,BEAM_OVERLOAD,Beam Resource Congestion
2026-07-01 17:41:00,XYZ401,UE10401,WARN,MOBILITY,HO_PREP_FAIL,HO Request Ack Missing
2026-07-01 18:42:00,XYZ403,UE10402,WARN,RLF,XN_TIMEOUT,Xn Preparation Timeout
2026-07-01 19:43:00,XYZ402,UE10403,WARN,RLF,XN_TIMEOUT,Xn Preparation Timeout
2026-07-01 20:44:00,XYZ402,UE10404,WARN,RLF,XN_TIMEOUT,Xn Preparation Timeout
2026-07-01 21:45:00,XYZ403,UE10405,ERROR,TRANSPORT,SIP_TIMEOUT,IMS SIP Timeout
2026-07-01 22:46:00,XYZ402,UE10406,WARN,RACH,T310_EXPIRY,T310 Timer Expired
2026-07-01 23:47:00,XYZ401,UE10407,WARN,BEAM,MSG1_FAIL,PRACH Detection Failure
2026-07-01 00:48:00,XYZ401,UE10408,ERROR,TRANSPORT,SIP_TIMEOUT,IMS SIP Timeout
2026-07-01 01:49:00,XYZ402,UE10409,ERROR,TRANSPORT,SIP_TIMEOUT,IMS SIP Timeout
2026-07-01 02:50:00,XYZ401,UE10410,WARN,RACH,T310_EXPIRY,T310 Timer Expired
2026-07-01 03:51:00,XYZ403,UE10411,WARN,MOBILITY,HO_PREP_FAIL,HO Request Ack Missing
2026-07-01 04:52:00,XYZ401,UE10412,ERROR,VONR,BEAM_OVERLOAD,Beam Resource Congestion
2026-07-01 05:53:00,XYZ402,UE10413,ERROR,TRANSPORT,SIP_TIMEOUT,IMS SIP Timeout
2026-07-01 06:54:00,XYZ403,UE10414,WARN,RACH,T310_EXPIRY,T310 Timer Expired
2026-07-01 07:55:00,XYZ402,UE10415,ERROR,TRANSPORT,SIP_TIMEOUT,IMS SIP Timeout
2026-07-01 08:56:00,XYZ402,UE10416,ERROR,TRANSPORT,SIP_TIMEOUT,IMS SIP Timeout
2026-07-01 09:57:00,XYZ402,UE10417,WARN,RLF,XN_TIMEOUT,Xn Preparation Timeout
2026-07-01 10:58:00,XYZ403,UE10418,ERROR,TRANSPORT,SIP_TIMEOUT,IMS SIP Timeout
2026-07-01 11:59:00,XYZ403,UE10419,WARN,RACH,T310_EXPIRY,T310 Timer Expired
2026-07-01 12:00:00,XYZ401,UE10420,WARN,RLF,XN_TIMEOUT,Xn Preparation Timeout
2026-07-01 13:01:00,XYZ401,UE10421,ERROR,TRANSPORT,SIP_TIMEOUT,IMS SIP Timeout
2026-07-01 14:02:00,XYZ402,UE10422,WARN,BEAM,MSG1_FAIL,PRACH Detection Failure
2026-07-01 15:03:00,XYZ403,UE10423,WARN,RLF,XN_TIMEOUT,Xn Preparation Timeout
2026-07-01 16:04:00,XYZ401,UE10424,WARN,MOBILITY,HO_PREP_FAIL,HO Request Ack Missing
2026-07-01 17:05:00,XYZ402,UE10425,ERROR,VONR,BEAM_OVERLOAD,Beam Resource Congestion
2026-07-01 18:06:00,XYZ402,UE10426,WARN,MOBILITY,HO_PREP_FAIL,HO Request Ack Missing
2026-07-01 19:07:00,XYZ401,UE10427,WARN,MOBILITY,HO_PREP_FAIL,HO Request Ack Missing
2026-07-01 20:08:00,XYZ402,UE10428,WARN,RLF,XN_TIMEOUT,Xn Preparation Timeout
2026-07-01 21:09:00,XYZ402,UE10429,ERROR,VONR,BEAM_OVERLOAD,Beam Resource Congestion
2026-07-01 22:10:00,XYZ402,UE10430,ERROR,VONR,BEAM_OVERLOAD,Beam Resource Congestion
2026-07-01 23:11:00,XYZ403,UE10431,WARN,RACH,T310_EXPIRY,T310 Timer Expired
2026-07-01 00:12:00,XYZ403,UE10432,WARN,RACH,T310_EXPIRY,T310 Timer Expired
2026-07-01 01:13:00,XYZ403,UE10433,WARN,MOBILITY,HO_PREP_FAIL,HO Request Ack Missing
2026-07-01 02:14:00,XYZ402,UE10434,WARN,RACH,T310_EXPIRY,T310 Timer Expired
2026-07-01 03:15:00,XYZ401,UE10435,WARN,BEAM,MSG1_FAIL,PRACH Detection Failure
2026-07-01 04:16:00,XYZ403,UE10436,WARN,RACH,T310_EXPIRY,T310 Timer Expired
2026-07-01 05:17:00,XYZ401,UE10437,WARN,RACH,T310_EXPIRY,T310 Timer Expired
2026-07-01 06:18:00,XYZ401,UE10438,WARN,RLF,XN_TIMEOUT,Xn Preparation Timeout
2026-07-01 07:19:00,XYZ403,UE10439,WARN,RLF,XN_TIMEOUT,Xn Preparation Timeout
2026-07-01 08:20:00,XYZ401,UE10440,WARN,RACH,T310_EXPIRY,T310 Timer Expired
2026-07-01 09:21:00,XYZ402,UE10441,ERROR,VONR,BEAM_OVERLOAD,Beam Resource Congestion
2026-07-01 10:22:00,XYZ402,UE10442,WARN,BEAM,MSG1_FAIL,PRACH Detection Failure
2026-07-01 11:23:00,XYZ402,UE10443,ERROR,VONR,BEAM_OVERLOAD,Beam Resource Congestion
2026-07-01 12:24:00,XYZ402,UE10444,ERROR,VONR,BEAM_OVERLOAD,Beam Resource Congestion
2026-07-01 13:25:00,XYZ401,UE10445,WARN,MOBILITY,HO_PREP_FAIL,HO Request Ack Missing
2026-07-01 14:26:00,XYZ402,UE10446,WARN,MOBILITY,HO_PREP_FAIL,HO Request Ack Missing
2026-07-01 15:27:00,XYZ402,UE10447,ERROR,TRANSPORT,SIP_TIMEOUT,IMS SIP Timeout
2026-07-01 16:28:00,XYZ402,UE10448,WARN,MOBILITY,HO_PREP_FAIL,HO Request Ack Missing
2026-07-01 17:29:00,XYZ401,UE10449,WARN,RLF,XN_TIMEOUT,Xn Preparation Timeout
2026-07-01 18:30:00,XYZ401,UE10450,WARN,RACH,T310_EXPIRY,T310 Timer Expired
2026-07-01 19:31:00,XYZ401,UE10451,WARN,RLF,XN_TIMEOUT,Xn Preparation Timeout
2026-07-01 20:32:00,XYZ402,UE10452,WARN,MOBILITY,HO_PREP_FAIL,HO Request Ack Missing
2026-07-01 21:33:00,XYZ403,UE10453,ERROR,TRANSPORT,SIP_TIMEOUT,IMS SIP Timeout
2026-07-01 22:34:00,XYZ401,UE10454,ERROR,VONR,BEAM_OVERLOAD,Beam Resource Congestion
2026-07-01 23:35:00,XYZ401,UE10455,WARN,RLF,XN_TIMEOUT,Xn Preparation Timeout
2026-07-01 00:36:00,XYZ403,UE10456,WARN,MOBILITY,HO_PREP_FAIL,HO Request Ack Missing
2026-07-01 01:37:00,XYZ403,UE10457,ERROR,VONR,BEAM_OVERLOAD,Beam Resource Congestion
2026-07-01 02:38:00,XYZ402,UE10458,ERROR,TRANSPORT,SIP_TIMEOUT,IMS SIP Timeout
2026-07-01 03:39:00,XYZ403,UE10459,WARN,RLF,XN_TIMEOUT,Xn Preparation Timeout
2026-07-01 04:40:00,XYZ402,UE10460,ERROR,TRANSPORT,SIP_TIMEOUT,IMS SIP Timeout
2026-07-01 05:41:00,XYZ402,UE10461,ERROR,VONR,BEAM_OVERLOAD,Beam Resource Congestion
2026-07-01 06:42:00,XYZ403,UE10462,ERROR,TRANSPORT,SIP_TIMEOUT,IMS SIP Timeout
2026-07-01 07:43:00,XYZ403,UE10463,WARN,RACH,T310_EXPIRY,T310 Timer Expired
2026-07-01 08:44:00,XYZ403,UE10464,WARN,RACH,T310_EXPIRY,T310 Timer Expired
2026-07-01 09:45:00,XYZ403,UE10465,ERROR,TRANSPORT,SIP_TIMEOUT,IMS SIP Timeout
2026-07-01 10:46:00,XYZ401,UE10466,WARN,BEAM,MSG1_FAIL,PRACH Detection Failure
2026-07-01 11:47:00,XYZ402,UE10467,WARN,RLF,XN_TIMEOUT,Xn Preparation Timeout
2026-07-01 12:48:00,XYZ403,UE10468,ERROR,TRANSPORT,SIP_TIMEOUT,IMS SIP Timeout
2026-07-01 13:49:00,XYZ403,UE10469,WARN,RACH,T310_EXPIRY,T310 Timer Expired
2026-07-01 14:50:00,XYZ403,UE10470,WARN,MOBILITY,HO_PREP_FAIL,HO Request Ack Missing
2026-07-01 15:51:00,XYZ402,UE10471,ERROR,VONR,BEAM_OVERLOAD,Beam Resource Congestion
2026-07-01 16:52:00,XYZ401,UE10472,WARN,MOBILITY,HO_PREP_FAIL,HO Request Ack Missing
2026-07-01 17:53:00,XYZ402,UE10473,ERROR,TRANSPORT,SIP_TIMEOUT,IMS SIP Timeout
2026-07-01 18:54:00,XYZ401,UE10474,ERROR,TRANSPORT,SIP_TIMEOUT,IMS SIP Timeout
2026-07-01 19:55:00,XYZ401,UE10475,WARN,MOBILITY,HO_PREP_FAIL,HO Request Ack Missing
2026-07-01 20:56:00,XYZ401,UE10476,WARN,BEAM,MSG1_FAIL,PRACH Detection Failure
2026-07-01 21:57:00,XYZ402,UE10477,WARN,BEAM,MSG1_FAIL,PRACH Detection Failure
2026-07-01 22:58:00,XYZ401,UE10478,WARN,RACH,T310_EXPIRY,T310 Timer Expired
2026-07-01 23:59:00,XYZ402,UE10479,ERROR,VONR,BEAM_OVERLOAD,Beam Resource Congestion
2026-07-01 00:00:00,XYZ403,UE10480,WARN,BEAM,MSG1_FAIL,PRACH Detection Failure
2026-07-01 01:01:00,XYZ402,UE10481,ERROR,TRANSPORT,SIP_TIMEOUT,IMS SIP Timeout
2026-07-01 02:02:00,XYZ403,UE10482,WARN,MOBILITY,HO_PREP_FAIL,HO Request Ack Missing
2026-07-01 03:03:00,XYZ401,UE10483,WARN,RLF,XN_TIMEOUT,Xn Preparation Timeout
2026-07-01 04:04:00,XYZ402,UE10484,ERROR,VONR,BEAM_OVERLOAD,Beam Resource Congestion
2026-07-01 05:05:00,XYZ402,UE10485,WARN,BEAM,MSG1_FAIL,PRACH Detection Failure
2026-07-01 06:06:00,XYZ403,UE10486,WARN,RLF,XN_TIMEOUT,Xn Preparation Timeout
2026-07-01 07:07:00,XYZ401,UE10487,WARN,RACH,T310_EXPIRY,T310 Timer Expired
2026-07-01 08:08:00,XYZ401,UE10488,ERROR,TRANSPORT,SIP_TIMEOUT,IMS SIP Timeout
2026-07-01 09:09:00,XYZ401,UE10489,WARN,MOBILITY,HO_PREP_FAIL,HO Request Ack Missing
2026-07-01 10:10:00,XYZ402,UE10490,ERROR,VONR,BEAM_OVERLOAD,Beam Resource Congestion
2026-07-01 11:11:00,XYZ402,UE10491,ERROR,VONR,BEAM_OVERLOAD,Beam Resource Congestion
2026-07-01 12:12:00,XYZ403,UE10492,ERROR,TRANSPORT,SIP_TIMEOUT,IMS SIP Timeout
2026-07-01 13:13:00,XYZ402,UE10493,WARN,BEAM,MSG1_FAIL,PRACH Detection Failure
2026-07-01 14:14:00,XYZ402,UE10494,WARN,RACH,T310_EXPIRY,T310 Timer Expired
2026-07-01 15:15:00,XYZ402,UE10495,ERROR,TRANSPORT,SIP_TIMEOUT,IMS SIP Timeout
2026-07-01 16:16:00,XYZ403,UE10496,WARN,MOBILITY,HO_PREP_FAIL,HO Request Ack Missing
2026-07-01 17:17:00,XYZ403,UE10497,WARN,RACH,T310_EXPIRY,T310 Timer Expired
2026-07-01 18:18:00,XYZ403,UE10498,ERROR,VONR,BEAM_OVERLOAD,Beam Resource Congestion
2026-07-01 19:19:00,XYZ402,UE10499,ERROR,TRANSPORT,SIP_TIMEOUT,IMS SIP Timeout
2026-07-01 20:20:00,XYZ403,UE10500,WARN,BEAM,MSG1_FAIL,PRACH Detection Failure
2026-07-01 21:21:00,XYZ403,UE10501,WARN,BEAM,MSG1_FAIL,PRACH Detection Failure
2026-07-01 22:22:00,XYZ402,UE10502,ERROR,TRANSPORT,SIP_TIMEOUT,IMS SIP Timeout
2026-07-01 23:23:00,XYZ402,UE10503,WARN,MOBILITY,HO_PREP_FAIL,HO Request Ack Missing
2026-07-01 00:24:00,XYZ403,UE10504,ERROR,TRANSPORT,SIP_TIMEOUT,IMS SIP Timeout
2026-07-01 01:25:00,XYZ401,UE10505,ERROR,TRANSPORT,SIP_TIMEOUT,IMS SIP Timeout
2026-07-01 02:26:00,XYZ403,UE10506,WARN,RLF,XN_TIMEOUT,Xn Preparation Timeout
2026-07-01 03:27:00,XYZ402,UE10507,WARN,RACH,T310_EXPIRY,T310 Timer Expired
2026-07-01 04:28:00,XYZ401,UE10508,WARN,RACH,T310_EXPIRY,T310 Timer Expired
2026-07-01 05:29:00,XYZ401,UE10509,WARN,BEAM,MSG1_FAIL,PRACH Detection Failure
2026-07-01 06:30:00,XYZ402,UE10510,ERROR,TRANSPORT,SIP_TIMEOUT,IMS SIP Timeout
2026-07-01 07:31:00,XYZ403,UE10511,ERROR,TRANSPORT,SIP_TIMEOUT,IMS SIP Timeout
2026-07-01 08:32:00,XYZ401,UE10512,WARN,BEAM,MSG1_FAIL,PRACH Detection Failure
2026-07-01 09:33:00,XYZ401,UE10513,WARN,BEAM,MSG1_FAIL,PRACH Detection Failure
2026-07-01 10:34:00,XYZ403,UE10514,WARN,BEAM,MSG1_FAIL,PRACH Detection Failure
2026-07-01 11:35:00,XYZ402,UE10515,WARN,MOBILITY,HO_PREP_FAIL,HO Request Ack Missing
2026-07-01 12:36:00,XYZ402,UE10516,ERROR,TRANSPORT,SIP_TIMEOUT,IMS SIP Timeout
2026-07-01 13:37:00,XYZ402,UE10517,ERROR,VONR,BEAM_OVERLOAD,Beam Resource Congestion
2026-07-01 14:38:00,XYZ403,UE10518,WARN,RACH,T310_EXPIRY,T310 Timer Expired
2026-07-01 15:39:00,XYZ401,UE10519,WARN,BEAM,MSG1_FAIL,PRACH Detection Failure
2026-07-01 16:40:00,XYZ403,UE10520,WARN,RACH,T310_EXPIRY,T310 Timer Expired
2026-07-01 17:41:00,XYZ402,UE10521,WARN,MOBILITY,HO_PREP_FAIL,HO Request Ack Missing
2026-07-01 18:42:00,XYZ402,UE10522,WARN,RLF,XN_TIMEOUT,Xn Preparation Timeout
2026-07-01 19:43:00,XYZ403,UE10523,ERROR,VONR,BEAM_OVERLOAD,Beam Resource Congestion
2026-07-01 20:44:00,XYZ402,UE10524,WARN,RLF,XN_TIMEOUT,Xn Preparation Timeout
2026-07-01 21:45:00,XYZ402,UE10525,ERROR,VONR,BEAM_OVERLOAD,Beam Resource Congestion
2026-07-01 22:46:00,XYZ401,UE10526,WARN,BEAM,MSG1_FAIL,PRACH Detection Failure
2026-07-01 23:47:00,XYZ401,UE10527,ERROR,VONR,BEAM_OVERLOAD,Beam Resource Congestion
2026-07-01 00:48:00,XYZ401,UE10528,WARN,MOBILITY,HO_PREP_FAIL,HO Request Ack Missing
2026-07-01 01:49:00,XYZ403,UE10529,WARN,RACH,T310_EXPIRY,T310 Timer Expired
2026-07-01 02:50:00,XYZ403,UE10530,ERROR,TRANSPORT,SIP_TIMEOUT,IMS SIP Timeout
2026-07-01 03:51:00,XYZ402,UE10531,WARN,RACH,T310_EXPIRY,T310 Timer Expired
2026-07-01 04:52:00,XYZ401,UE10532,WARN,MOBILITY,HO_PREP_FAIL,HO Request Ack Missing
2026-07-01 05:53:00,XYZ402,UE10533,ERROR,TRANSPORT,SIP_TIMEOUT,IMS SIP Timeout
2026-07-01 06:54:00,XYZ401,UE10534,ERROR,TRANSPORT,SIP_TIMEOUT,IMS SIP Timeout
2026-07-01 07:55:00,XYZ401,UE10535,WARN,RACH,T310_EXPIRY,T310 Timer Expired
2026-07-01 08:56:00,XYZ403,UE10536,WARN,RLF,XN_TIMEOUT,Xn Preparation Timeout
2026-07-01 09:57:00,XYZ401,UE10537,WARN,RACH,T310_EXPIRY,T310 Timer Expired
2026-07-01 10:58:00,XYZ401,UE10538,ERROR,TRANSPORT,SIP_TIMEOUT,IMS SIP Timeout
2026-07-01 11:59:00,XYZ401,UE10539,WARN,RACH,T310_EXPIRY,T310 Timer Expired
2026-07-01 12:00:00,XYZ402,UE10540,ERROR,VONR,BEAM_OVERLOAD,Beam Resource Congestion
2026-07-01 13:01:00,XYZ402,UE10541,WARN,BEAM,MSG1_FAIL,PRACH Detection Failure
2026-07-01 14:02:00,XYZ401,UE10542,WARN,RACH,T310_EXPIRY,T310 Timer Expired
2026-07-01 15:03:00,XYZ401,UE10543,ERROR,VONR,BEAM_OVERLOAD,Beam Resource Congestion
2026-07-01 16:04:00,XYZ403,UE10544,WARN,RACH,T310_EXPIRY,T310 Timer Expired
2026-07-01 17:05:00,XYZ402,UE10545,ERROR,TRANSPORT,SIP_TIMEOUT,IMS SIP Timeout
2026-07-01 18:06:00,XYZ401,UE10546,ERROR,TRANSPORT,SIP_TIMEOUT,IMS SIP Timeout
2026-07-01 19:07:00,XYZ402,UE10547,ERROR,VONR,BEAM_OVERLOAD,Beam Resource Congestion
2026-07-01 20:08:00,XYZ402,UE10548,WARN,MOBILITY,HO_PREP_FAIL,HO Request Ack Missing
2026-07-01 21:09:00,XYZ403,UE10549,ERROR,TRANSPORT,SIP_TIMEOUT,IMS SIP Timeout
2026-07-01 22:10:00,XYZ402,UE10550,ERROR,VONR,BEAM_OVERLOAD,Beam Resource Congestion
2026-07-01 23:11:00,XYZ403,UE10551,WARN,MOBILITY,HO_PREP_FAIL,HO Request Ack Missing
2026-07-01 00:12:00,XYZ401,UE10552,WARN,MOBILITY,HO_PREP_FAIL,HO Request Ack Missing
2026-07-01 01:13:00,XYZ401,UE10553,WARN,MOBILITY,HO_PREP_FAIL,HO Request Ack Missing
2026-07-01 02:14:00,XYZ402,UE10554,WARN,RLF,XN_TIMEOUT,Xn Preparation Timeout
2026-07-01 03:15:00,XYZ403,UE10555,ERROR,VONR,BEAM_OVERLOAD,Beam Resource Congestion
2026-07-01 04:16:00,XYZ402,UE10556,WARN,RACH,T310_EXPIRY,T310 Timer Expired
2026-07-01 05:17:00,XYZ403,UE10557,ERROR,TRANSPORT,SIP_TIMEOUT,IMS SIP Timeout
2026-07-01 06:18:00,XYZ402,UE10558,WARN,RACH,T310_EXPIRY,T310 Timer Expired
2026-07-01 07:19:00,XYZ403,UE10559,WARN,BEAM,MSG1_FAIL,PRACH Detection Failure
2026-07-01 08:20:00,XYZ401,UE10560,ERROR,VONR,BEAM_OVERLOAD,Beam Resource Congestion
2026-07-01 09:21:00,XYZ402,UE10561,WARN,BEAM,MSG1_FAIL,PRACH Detection Failure
2026-07-01 10:22:00,XYZ401,UE10562,WARN,RACH,T310_EXPIRY,T310 Timer Expired
2026-07-01 11:23:00,XYZ401,UE10563,ERROR,TRANSPORT,SIP_TIMEOUT,IMS SIP Timeout
2026-07-01 12:24:00,XYZ401,UE10564,WARN,MOBILITY,HO_PREP_FAIL,HO Request Ack Missing
2026-07-01 13:25:00,XYZ403,UE10565,ERROR,VONR,BEAM_OVERLOAD,Beam Resource Congestion
2026-07-01 14:26:00,XYZ402,UE10566,WARN,MOBILITY,HO_PREP_FAIL,HO Request Ack Missing
2026-07-01 15:27:00,XYZ402,UE10567,WARN,BEAM,MSG1_FAIL,PRACH Detection Failure
2026-07-01 16:28:00,XYZ402,UE10568,WARN,RLF,XN_TIMEOUT,Xn Preparation Timeout
2026-07-01 17:29:00,XYZ403,UE10569,ERROR,VONR,BEAM_OVERLOAD,Beam Resource Congestion
2026-07-01 18:30:00,XYZ401,UE10570,WARN,RLF,XN_TIMEOUT,Xn Preparation Timeout
2026-07-01 19:31:00,XYZ402,UE10571,ERROR,TRANSPORT,SIP_TIMEOUT,IMS SIP Timeout
2026-07-01 20:32:00,XYZ403,UE10572,ERROR,VONR,BEAM_OVERLOAD,Beam Resource Congestion
2026-07-01 21:33:00,XYZ401,UE10573,WARN,BEAM,MSG1_FAIL,PRACH Detection Failure
2026-07-01 22:34:00,XYZ403,UE10574,WARN,BEAM,MSG1_FAIL,PRACH Detection Failure
2026-07-01 23:35:00,XYZ401,UE10575,ERROR,VONR,BEAM_OVERLOAD,Beam Resource Congestion
2026-07-01 00:36:00,XYZ403,UE10576,ERROR,VONR,BEAM_OVERLOAD,Beam Resource Congestion
2026-07-01 01:37:00,XYZ401,UE10577,WARN,BEAM,MSG1_FAIL,PRACH Detection Failure
2026-07-01 02:38:00,XYZ403,UE10578,WARN,RLF,XN_TIMEOUT,Xn Preparation Timeout
2026-07-01 03:39:00,XYZ403,UE10579,WARN,RACH,T310_EXPIRY,T310 Timer Expired
2026-07-01 04:40:00,XYZ402,UE10580,WARN,BEAM,MSG1_FAIL,PRACH Detection Failure
2026-07-01 05:41:00,XYZ403,UE10581,WARN,RACH,T310_EXPIRY,T310 Timer Expired
2026-07-01 06:42:00,XYZ403,UE10582,ERROR,VONR,BEAM_OVERLOAD,Beam Resource Congestion
2026-07-01 07:43:00,XYZ402,UE10583,ERROR,TRANSPORT,SIP_TIMEOUT,IMS SIP Timeout
2026-07-01 08:44:00,XYZ402,UE10584,ERROR,TRANSPORT,SIP_TIMEOUT,IMS SIP Timeout
2026-07-01 09:45:00,XYZ402,UE10585,WARN,RLF,XN_TIMEOUT,Xn Preparation Timeout
2026-07-01 10:46:00,XYZ402,UE10586,WARN,RACH,T310_EXPIRY,T310 Timer Expired
2026-07-01 11:47:00,XYZ402,UE10587,ERROR,VONR,BEAM_OVERLOAD,Beam Resource Congestion
2026-07-01 12:48:00,XYZ401,UE10588,WARN,RLF,XN_TIMEOUT,Xn Preparation Timeout
2026-07-01 13:49:00,XYZ403,UE10589,WARN,MOBILITY,HO_PREP_FAIL,HO Request Ack Missing
2026-07-01 14:50:00,XYZ403,UE10590,WARN,BEAM,MSG1_FAIL,PRACH Detection Failure
2026-07-01 15:51:00,XYZ401,UE10591,WARN,BEAM,MSG1_FAIL,PRACH Detection Failure
2026-07-01 16:52:00,XYZ403,UE10592,ERROR,VONR,BEAM_OVERLOAD,Beam Resource Congestion
2026-07-01 17:53:00,XYZ401,UE10593,WARN,RLF,XN_TIMEOUT,Xn Preparation Timeout
2026-07-01 18:54:00,XYZ403,UE10594,WARN,BEAM,MSG1_FAIL,PRACH Detection Failure
2026-07-01 19:55:00,XYZ401,UE10595,WARN,RLF,XN_TIMEOUT,Xn Preparation Timeout
2026-07-01 20:56:00,XYZ403,UE10596,ERROR,TRANSPORT,SIP_TIMEOUT,IMS SIP Timeout
2026-07-01 21:57:00,XYZ402,UE10597,ERROR,VONR,BEAM_OVERLOAD,Beam Resource Congestion
2026-07-01 22:58:00,XYZ402,UE10598,WARN,MOBILITY,HO_PREP_FAIL,HO Request Ack Missing
2026-07-01 23:59:00,XYZ403,UE10599,WARN,RACH,T310_EXPIRY,T310 Timer Expired
2026-07-01 00:00:00,XYZ402,UE10600,WARN,MOBILITY,HO_PREP_FAIL,HO Request Ack Missing
2026-07-01 01:01:00,XYZ401,UE10601,ERROR,VONR,BEAM_OVERLOAD,Beam Resource Congestion
2026-07-01 02:02:00,XYZ402,UE10602,WARN,RLF,XN_TIMEOUT,Xn Preparation Timeout
2026-07-01 03:03:00,XYZ402,UE10603,WARN,BEAM,MSG1_FAIL,PRACH Detection Failure
2026-07-01 04:04:00,XYZ401,UE10604,WARN,MOBILITY,HO_PREP_FAIL,HO Request Ack Missing
2026-07-01 05:05:00,XYZ403,UE10605,ERROR,TRANSPORT,SIP_TIMEOUT,IMS SIP Timeout
2026-07-01 06:06:00,XYZ403,UE10606,WARN,RACH,T310_EXPIRY,T310 Timer Expired
2026-07-01 07:07:00,XYZ403,UE10607,ERROR,VONR,BEAM_OVERLOAD,Beam Resource Congestion
2026-07-01 08:08:00,XYZ401,UE10608,WARN,MOBILITY,HO_PREP_FAIL,HO Request Ack Missing
2026-07-01 09:09:00,XYZ402,UE10609,WARN,MOBILITY,HO_PREP_FAIL,HO Request Ack Missing
2026-07-01 10:10:00,XYZ401,UE10610,WARN,BEAM,MSG1_FAIL,PRACH Detection Failure
2026-07-01 11:11:00,XYZ402,UE10611,ERROR,VONR,BEAM_OVERLOAD,Beam Resource Congestion
2026-07-01 12:12:00,XYZ403,UE10612,WARN,MOBILITY,HO_PREP_FAIL,HO Request Ack Missing
2026-07-01 13:13:00,XYZ401,UE10613,WARN,BEAM,MSG1_FAIL,PRACH Detection Failure
2026-07-01 14:14:00,XYZ403,UE10614,WARN,RLF,XN_TIMEOUT,Xn Preparation Timeout
2026-07-01 15:15:00,XYZ402,UE10615,ERROR,TRANSPORT,SIP_TIMEOUT,IMS SIP Timeout
2026-07-01 16:16:00,XYZ403,UE10616,WARN,RLF,XN_TIMEOUT,Xn Preparation Timeout
2026-07-01 17:17:00,XYZ403,UE10617,WARN,RLF,XN_TIMEOUT,Xn Preparation Timeout
2026-07-01 18:18:00,XYZ403,UE10618,WARN,MOBILITY,HO_PREP_FAIL,HO Request Ack Missing
2026-07-01 19:19:00,XYZ403,UE10619,WARN,RACH,T310_EXPIRY,T310 Timer Expired
2026-07-01 20:20:00,XYZ402,UE10620,WARN,RACH,T310_EXPIRY,T310 Timer Expired
2026-07-01 21:21:00,XYZ403,UE10621,WARN,MOBILITY,HO_PREP_FAIL,HO Request Ack Missing
2026-07-01 22:22:00,XYZ402,UE10622,WARN,BEAM,MSG1_FAIL,PRACH Detection Failure
2026-07-01 23:23:00,XYZ401,UE10623,ERROR,VONR,BEAM_OVERLOAD,Beam Resource Congestion
2026-07-01 00:24:00,XYZ401,UE10624,WARN,MOBILITY,HO_PREP_FAIL,HO Request Ack Missing
2026-07-01 01:25:00,XYZ402,UE10625,WARN,RACH,T310_EXPIRY,T310 Timer Expired
2026-07-01 02:26:00,XYZ402,UE10626,WARN,RLF,XN_TIMEOUT,Xn Preparation Timeout
2026-07-01 03:27:00,XYZ401,UE10627,ERROR,VONR,BEAM_OVERLOAD,Beam Resource Congestion
2026-07-01 04:28:00,XYZ401,UE10628,WARN,MOBILITY,HO_PREP_FAIL,HO Request Ack Missing
2026-07-01 05:29:00,XYZ402,UE10629,WARN,MOBILITY,HO_PREP_FAIL,HO Request Ack Missing
2026-07-01 06:30:00,XYZ403,UE10630,ERROR,TRANSPORT,SIP_TIMEOUT,IMS SIP Timeout
2026-07-01 07:31:00,XYZ401,UE10631,ERROR,VONR,BEAM_OVERLOAD,Beam Resource Congestion
2026-07-01 08:32:00,XYZ401,UE10632,WARN,MOBILITY,HO_PREP_FAIL,HO Request Ack Missing
2026-07-01 09:33:00,XYZ403,UE10633,ERROR,TRANSPORT,SIP_TIMEOUT,IMS SIP Timeout
2026-07-01 10:34:00,XYZ403,UE10634,WARN,RACH,T310_EXPIRY,T310 Timer Expired
2026-07-01 11:35:00,XYZ402,UE10635,WARN,RACH,T310_EXPIRY,T310 Timer Expired
2026-07-01 12:36:00,XYZ401,UE10636,ERROR,TRANSPORT,SIP_TIMEOUT,IMS SIP Timeout
2026-07-01 13:37:00,XYZ401,UE10637,WARN,MOBILITY,HO_PREP_FAIL,HO Request Ack Missing
2026-07-01 14:38:00,XYZ402,UE10638,ERROR,VONR,BEAM_OVERLOAD,Beam Resource Congestion
2026-07-01 15:39:00,XYZ402,UE10639,WARN,RACH,T310_EXPIRY,T310 Timer Expired
2026-07-01 16:40:00,XYZ402,UE10640,WARN,MOBILITY,HO_PREP_FAIL,HO Request Ack Missing
2026-07-01 17:41:00,XYZ403,UE10641,WARN,RACH,T310_EXPIRY,T310 Timer Expired
2026-07-01 18:42:00,XYZ402,UE10642,WARN,RLF,XN_TIMEOUT,Xn Preparation Timeout
2026-07-01 19:43:00,XYZ401,UE10643,ERROR,TRANSPORT,SIP_TIMEOUT,IMS SIP Timeout
2026-07-01 20:44:00,XYZ402,UE10644,WARN,RLF,XN_TIMEOUT,Xn Preparation Timeout
2026-07-01 21:45:00,XYZ403,UE10645,ERROR,TRANSPORT,SIP_TIMEOUT,IMS SIP Timeout
2026-07-01 22:46:00,XYZ401,UE10646,WARN,BEAM,MSG1_FAIL,PRACH Detection Failure
2026-07-01 23:47:00,XYZ403,UE10647,ERROR,VONR,BEAM_OVERLOAD,Beam Resource Congestion
2026-07-01 00:48:00,XYZ402,UE10648,WARN,RACH,T310_EXPIRY,T310 Timer Expired
2026-07-01 01:49:00,XYZ403,UE10649,WARN,RLF,XN_TIMEOUT,Xn Preparation Timeout
2026-07-01 02:50:00,XYZ402,UE10650,ERROR,TRANSPORT,SIP_TIMEOUT,IMS SIP Timeout
2026-07-01 03:51:00,XYZ401,UE10651,WARN,BEAM,MSG1_FAIL,PRACH Detection Failure
2026-07-01 04:52:00,XYZ402,UE10652,WARN,BEAM,MSG1_FAIL,PRACH Detection Failure
2026-07-01 05:53:00,XYZ401,UE10653,ERROR,VONR,BEAM_OVERLOAD,Beam Resource Congestion
2026-07-01 06:54:00,XYZ403,UE10654,WARN,MOBILITY,HO_PREP_FAIL,HO Request Ack Missing
2026-07-01 07:55:00,XYZ403,UE10655,WARN,RACH,T310_EXPIRY,T310 Timer Expired
2026-07-01 08:56:00,XYZ403,UE10656,WARN,RACH,T310_EXPIRY,T310 Timer Expired
2026-07-01 09:57:00,XYZ402,UE10657,ERROR,VONR,BEAM_OVERLOAD,Beam Resource Congestion
2026-07-01 10:58:00,XYZ403,UE10658,WARN,MOBILITY,HO_PREP_FAIL,HO Request Ack Missing
2026-07-01 11:59:00,XYZ403,UE10659,ERROR,VONR,BEAM_OVERLOAD,Beam Resource Congestion
2026-07-01 12:00:00,XYZ401,UE10660,WARN,RACH,T310_EXPIRY,T310 Timer Expired
2026-07-01 13:01:00,XYZ403,UE10661,WARN,BEAM,MSG1_FAIL,PRACH Detection Failure
2026-07-01 14:02:00,XYZ403,UE10662,WARN,RLF,XN_TIMEOUT,Xn Preparation Timeout
2026-07-01 15:03:00,XYZ402,UE10663,ERROR,TRANSPORT,SIP_TIMEOUT,IMS SIP Timeout
2026-07-01 16:04:00,XYZ401,UE10664,WARN,RACH,T310_EXPIRY,T310 Timer Expired
2026-07-01 17:05:00,XYZ401,UE10665,ERROR,TRANSPORT,SIP_TIMEOUT,IMS SIP Timeout
2026-07-01 18:06:00,XYZ403,UE10666,ERROR,TRANSPORT,SIP_TIMEOUT,IMS SIP Timeout
2026-07-01 19:07:00,XYZ403,UE10667,WARN,RLF,XN_TIMEOUT,Xn Preparation Timeout
2026-07-01 20:08:00,XYZ403,UE10668,WARN,RLF,XN_TIMEOUT,Xn Preparation Timeout
2026-07-01 21:09:00,XYZ403,UE10669,WARN,MOBILITY,HO_PREP_FAIL,HO Request Ack Missing
2026-07-01 22:10:00,XYZ403,UE10670,ERROR,VONR,BEAM_OVERLOAD,Beam Resource Congestion
2026-07-01 23:11:00,XYZ403,UE10671,ERROR,VONR,BEAM_OVERLOAD,Beam Resource Congestion
2026-07-01 00:12:00,XYZ401,UE10672,WARN,BEAM,MSG1_FAIL,PRACH Detection Failure
2026-07-01 01:13:00,XYZ402,UE10673,WARN,BEAM,MSG1_FAIL,PRACH Detection Failure
2026-07-01 02:14:00,XYZ401,UE10674,WARN,RLF,XN_TIMEOUT,Xn Preparation Timeout
2026-07-01 03:15:00,XYZ403,UE10675,ERROR,VONR,BEAM_OVERLOAD,Beam Resource Congestion
2026-07-01 04:16:00,XYZ403,UE10676,WARN,RLF,XN_TIMEOUT,Xn Preparation Timeout
2026-07-01 05:17:00,XYZ403,UE10677,WARN,RLF,XN_TIMEOUT,Xn Preparation Timeout
2026-07-01 06:18:00,XYZ401,UE10678,WARN,BEAM,MSG1_FAIL,PRACH Detection Failure
2026-07-01 07:19:00,XYZ402,UE10679,ERROR,VONR,BEAM_OVERLOAD,Beam Resource Congestion
2026-07-01 08:20:00,XYZ401,UE10680,ERROR,TRANSPORT,SIP_TIMEOUT,IMS SIP Timeout
2026-07-01 09:21:00,XYZ401,UE10681,WARN,RLF,XN_TIMEOUT,Xn Preparation Timeout
2026-07-01 10:22:00,XYZ403,UE10682,WARN,BEAM,MSG1_FAIL,PRACH Detection Failure
2026-07-01 11:23:00,XYZ402,UE10683,WARN,BEAM,MSG1_FAIL,PRACH Detection Failure
2026-07-01 12:24:00,XYZ401,UE10684,ERROR,TRANSPORT,SIP_TIMEOUT,IMS SIP Timeout
2026-07-01 13:25:00,XYZ402,UE10685,WARN,RLF,XN_TIMEOUT,Xn Preparation Timeout
2026-07-01 14:26:00,XYZ402,UE10686,WARN,RACH,T310_EXPIRY,T310 Timer Expired
2026-07-01 15:27:00,XYZ402,UE10687,WARN,MOBILITY,HO_PREP_FAIL,HO Request Ack Missing
2026-07-01 16:28:00,XYZ401,UE10688,WARN,RACH,T310_EXPIRY,T310 Timer Expired
2026-07-01 17:29:00,XYZ401,UE10689,ERROR,TRANSPORT,SIP_TIMEOUT,IMS SIP Timeout
2026-07-01 18:30:00,XYZ401,UE10690,WARN,RLF,XN_TIMEOUT,Xn Preparation Timeout
2026-07-01 19:31:00,XYZ403,UE10691,WARN,MOBILITY,HO_PREP_FAIL,HO Request Ack Missing
2026-07-01 20:32:00,XYZ402,UE10692,WARN,MOBILITY,HO_PREP_FAIL,HO Request Ack Missing
2026-07-01 21:33:00,XYZ403,UE10693,ERROR,TRANSPORT,SIP_TIMEOUT,IMS SIP Timeout
2026-07-01 22:34:00,XYZ402,UE10694,ERROR,TRANSPORT,SIP_TIMEOUT,IMS SIP Timeout
2026-07-01 23:35:00,XYZ401,UE10695,WARN,RLF,XN_TIMEOUT,Xn Preparation Timeout
2026-07-01 00:36:00,XYZ402,UE10696,ERROR,VONR,BEAM_OVERLOAD,Beam Resource Congestion
2026-07-01 01:37:00,XYZ403,UE10697,ERROR,VONR,BEAM_OVERLOAD,Beam Resource Congestion
2026-07-01 02:38:00,XYZ402,UE10698,ERROR,TRANSPORT,SIP_TIMEOUT,IMS SIP Timeout
2026-07-01 03:39:00,XYZ402,UE10699,ERROR,VONR,BEAM_OVERLOAD,Beam Resource Congestion
2026-07-01 04:40:00,XYZ401,UE10700,WARN,BEAM,MSG1_FAIL,PRACH Detection Failure
2026-07-01 05:41:00,XYZ402,UE10701,ERROR,TRANSPORT,SIP_TIMEOUT,IMS SIP Timeout
2026-07-01 06:42:00,XYZ401,UE10702,WARN,MOBILITY,HO_PREP_FAIL,HO Request Ack Missing
2026-07-01 07:43:00,XYZ402,UE10703,WARN,MOBILITY,HO_PREP_FAIL,HO Request Ack Missing
2026-07-01 08:44:00,XYZ403,UE10704,WARN,RLF,XN_TIMEOUT,Xn Preparation Timeout
2026-07-01 09:45:00,XYZ402,UE10705,ERROR,VONR,BEAM_OVERLOAD,Beam Resource Congestion
2026-07-01 10:46:00,XYZ401,UE10706,ERROR,TRANSPORT,SIP_TIMEOUT,IMS SIP Timeout
2026-07-01 11:47:00,XYZ401,UE10707,WARN,RACH,T310_EXPIRY,T310 Timer Expired
2026-07-01 12:48:00,XYZ403,UE10708,ERROR,TRANSPORT,SIP_TIMEOUT,IMS SIP Timeout
2026-07-01 13:49:00,XYZ401,UE10709,WARN,RLF,XN_TIMEOUT,Xn Preparation Timeout
2026-07-01 14:50:00,XYZ401,UE10710,WARN,MOBILITY,HO_PREP_FAIL,HO Request Ack Missing
2026-07-01 15:51:00,XYZ401,UE10711,WARN,RLF,XN_TIMEOUT,Xn Preparation Timeout
2026-07-01 16:52:00,XYZ402,UE10712,WARN,MOBILITY,HO_PREP_FAIL,HO Request Ack Missing
2026-07-01 17:53:00,XYZ402,UE10713,ERROR,VONR,BEAM_OVERLOAD,Beam Resource Congestion
2026-07-01 18:54:00,XYZ402,UE10714,WARN,RLF,XN_TIMEOUT,Xn Preparation Timeout
2026-07-01 19:55:00,XYZ402,UE10715,WARN,RLF,XN_TIMEOUT,Xn Preparation Timeout
2026-07-01 20:56:00,XYZ401,UE10716,WARN,RACH,T310_EXPIRY,T310 Timer Expired
2026-07-01 21:57:00,XYZ401,UE10717,WARN,RACH,T310_EXPIRY,T310 Timer Expired
2026-07-01 22:58:00,XYZ403,UE10718,WARN,BEAM,MSG1_FAIL,PRACH Detection Failure
2026-07-01 23:59:00,XYZ401,UE10719,WARN,RLF,XN_TIMEOUT,Xn Preparation Timeout
2026-07-01 00:00:00,XYZ403,UE10720,ERROR,VONR,BEAM_OVERLOAD,Beam Resource Congestion
2026-07-01 01:01:00,XYZ401,UE10721,WARN,RACH,T310_EXPIRY,T310 Timer Expired
2026-07-01 02:02:00,XYZ403,UE10722,WARN,RACH,T310_EXPIRY,T310 Timer Expired
2026-07-01 03:03:00,XYZ402,UE10723,WARN,RACH,T310_EXPIRY,T310 Timer Expired
2026-07-01 04:04:00,XYZ403,UE10724,WARN,RLF,XN_TIMEOUT,Xn Preparation Timeout
2026-07-01 05:05:00,XYZ402,UE10725,ERROR,TRANSPORT,SIP_TIMEOUT,IMS SIP Timeout
2026-07-01 06:06:00,XYZ401,UE10726,ERROR,VONR,BEAM_OVERLOAD,Beam Resource Congestion
2026-07-01 07:07:00,XYZ403,UE10727,WARN,RLF,XN_TIMEOUT,Xn Preparation Timeout
2026-07-01 08:08:00,XYZ403,UE10728,WARN,BEAM,MSG1_FAIL,PRACH Detection Failure
2026-07-01 09:09:00,XYZ403,UE10729,WARN,RACH,T310_EXPIRY,T310 Timer Expired
2026-07-01 10:10:00,XYZ402,UE10730,WARN,MOBILITY,HO_PREP_FAIL,HO Request Ack Missing
2026-07-01 11:11:00,XYZ401,UE10731,WARN,RACH,T310_EXPIRY,T310 Timer Expired
2026-07-01 12:12:00,XYZ402,UE10732,WARN,RACH,T310_EXPIRY,T310 Timer Expired
2026-07-01 13:13:00,XYZ402,UE10733,WARN,MOBILITY,HO_PREP_FAIL,HO Request Ack Missing
2026-07-01 14:14:00,XYZ401,UE10734,WARN,RLF,XN_TIMEOUT,Xn Preparation Timeout
2026-07-01 15:15:00,XYZ401,UE10735,WARN,MOBILITY,HO_PREP_FAIL,HO Request Ack Missing
2026-07-01 16:16:00,XYZ401,UE10736,WARN,MOBILITY,HO_PREP_FAIL,HO Request Ack Missing
2026-07-01 17:17:00,XYZ401,UE10737,WARN,MOBILITY,HO_PREP_FAIL,HO Request Ack Missing
2026-07-01 18:18:00,XYZ402,UE10738,WARN,RACH,T310_EXPIRY,T310 Timer Expired
2026-07-01 19:19:00,XYZ403,UE10739,WARN,MOBILITY,HO_PREP_FAIL,HO Request Ack Missing
2026-07-01 20:20:00,XYZ403,UE10740,WARN,RACH,T310_EXPIRY,T310 Timer Expired
2026-07-01 21:21:00,XYZ401,UE10741,WARN,RLF,XN_TIMEOUT,Xn Preparation Timeout
2026-07-01 22:22:00,XYZ403,UE10742,WARN,BEAM,MSG1_FAIL,PRACH Detection Failure
2026-07-01 23:23:00,XYZ402,UE10743,ERROR,TRANSPORT,SIP_TIMEOUT,IMS SIP Timeout
2026-07-01 00:24:00,XYZ403,UE10744,WARN,RLF,XN_TIMEOUT,Xn Preparation Timeout
2026-07-01 01:25:00,XYZ403,UE10745,ERROR,VONR,BEAM_OVERLOAD,Beam Resource Congestion
2026-07-01 02:26:00,XYZ401,UE10746,WARN,RACH,T310_EXPIRY,T310 Timer Expired
2026-07-01 03:27:00,XYZ401,UE10747,ERROR,VONR,BEAM_OVERLOAD,Beam Resource Congestion
2026-07-01 04:28:00,XYZ401,UE10748,WARN,RLF,XN_TIMEOUT,Xn Preparation Timeout
2026-07-01 05:29:00,XYZ403,UE10749,WARN,MOBILITY,HO_PREP_FAIL,HO Request Ack Missing
2026-07-01 06:30:00,XYZ402,UE10750,WARN,BEAM,MSG1_FAIL,PRACH Detection Failure
2026-07-01 07:31:00,XYZ403,UE10751,WARN,RACH,T310_EXPIRY,T310 Timer Expired
2026-07-01 08:32:00,XYZ401,UE10752,ERROR,VONR,BEAM_OVERLOAD,Beam Resource Congestion
2026-07-01 09:33:00,XYZ402,UE10753,ERROR,VONR,BEAM_OVERLOAD,Beam Resource Congestion
2026-07-01 10:34:00,XYZ401,UE10754,ERROR,TRANSPORT,SIP_TIMEOUT,IMS SIP Timeout
2026-07-01 11:35:00,XYZ401,UE10755,WARN,RLF,XN_TIMEOUT,Xn Preparation Timeout
2026-07-01 12:36:00,XYZ403,UE10756,WARN,BEAM,MSG1_FAIL,PRACH Detection Failure
2026-07-01 13:37:00,XYZ402,UE10757,WARN,RACH,T310_EXPIRY,T310 Timer Expired
2026-07-01 14:38:00,XYZ401,UE10758,WARN,MOBILITY,HO_PREP_FAIL,HO Request Ack Missing
2026-07-01 15:39:00,XYZ403,UE10759,WARN,RLF,XN_TIMEOUT,Xn Preparation Timeout
2026-07-01 16:40:00,XYZ403,UE10760,WARN,RLF,XN_TIMEOUT,Xn Preparation Timeout
2026-07-01 17:41:00,XYZ403,UE10761,WARN,MOBILITY,HO_PREP_FAIL,HO Request Ack Missing
2026-07-01 18:42:00,XYZ401,UE10762,WARN,RLF,XN_TIMEOUT,Xn Preparation Timeout
2026-07-01 19:43:00,XYZ402,UE10763,ERROR,TRANSPORT,SIP_TIMEOUT,IMS SIP Timeout
2026-07-01 20:44:00,XYZ403,UE10764,ERROR,TRANSPORT,SIP_TIMEOUT,IMS SIP Timeout
2026-07-01 21:45:00,XYZ403,UE10765,ERROR,VONR,BEAM_OVERLOAD,Beam Resource Congestion
2026-07-01 22:46:00,XYZ403,UE10766,WARN,MOBILITY,HO_PREP_FAIL,HO Request Ack Missing
2026-07-01 23:47:00,XYZ403,UE10767,WARN,RLF,XN_TIMEOUT,Xn Preparation Timeout
2026-07-01 00:48:00,XYZ402,UE10768,ERROR,VONR,BEAM_OVERLOAD,Beam Resource Congestion
2026-07-01 01:49:00,XYZ403,UE10769,ERROR,TRANSPORT,SIP_TIMEOUT,IMS SIP Timeout
2026-07-01 02:50:00,XYZ402,UE10770,WARN,RACH,T310_EXPIRY,T310 Timer Expired
2026-07-01 03:51:00,XYZ402,UE10771,WARN,RACH,T310_EXPIRY,T310 Timer Expired
2026-07-01 04:52:00,XYZ402,UE10772,WARN,MOBILITY,HO_PREP_FAIL,HO Request Ack Missing
2026-07-01 05:53:00,XYZ401,UE10773,WARN,RACH,T310_EXPIRY,T310 Timer Expired
2026-07-01 06:54:00,XYZ403,UE10774,WARN,RLF,XN_TIMEOUT,Xn Preparation Timeout
2026-07-01 07:55:00,XYZ403,UE10775,ERROR,VONR,BEAM_OVERLOAD,Beam Resource Congestion
2026-07-01 08:56:00,XYZ403,UE10776,WARN,RLF,XN_TIMEOUT,Xn Preparation Timeout
2026-07-01 09:57:00,XYZ403,UE10777,WARN,BEAM,MSG1_FAIL,PRACH Detection Failure
2026-07-01 10:58:00,XYZ401,UE10778,WARN,MOBILITY,HO_PREP_FAIL,HO Request Ack Missing
2026-07-01 11:59:00,XYZ401,UE10779,ERROR,TRANSPORT,SIP_TIMEOUT,IMS SIP Timeout
2026-07-01 12:00:00,XYZ402,UE10780,ERROR,VONR,BEAM_OVERLOAD,Beam Resource Congestion
2026-07-01 13:01:00,XYZ401,UE10781,WARN,MOBILITY,HO_PREP_FAIL,HO Request Ack Missing
2026-07-01 14:02:00,XYZ402,UE10782,WARN,RLF,XN_TIMEOUT,Xn Preparation Timeout
2026-07-01 15:03:00,XYZ403,UE10783,WARN,RLF,XN_TIMEOUT,Xn Preparation Timeout
2026-07-01 16:04:00,XYZ402,UE10784,WARN,RACH,T310_EXPIRY,T310 Timer Expired
2026-07-01 17:05:00,XYZ402,UE10785,WARN,RLF,XN_TIMEOUT,Xn Preparation Timeout
2026-07-01 18:06:00,XYZ403,UE10786,WARN,RACH,T310_EXPIRY,T310 Timer Expired
2026-07-01 19:07:00,XYZ401,UE10787,ERROR,VONR,BEAM_OVERLOAD,Beam Resource Congestion
2026-07-01 20:08:00,XYZ403,UE10788,WARN,RLF,XN_TIMEOUT,Xn Preparation Timeout
2026-07-01 21:09:00,XYZ403,UE10789,WARN,RACH,T310_EXPIRY,T310 Timer Expired
2026-07-01 22:10:00,XYZ401,UE10790,ERROR,TRANSPORT,SIP_TIMEOUT,IMS SIP Timeout
2026-07-01 23:11:00,XYZ401,UE10791,ERROR,TRANSPORT,SIP_TIMEOUT,IMS SIP Timeout
2026-07-01 00:12:00,XYZ402,UE10792,ERROR,VONR,BEAM_OVERLOAD,Beam Resource Congestion
2026-07-01 01:13:00,XYZ401,UE10793,ERROR,VONR,BEAM_OVERLOAD,Beam Resource Congestion
2026-07-01 02:14:00,XYZ403,UE10794,WARN,BEAM,MSG1_FAIL,PRACH Detection Failure
2026-07-01 03:15:00,XYZ402,UE10795,WARN,MOBILITY,HO_PREP_FAIL,HO Request Ack Missing
2026-07-01 04:16:00,XYZ401,UE10796,ERROR,TRANSPORT,SIP_TIMEOUT,IMS SIP Timeout
2026-07-01 05:17:00,XYZ401,UE10797,WARN,BEAM,MSG1_FAIL,PRACH Detection Failure
2026-07-01 06:18:00,XYZ402,UE10798,WARN,MOBILITY,HO_PREP_FAIL,HO Request Ack Missing
2026-07-01 07:19:00,XYZ403,UE10799,WARN,MOBILITY,HO_PREP_FAIL,HO Request Ack Missing
2026-07-01 08:20:00,XYZ402,UE10800,ERROR,VONR,BEAM_OVERLOAD,Beam Resource Congestion
2026-07-01 09:21:00,XYZ402,UE10801,ERROR,TRANSPORT,SIP_TIMEOUT,IMS SIP Timeout
2026-07-01 10:22:00,XYZ402,UE10802,WARN,BEAM,MSG1_FAIL,PRACH Detection Failure
2026-07-01 11:23:00,XYZ401,UE10803,ERROR,TRANSPORT,SIP_TIMEOUT,IMS SIP Timeout
2026-07-01 12:24:00,XYZ401,UE10804,WARN,MOBILITY,HO_PREP_FAIL,HO Request Ack Missing
2026-07-01 13:25:00,XYZ402,UE10805,ERROR,VONR,BEAM_OVERLOAD,Beam Resource Congestion
2026-07-01 14:26:00,XYZ403,UE10806,WARN,MOBILITY,HO_PREP_FAIL,HO Request Ack Missing
2026-07-01 15:27:00,XYZ401,UE10807,WARN,MOBILITY,HO_PREP_FAIL,HO Request Ack Missing
2026-07-01 16:28:00,XYZ403,UE10808,WARN,BEAM,MSG1_FAIL,PRACH Detection Failure
2026-07-01 17:29:00,XYZ401,UE10809,WARN,RLF,XN_TIMEOUT,Xn Preparation Timeout
2026-07-01 18:30:00,XYZ401,UE10810,ERROR,VONR,BEAM_OVERLOAD,Beam Resource Congestion
2026-07-01 19:31:00,XYZ402,UE10811,WARN,RACH,T310_EXPIRY,T310 Timer Expired
2026-07-01 20:32:00,XYZ403,UE10812,ERROR,TRANSPORT,SIP_TIMEOUT,IMS SIP Timeout
2026-07-01 21:33:00,XYZ401,UE10813,ERROR,TRANSPORT,SIP_TIMEOUT,IMS SIP Timeout
2026-07-01 22:34:00,XYZ401,UE10814,WARN,RLF,XN_TIMEOUT,Xn Preparation Timeout
2026-07-01 23:35:00,XYZ403,UE10815,WARN,BEAM,MSG1_FAIL,PRACH Detection Failure
2026-07-01 00:36:00,XYZ401,UE10816,WARN,BEAM,MSG1_FAIL,PRACH Detection Failure
2026-07-01 01:37:00,XYZ401,UE10817,ERROR,TRANSPORT,SIP_TIMEOUT,IMS SIP Timeout
2026-07-01 02:38:00,XYZ401,UE10818,WARN,RACH,T310_EXPIRY,T310 Timer Expired
2026-07-01 03:39:00,XYZ402,UE10819,ERROR,TRANSPORT,SIP_TIMEOUT,IMS SIP Timeout
2026-07-01 04:40:00,XYZ402,UE10820,WARN,RACH,T310_EXPIRY,T310 Timer Expired
2026-07-01 05:41:00,XYZ402,UE10821,WARN,MOBILITY,HO_PREP_FAIL,HO Request Ack Missing
2026-07-01 06:42:00,XYZ401,UE10822,WARN,MOBILITY,HO_PREP_FAIL,HO Request Ack Missing
2026-07-01 07:43:00,XYZ403,UE10823,WARN,RLF,XN_TIMEOUT,Xn Preparation Timeout
2026-07-01 08:44:00,XYZ401,UE10824,ERROR,TRANSPORT,SIP_TIMEOUT,IMS SIP Timeout
2026-07-01 09:45:00,XYZ402,UE10825,ERROR,VONR,BEAM_OVERLOAD,Beam Resource Congestion
2026-07-01 10:46:00,XYZ401,UE10826,WARN,MOBILITY,HO_PREP_FAIL,HO Request Ack Missing
2026-07-01 11:47:00,XYZ402,UE10827,WARN,RACH,T310_EXPIRY,T310 Timer Expired
2026-07-01 12:48:00,XYZ401,UE10828,WARN,MOBILITY,HO_PREP_FAIL,HO Request Ack Missing
2026-07-01 13:49:00,XYZ402,UE10829,WARN,RACH,T310_EXPIRY,T310 Timer Expired
2026-07-01 14:50:00,XYZ402,UE10830,WARN,RACH,T310_EXPIRY,T310 Timer Expired
2026-07-01 15:51:00,XYZ402,UE10831,WARN,RLF,XN_TIMEOUT,Xn Preparation Timeout
2026-07-01 16:52:00,XYZ403,UE10832,WARN,MOBILITY,HO_PREP_FAIL,HO Request Ack Missing
2026-07-01 17:53:00,XYZ402,UE10833,WARN,RACH,T310_EXPIRY,T310 Timer Expired
2026-07-01 18:54:00,XYZ401,UE10834,ERROR,VONR,BEAM_OVERLOAD,Beam Resource Congestion
2026-07-01 19:55:00,XYZ401,UE10835,WARN,MOBILITY,HO_PREP_FAIL,HO Request Ack Missing
2026-07-01 20:56:00,XYZ402,UE10836,WARN,BEAM,MSG1_FAIL,PRACH Detection Failure
2026-07-01 21:57:00,XYZ402,UE10837,ERROR,VONR,BEAM_OVERLOAD,Beam Resource Congestion
2026-07-01 22:58:00,XYZ401,UE10838,WARN,RACH,T310_EXPIRY,T310 Timer Expired
2026-07-01 23:59:00,XYZ403,UE10839,WARN,RACH,T310_EXPIRY,T310 Timer Expired
2026-07-01 00:00:00,XYZ401,UE10840,WARN,BEAM,MSG1_FAIL,PRACH Detection Failure
2026-07-01 01:01:00,XYZ403,UE10841,WARN,MOBILITY,HO_PREP_FAIL,HO Request Ack Missing
2026-07-01 02:02:00,XYZ402,UE10842,WARN,MOBILITY,HO_PREP_FAIL,HO Request Ack Missing
2026-07-01 03:03:00,XYZ402,UE10843,WARN,BEAM,MSG1_FAIL,PRACH Detection Failure
2026-07-01 04:04:00,XYZ403,UE10844,WARN,MOBILITY,HO_PREP_FAIL,HO Request Ack Missing
2026-07-01 05:05:00,XYZ401,UE10845,WARN,MOBILITY,HO_PREP_FAIL,HO Request Ack Missing
2026-07-01 06:06:00,XYZ403,UE10846,WARN,RACH,T310_EXPIRY,T310 Timer Expired
2026-07-01 07:07:00,XYZ403,UE10847,WARN,RLF,XN_TIMEOUT,Xn Preparation Timeout
2026-07-01 08:08:00,XYZ403,UE10848,ERROR,TRANSPORT,SIP_TIMEOUT,IMS SIP Timeout
2026-07-01 09:09:00,XYZ402,UE10849,ERROR,VONR,BEAM_OVERLOAD,Beam Resource Congestion
2026-07-01 10:10:00,XYZ402,UE10850,WARN,RLF,XN_TIMEOUT,Xn Preparation Timeout
2026-07-01 11:11:00,XYZ401,UE10851,ERROR,VONR,BEAM_OVERLOAD,Beam Resource Congestion
2026-07-01 12:12:00,XYZ401,UE10852,WARN,BEAM,MSG1_FAIL,PRACH Detection Failure
2026-07-01 13:13:00,XYZ401,UE10853,ERROR,VONR,BEAM_OVERLOAD,Beam Resource Congestion
2026-07-01 14:14:00,XYZ401,UE10854,WARN,RLF,XN_TIMEOUT,Xn Preparation Timeout
2026-07-01 15:15:00,XYZ401,UE10855,ERROR,TRANSPORT,SIP_TIMEOUT,IMS SIP Timeout
2026-07-01 16:16:00,XYZ402,UE10856,WARN,RACH,T310_EXPIRY,T310 Timer Expired
2026-07-01 17:17:00,XYZ402,UE10857,WARN,RACH,T310_EXPIRY,T310 Timer Expired
2026-07-01 18:18:00,XYZ401,UE10858,WARN,RACH,T310_EXPIRY,T310 Timer Expired
2026-07-01 19:19:00,XYZ401,UE10859,ERROR,VONR,BEAM_OVERLOAD,Beam Resource Congestion
2026-07-01 20:20:00,XYZ403,UE10860,ERROR,TRANSPORT,SIP_TIMEOUT,IMS SIP Timeout
2026-07-01 21:21:00,XYZ401,UE10861,WARN,BEAM,MSG1_FAIL,PRACH Detection Failure
2026-07-01 22:22:00,XYZ403,UE10862,WARN,RACH,T310_EXPIRY,T310 Timer Expired
2026-07-01 23:23:00,XYZ401,UE10863,WARN,MOBILITY,HO_PREP_FAIL,HO Request Ack Missing
2026-07-01 00:24:00,XYZ401,UE10864,WARN,RACH,T310_EXPIRY,T310 Timer Expired
2026-07-01 01:25:00,XYZ401,UE10865,WARN,MOBILITY,HO_PREP_FAIL,HO Request Ack Missing
2026-07-01 02:26:00,XYZ403,UE10866,WARN,RLF,XN_TIMEOUT,Xn Preparation Timeout
2026-07-01 03:27:00,XYZ402,UE10867,WARN,RACH,T310_EXPIRY,T310 Timer Expired
2026-07-01 04:28:00,XYZ403,UE10868,WARN,BEAM,MSG1_FAIL,PRACH Detection Failure
2026-07-01 05:29:00,XYZ403,UE10869,ERROR,VONR,BEAM_OVERLOAD,Beam Resource Congestion
2026-07-01 06:30:00,XYZ402,UE10870,ERROR,VONR,BEAM_OVERLOAD,Beam Resource Congestion
2026-07-01 07:31:00,XYZ403,UE10871,WARN,MOBILITY,HO_PREP_FAIL,HO Request Ack Missing
2026-07-01 08:32:00,XYZ402,UE10872,WARN,RLF,XN_TIMEOUT,Xn Preparation Timeout
2026-07-01 09:33:00,XYZ401,UE10873,WARN,RACH,T310_EXPIRY,T310 Timer Expired
2026-07-01 10:34:00,XYZ403,UE10874,ERROR,TRANSPORT,SIP_TIMEOUT,IMS SIP Timeout
2026-07-01 11:35:00,XYZ402,UE10875,WARN,RLF,XN_TIMEOUT,Xn Preparation Timeout
2026-07-01 12:36:00,XYZ401,UE10876,ERROR,TRANSPORT,SIP_TIMEOUT,IMS SIP Timeout
2026-07-01 13:37:00,XYZ403,UE10877,ERROR,VONR,BEAM_OVERLOAD,Beam Resource Congestion
2026-07-01 14:38:00,XYZ401,UE10878,WARN,RLF,XN_TIMEOUT,Xn Preparation Timeout
2026-07-01 15:39:00,XYZ403,UE10879,ERROR,TRANSPORT,SIP_TIMEOUT,IMS SIP Timeout
2026-07-01 16:40:00,XYZ401,UE10880,WARN,MOBILITY,HO_PREP_FAIL,HO Request Ack Missing
2026-07-01 17:41:00,XYZ403,UE10881,WARN,MOBILITY,HO_PREP_FAIL,HO Request Ack Missing
2026-07-01 18:42:00,XYZ401,UE10882,WARN,RLF,XN_TIMEOUT,Xn Preparation Timeout
2026-07-01 19:43:00,XYZ402,UE10883,WARN,RACH,T310_EXPIRY,T310 Timer Expired
2026-07-01 20:44:00,XYZ402,UE10884,WARN,RACH,T310_EXPIRY,T310 Timer Expired
2026-07-01 21:45:00,XYZ401,UE10885,WARN,RLF,XN_TIMEOUT,Xn Preparation Timeout
2026-07-01 22:46:00,XYZ403,UE10886,WARN,RLF,XN_TIMEOUT,Xn Preparation Timeout
2026-07-01 23:47:00,XYZ403,UE10887,WARN,BEAM,MSG1_FAIL,PRACH Detection Failure
2026-07-01 00:48:00,XYZ401,UE10888,ERROR,TRANSPORT,SIP_TIMEOUT,IMS SIP Timeout
2026-07-01 01:49:00,XYZ402,UE10889,ERROR,VONR,BEAM_OVERLOAD,Beam Resource Congestion
2026-07-01 02:50:00,XYZ402,UE10890,WARN,BEAM,MSG1_FAIL,PRACH Detection Failure
2026-07-01 03:51:00,XYZ403,UE10891,WARN,BEAM,MSG1_FAIL,PRACH Detection Failure
2026-07-01 04:52:00,XYZ402,UE10892,WARN,MOBILITY,HO_PREP_FAIL,HO Request Ack Missing
2026-07-01 05:53:00,XYZ402,UE10893,WARN,MOBILITY,HO_PREP_FAIL,HO Request Ack Missing
2026-07-01 06:54:00,XYZ401,UE10894,ERROR,TRANSPORT,SIP_TIMEOUT,IMS SIP Timeout
2026-07-01 07:55:00,XYZ402,UE10895,ERROR,TRANSPORT,SIP_TIMEOUT,IMS SIP Timeout
2026-07-01 08:56:00,XYZ402,UE10896,WARN,RACH,T310_EXPIRY,T310 Timer Expired
2026-07-01 09:57:00,XYZ402,UE10897,WARN,RLF,XN_TIMEOUT,Xn Preparation Timeout
2026-07-01 10:58:00,XYZ403,UE10898,ERROR,VONR,BEAM_OVERLOAD,Beam Resource Congestion
2026-07-01 11:59:00,XYZ401,UE10899,WARN,RACH,T310_EXPIRY,T310 Timer Expired
2026-07-01 12:00:00,XYZ403,UE10900,WARN,BEAM,MSG1_FAIL,PRACH Detection Failure
2026-07-01 13:01:00,XYZ403,UE10901,ERROR,VONR,BEAM_OVERLOAD,Beam Resource Congestion
2026-07-01 14:02:00,XYZ402,UE10902,WARN,MOBILITY,HO_PREP_FAIL,HO Request Ack Missing
2026-07-01 15:03:00,XYZ403,UE10903,WARN,RACH,T310_EXPIRY,T310 Timer Expired
2026-07-01 16:04:00,XYZ403,UE10904,WARN,RLF,XN_TIMEOUT,Xn Preparation Timeout
2026-07-01 17:05:00,XYZ402,UE10905,WARN,RLF,XN_TIMEOUT,Xn Preparation Timeout
2026-07-01 18:06:00,XYZ402,UE10906,ERROR,TRANSPORT,SIP_TIMEOUT,IMS SIP Timeout
2026-07-01 19:07:00,XYZ401,UE10907,ERROR,VONR,BEAM_OVERLOAD,Beam Resource Congestion
2026-07-01 20:08:00,XYZ401,UE10908,WARN,RACH,T310_EXPIRY,T310 Timer Expired
2026-07-01 21:09:00,XYZ403,UE10909,WARN,MOBILITY,HO_PREP_FAIL,HO Request Ack Missing
2026-07-01 22:10:00,XYZ401,UE10910,ERROR,VONR,BEAM_OVERLOAD,Beam Resource Congestion
2026-07-01 23:11:00,XYZ402,UE10911,WARN,RACH,T310_EXPIRY,T310 Timer Expired
2026-07-01 00:12:00,XYZ402,UE10912,ERROR,TRANSPORT,SIP_TIMEOUT,IMS SIP Timeout
2026-07-01 01:13:00,XYZ403,UE10913,WARN,RACH,T310_EXPIRY,T310 Timer Expired
2026-07-01 02:14:00,XYZ401,UE10914,WARN,RACH,T310_EXPIRY,T310 Timer Expired
2026-07-01 03:15:00,XYZ401,UE10915,ERROR,TRANSPORT,SIP_TIMEOUT,IMS SIP Timeout
2026-07-01 04:16:00,XYZ403,UE10916,ERROR,VONR,BEAM_OVERLOAD,Beam Resource Congestion
2026-07-01 05:17:00,XYZ403,UE10917,ERROR,VONR,BEAM_OVERLOAD,Beam Resource Congestion
2026-07-01 06:18:00,XYZ402,UE10918,WARN,BEAM,MSG1_FAIL,PRACH Detection Failure
2026-07-01 07:19:00,XYZ401,UE10919,WARN,RACH,T310_EXPIRY,T310 Timer Expired
2026-07-01 08:20:00,XYZ403,UE10920,ERROR,VONR,BEAM_OVERLOAD,Beam Resource Congestion
2026-07-01 09:21:00,XYZ401,UE10921,WARN,RACH,T310_EXPIRY,T310 Timer Expired
2026-07-01 10:22:00,XYZ402,UE10922,WARN,RLF,XN_TIMEOUT,Xn Preparation Timeout
2026-07-01 11:23:00,XYZ401,UE10923,WARN,RLF,XN_TIMEOUT,Xn Preparation Timeout
2026-07-01 12:24:00,XYZ401,UE10924,WARN,RACH,T310_EXPIRY,T310 Timer Expired
2026-07-01 13:25:00,XYZ402,UE10925,WARN,MOBILITY,HO_PREP_FAIL,HO Request Ack Missing
2026-07-01 14:26:00,XYZ403,UE10926,WARN,BEAM,MSG1_FAIL,PRACH Detection Failure
2026-07-01 15:27:00,XYZ402,UE10927,WARN,BEAM,MSG1_FAIL,PRACH Detection Failure
2026-07-01 16:28:00,XYZ401,UE10928,WARN,MOBILITY,HO_PREP_FAIL,HO Request Ack Missing
2026-07-01 17:29:00,XYZ401,UE10929,ERROR,VONR,BEAM_OVERLOAD,Beam Resource Congestion
2026-07-01 18:30:00,XYZ402,UE10930,WARN,RACH,T310_EXPIRY,T310 Timer Expired
2026-07-01 19:31:00,XYZ403,UE10931,WARN,RLF,XN_TIMEOUT,Xn Preparation Timeout
2026-07-01 20:32:00,XYZ401,UE10932,WARN,RACH,T310_EXPIRY,T310 Timer Expired
2026-07-01 21:33:00,XYZ401,UE10933,WARN,BEAM,MSG1_FAIL,PRACH Detection Failure
2026-07-01 22:34:00,XYZ402,UE10934,WARN,BEAM,MSG1_FAIL,PRACH Detection Failure
2026-07-01 23:35:00,XYZ402,UE10935,WARN,RACH,T310_EXPIRY,T310 Timer Expired
2026-07-01 00:36:00,XYZ402,UE10936,WARN,MOBILITY,HO_PREP_FAIL,HO Request Ack Missing
2026-07-01 01:37:00,XYZ403,UE10937,ERROR,TRANSPORT,SIP_TIMEOUT,IMS SIP Timeout
2026-07-01 02:38:00,XYZ402,UE10938,WARN,MOBILITY,HO_PREP_FAIL,HO Request Ack Missing
2026-07-01 03:39:00,XYZ401,UE10939,WARN,BEAM,MSG1_FAIL,PRACH Detection Failure
2026-07-01 04:40:00,XYZ401,UE10940,ERROR,TRANSPORT,SIP_TIMEOUT,IMS SIP Timeout
2026-07-01 05:41:00,XYZ403,UE10941,WARN,BEAM,MSG1_FAIL,PRACH Detection Failure
2026-07-01 06:42:00,XYZ402,UE10942,ERROR,TRANSPORT,SIP_TIMEOUT,IMS SIP Timeout
2026-07-01 07:43:00,XYZ401,UE10943,ERROR,VONR,BEAM_OVERLOAD,Beam Resource Congestion
2026-07-01 08:44:00,XYZ403,UE10944,WARN,RLF,XN_TIMEOUT,Xn Preparation Timeout
2026-07-01 09:45:00,XYZ401,UE10945,ERROR,VONR,BEAM_OVERLOAD,Beam Resource Congestion
2026-07-01 10:46:00,XYZ402,UE10946,ERROR,VONR,BEAM_OVERLOAD,Beam Resource Congestion
2026-07-01 11:47:00,XYZ402,UE10947,ERROR,TRANSPORT,SIP_TIMEOUT,IMS SIP Timeout
2026-07-01 12:48:00,XYZ403,UE10948,ERROR,TRANSPORT,SIP_TIMEOUT,IMS SIP Timeout
2026-07-01 13:49:00,XYZ403,UE10949,ERROR,TRANSPORT,SIP_TIMEOUT,IMS SIP Timeout
2026-07-01 14:50:00,XYZ401,UE10950,ERROR,VONR,BEAM_OVERLOAD,Beam Resource Congestion
2026-07-01 15:51:00,XYZ402,UE10951,WARN,MOBILITY,HO_PREP_FAIL,HO Request Ack Missing
2026-07-01 16:52:00,XYZ403,UE10952,WARN,MOBILITY,HO_PREP_FAIL,HO Request Ack Missing
2026-07-01 17:53:00,XYZ403,UE10953,ERROR,TRANSPORT,SIP_TIMEOUT,IMS SIP Timeout
2026-07-01 18:54:00,XYZ401,UE10954,WARN,MOBILITY,HO_PREP_FAIL,HO Request Ack Missing
2026-07-01 19:55:00,XYZ401,UE10955,WARN,BEAM,MSG1_FAIL,PRACH Detection Failure
2026-07-01 20:56:00,XYZ403,UE10956,ERROR,TRANSPORT,SIP_TIMEOUT,IMS SIP Timeout
2026-07-01 21:57:00,XYZ402,UE10957,ERROR,TRANSPORT,SIP_TIMEOUT,IMS SIP Timeout
2026-07-01 22:58:00,XYZ401,UE10958,WARN,BEAM,MSG1_FAIL,PRACH Detection Failure
2026-07-01 23:59:00,XYZ402,UE10959,WARN,RLF,XN_TIMEOUT,Xn Preparation Timeout
2026-07-01 00:00:00,XYZ401,UE10960,WARN,BEAM,MSG1_FAIL,PRACH Detection Failure
2026-07-01 01:01:00,XYZ401,UE10961,WARN,RLF,XN_TIMEOUT,Xn Preparation Timeout
2026-07-01 02:02:00,XYZ401,UE10962,WARN,MOBILITY,HO_PREP_FAIL,HO Request Ack Missing
2026-07-01 03:03:00,XYZ402,UE10963,ERROR,VONR,BEAM_OVERLOAD,Beam Resource Congestion
2026-07-01 04:04:00,XYZ401,UE10964,WARN,MOBILITY,HO_PREP_FAIL,HO Request Ack Missing
2026-07-01 05:05:00,XYZ402,UE10965,WARN,BEAM,MSG1_FAIL,PRACH Detection Failure
2026-07-01 06:06:00,XYZ403,UE10966,ERROR,TRANSPORT,SIP_TIMEOUT,IMS SIP Timeout
2026-07-01 07:07:00,XYZ402,UE10967,WARN,RLF,XN_TIMEOUT,Xn Preparation Timeout
2026-07-01 08:08:00,XYZ402,UE10968,WARN,RLF,XN_TIMEOUT,Xn Preparation Timeout
2026-07-01 09:09:00,XYZ402,UE10969,WARN,RLF,XN_TIMEOUT,Xn Preparation Timeout
2026-07-01 10:10:00,XYZ402,UE10970,WARN,RLF,XN_TIMEOUT,Xn Preparation Timeout
2026-07-01 11:11:00,XYZ401,UE10971,WARN,BEAM,MSG1_FAIL,PRACH Detection Failure
2026-07-01 12:12:00,XYZ401,UE10972,WARN,RACH,T310_EXPIRY,T310 Timer Expired
2026-07-01 13:13:00,XYZ403,UE10973,WARN,RACH,T310_EXPIRY,T310 Timer Expired
2026-07-01 14:14:00,XYZ401,UE10974,ERROR,TRANSPORT,SIP_TIMEOUT,IMS SIP Timeout
2026-07-01 15:15:00,XYZ401,UE10975,ERROR,TRANSPORT,SIP_TIMEOUT,IMS SIP Timeout
2026-07-01 16:16:00,XYZ402,UE10976,WARN,MOBILITY,HO_PREP_FAIL,HO Request Ack Missing
2026-07-01 17:17:00,XYZ402,UE10977,WARN,BEAM,MSG1_FAIL,PRACH Detection Failure
2026-07-01 18:18:00,XYZ402,UE10978,WARN,BEAM,MSG1_FAIL,PRACH Detection Failure
2026-07-01 19:19:00,XYZ402,UE10979,WARN,BEAM,MSG1_FAIL,PRACH Detection Failure
2026-07-01 20:20:00,XYZ403,UE10980,WARN,RACH,T310_EXPIRY,T310 Timer Expired
2026-07-01 21:21:00,XYZ402,UE10981,WARN,RACH,T310_EXPIRY,T310 Timer Expired
2026-07-01 22:22:00,XYZ402,UE10982,WARN,RLF,XN_TIMEOUT,Xn Preparation Timeout
2026-07-01 23:23:00,XYZ403,UE10983,WARN,RLF,XN_TIMEOUT,Xn Preparation Timeout
2026-07-01 00:24:00,XYZ403,UE10984,WARN,RACH,T310_EXPIRY,T310 Timer Expired
2026-07-01 01:25:00,XYZ402,UE10985,WARN,MOBILITY,HO_PREP_FAIL,HO Request Ack Missing
2026-07-01 02:26:00,XYZ403,UE10986,ERROR,TRANSPORT,SIP_TIMEOUT,IMS SIP Timeout
2026-07-01 03:27:00,XYZ402,UE10987,WARN,RLF,XN_TIMEOUT,Xn Preparation Timeout
2026-07-01 04:28:00,XYZ403,UE10988,WARN,BEAM,MSG1_FAIL,PRACH Detection Failure
2026-07-01 05:29:00,XYZ401,UE10989,WARN,BEAM,MSG1_FAIL,PRACH Detection Failure
2026-07-01 06:30:00,XYZ401,UE10990,WARN,MOBILITY,HO_PREP_FAIL,HO Request Ack Missing
2026-07-01 07:31:00,XYZ402,UE10991,WARN,RACH,T310_EXPIRY,T310 Timer Expired
2026-07-01 08:32:00,XYZ403,UE10992,WARN,RACH,T310_EXPIRY,T310 Timer Expired
2026-07-01 09:33:00,XYZ401,UE10993,ERROR,TRANSPORT,SIP_TIMEOUT,IMS SIP Timeout
2026-07-01 10:34:00,XYZ403,UE10994,ERROR,VONR,BEAM_OVERLOAD,Beam Resource Congestion
2026-07-01 11:35:00,XYZ403,UE10995,ERROR,VONR,BEAM_OVERLOAD,Beam Resource Congestion
2026-07-01 12:36:00,XYZ402,UE10996,WARN,RACH,T310_EXPIRY,T310 Timer Expired
2026-07-01 13:37:00,XYZ402,UE10997,ERROR,TRANSPORT,SIP_TIMEOUT,IMS SIP Timeout
2026-07-01 14:38:00,XYZ402,UE10998,WARN,RACH,T310_EXPIRY,T310 Timer Expired
2026-07-01 15:39:00,XYZ401,UE10999,ERROR,VONR,BEAM_OVERLOAD,Beam Resource Congestion
